{"content":[{"id":"1f5469cb","settings":{"flex_direction":"row","background_background":"classic","padding":{"unit":"%","top":"15","right":"10","bottom":"1","left":"10","isLinked":false},"padding_tablet":{"unit":"%","top":"","right":"","bottom":"","left":"","isLinked":true},"padding_mobile":{"unit":"%","top":"","right":"","bottom":"","left":"","isLinked":true},"min_height":{"unit":"vh","size":"","sizes":[]},"min_height_tablet":{"unit":"vh","size":"","sizes":[]},"min_height_mobile":{"unit":"vh","size":"","sizes":[]},"flex_justify_content":"center","flex_align_items":"center","boxed_width":{"unit":"px","size":1440,"sizes":[]},"flex_gap":{"column":"","row":"","isLinked":true,"unit":"px","size":null},"flex_wrap":"wrap","background_image":{"id":36,"url":"https:\/\/limitless.dev.ananass.fr\/wp-content\/uploads\/2025\/08\/logo-limitless-white-18-1-6.png"},"background_position":"center center","background_repeat":"no-repeat","background_size":"auto","background_overlay_background":"gradient","background_overlay_color_stop":{"unit":"%","size":48,"sizes":[]},"background_overlay_color_b_stop":{"unit":"%","size":27,"sizes":[]},"background_overlay_opacity":{"unit":"px","size":1,"sizes":[]},"shape_divider_bottom_color":"#FFFFFF","shape_divider_bottom_height":{"unit":"px","size":57,"sizes":[]},"shape_divider_bottom_above_content":"yes","margin":{"unit":"%","top":"0","right":"0","bottom":"0","left":"0","isLinked":false},"margin_tablet":{"unit":"%","top":"","right":"","bottom":"","left":"","isLinked":true},"margin_mobile":{"unit":"%","top":"","right":"","bottom":"","left":"","isLinked":true},"__globals__":{"shape_divider_bottom_color":"","background_color":"globals\/colors?id=primary","background_overlay_color_b":"globals\/colors?id=dc89b6f","background_overlay_color":"globals\/colors?id=primary"}},"elements":[{"id":"d1bc94b","settings":{"title":"LIMITLESS","header_size":"span","typography_typography":"custom","typography_font_family":"Raleway","typography_font_size":{"unit":"em","size":8,"sizes":[]},"typography_font_size_tablet":{"unit":"em","size":"","sizes":[]},"typography_font_size_mobile":{"unit":"em","size":"","sizes":[]},"typography_font_weight":"800","text_shadow_text_shadow_type":"yes","align":"center","typography_text_transform":"none","text_shadow_text_shadow":{"horizontal":0,"vertical":0,"blur":34,"color":"#4D5BFF"},"_padding":{"unit":"%","top":"0","right":"0","bottom":"5","left":"0","isLinked":false},"_padding_tablet":{"unit":"%","top":"","right":"","bottom":"","left":"","isLinked":true},"_padding_mobile":{"unit":"%","top":"","right":"","bottom":"","left":"","isLinked":true},"_element_width":"inherit","_flex_align_self":"center","__globals__":{"title_color":"globals\/colors?id=text","text_stroke_stroke_color":""}},"elements":[],"isInner":false,"widgetType":"heading","elType":"widget"},{"id":"3837a900","settings":{"text":"Live demo","typography_typography":"custom","typography_font_family":"Roboto","typography_font_weight":"600","typography_text_transform":"uppercase","_element_custom_width":{"unit":"%","size":20,"sizes":[]},"__globals__":{"button_text_color":"globals\/colors?id=text","background_color":"globals\/colors?id=secondary","button_background_hover_color":"globals\/colors?id=accent","hover_color":""},"button_text_color":"#312e81","background_color":"#c084fc","button_background_hover_color":"#ec4899"},"elements":[],"isInner":false,"widgetType":"button","elType":"widget"},{"id":"4ffcef","settings":{"text":"Get now","__globals__":{"background_color":"globals\/colors?id=text","button_text_color":"globals\/colors?id=secondary","button_background_hover_color":"globals\/colors?id=accent"},"_element_id":"e-global-color-primary","__dynamic__":[]},"elements":[],"isInner":false,"widgetType":"button","elType":"widget"},{"id":"72d38f67","settings":{"content_width":"full","padding":{"unit":"px","top":"0","right":"0","bottom":"0","left":"0","isLinked":true}},"elements":[{"id":"61a75d97","settings":{"content_width":"full","min_height":{"unit":"vh","size":72,"sizes":[]},"min_height_tablet":{"unit":"vh","size":"","sizes":[]},"min_height_mobile":{"unit":"vh","size":"","sizes":[]},"flex_direction":"row","flex_justify_content":"space-between","background_background":"classic","background_image":{"id":9,"url":"https:\/\/limitless.dev.ananass.fr\/wp-content\/uploads\/2025\/08\/logo-limitless-400x199-1-17-1-6.png"},"background_position":"center center","background_repeat":"no-repeat","background_size":"auto","border_radius":{"unit":"px","top":"15","right":"15","bottom":"15","left":"15","isLinked":true},"box_shadow_box_shadow_type":"yes","margin":{"unit":"%","top":"5","right":"0","bottom":"0","left":"0","isLinked":false},"margin_tablet":{"unit":"%","top":"","right":"","bottom":"","left":"","isLinked":true},"margin_mobile":{"unit":"%","top":"","right":"","bottom":"","left":"","isLinked":true},"padding":{"unit":"%","top":"3","right":"3","bottom":"3","left":"3","isLinked":true},"padding_tablet":{"unit":"%","top":"","right":"","bottom":"","left":"","isLinked":true},"padding_mobile":{"unit":"%","top":"","right":"","bottom":"","left":"","isLinked":true},"_title":"Desk","__globals__":{"background_color":"globals\/colors?id=secondary"},"box_shadow_box_shadow":{"horizontal":0,"vertical":0,"blur":1,"spread":0,"color":"rgba(0,0,0,0.5)"}},"elements":[{"id":"1c87076a","settings":{"image":{"id":34,"url":"https:\/\/limitless.dev.ananass.fr\/wp-content\/uploads\/2025\/08\/cropped-LIMITLESS-17-1-6.webp"},"image_size":"full","width":{"unit":"%","size":100,"sizes":[]},"_element_width":"initial","_element_custom_width":{"unit":"%","size":6,"sizes":[]},"_flex_align_self":"flex-start"},"elements":[],"isInner":false,"widgetType":"image","elType":"widget"},{"id":"326d53d","settings":{"selected_icon":{"value":"fas fa-bars","library":"fa-solid"},"view":"stacked","shape":"rounded","size":{"unit":"px","size":22,"sizes":[]},"_flex_align_self":"flex-start","__globals__":{"primary_color":"globals\/colors?id=primary"}},"elements":[],"isInner":false,"widgetType":"icon","elType":"widget"}],"isInner":true,"elType":"container"},{"id":"42ff9e7f","settings":{"content_width":"full","width":{"unit":"%","size":19,"sizes":[]},"min_height":{"unit":"vh","size":49,"sizes":[]},"min_height_tablet":{"unit":"vh","size":"","sizes":[]},"min_height_mobile":{"unit":"vh","size":"","sizes":[]},"flex_direction":"row","flex_justify_content":"space-between","background_background":"classic","background_image":{"id":36,"url":"https:\/\/limitless.dev.ananass.fr\/wp-content\/uploads\/2025\/08\/logo-limitless-white-18-1-6.png"},"background_position":"center center","background_repeat":"no-repeat","background_size":"initial","background_bg_width":{"unit":"%","size":48,"sizes":[]},"border_radius":{"unit":"px","top":"15","right":"15","bottom":"15","left":"15","isLinked":true},"box_shadow_box_shadow_type":"yes","margin":{"unit":"%","top":"5","right":"0","bottom":"0","left":"0","isLinked":false},"margin_tablet":{"unit":"%","top":"","right":"","bottom":"","left":"","isLinked":true},"margin_mobile":{"unit":"%","top":"","right":"","bottom":"","left":"","isLinked":true},"padding":{"unit":"%","top":"1","right":"1","bottom":"1","left":"1","isLinked":true},"padding_tablet":{"unit":"%","top":"","right":"","bottom":"","left":"","isLinked":true},"padding_mobile":{"unit":"%","top":"","right":"","bottom":"","left":"","isLinked":true},"position":"absolute","_offset_orientation_h":"end","_offset_x_end":{"unit":"%","size":-5,"sizes":[]},"_offset_x_end_tablet":{"unit":"%","size":"","sizes":[]},"_offset_x_end_mobile":{"unit":"%","size":"","sizes":[]},"_offset_orientation_v":"end","_offset_y_end":{"unit":"%","size":5,"sizes":[]},"_offset_y_end_tablet":{"unit":"%","size":"","sizes":[]},"_offset_y_end_mobile":{"unit":"%","size":"","sizes":[]},"_title":"Mob","__globals__":{"background_color":"globals\/colors?id=primary"},"box_shadow_box_shadow":{"horizontal":0,"vertical":0,"blur":1,"spread":0,"color":"rgba(0,0,0,0.5)"}},"elements":[{"id":"610ce34b","settings":{"image":{"id":35,"url":"https:\/\/limitless.dev.ananass.fr\/wp-content\/uploads\/2025\/08\/LIMITLESS-4-purple-white-17-1-6.png"},"image_size":"full","width":{"unit":"%","size":100,"sizes":[]},"_element_width":"initial","_element_custom_width":{"unit":"%","size":20,"sizes":[]},"_flex_align_self":"flex-start"},"elements":[],"isInner":false,"widgetType":"image","elType":"widget"}],"isInner":true,"elType":"container"},{"id":"6b1459fe","settings":{"content_width":"full","width":{"unit":"%","size":38,"sizes":[]},"min_height":{"unit":"vh","size":36,"sizes":[]},"min_height_tablet":{"unit":"vh","size":"","sizes":[]},"min_height_mobile":{"unit":"vh","size":"","sizes":[]},"flex_direction":"row","flex_justify_content":"space-between","background_background":"classic","background_image":{"id":36,"url":"https:\/\/limitless.dev.ananass.fr\/wp-content\/uploads\/2025\/08\/logo-limitless-white-18-1-6.png"},"background_position":"center center","background_repeat":"no-repeat","background_size":"initial","background_bg_width":{"unit":"%","size":48,"sizes":[]},"border_radius":{"unit":"px","top":"15","right":"15","bottom":"15","left":"15","isLinked":true},"box_shadow_box_shadow_type":"yes","margin":{"unit":"%","top":"5","right":"0","bottom":"0","left":"0","isLinked":false},"margin_tablet":{"unit":"%","top":"","right":"","bottom":"","left":"","isLinked":true},"margin_mobile":{"unit":"%","top":"","right":"","bottom":"","left":"","isLinked":true},"padding":{"unit":"%","top":"1","right":"1","bottom":"1","left":"1","isLinked":true},"padding_tablet":{"unit":"%","top":"","right":"","bottom":"","left":"","isLinked":true},"padding_mobile":{"unit":"%","top":"","right":"","bottom":"","left":"","isLinked":true},"position":"absolute","_offset_x":{"unit":"%","size":-5,"sizes":[]},"_offset_x_tablet":{"unit":"%","size":"","sizes":[]},"_offset_x_mobile":{"unit":"%","size":"","sizes":[]},"_offset_x_end":{"unit":"%","size":5,"sizes":[]},"_offset_x_end_tablet":{"unit":"%","size":"","sizes":[]},"_offset_x_end_mobile":{"unit":"%","size":"","sizes":[]},"_offset_orientation_v":"end","_offset_y_end":{"unit":"%","size":10,"sizes":[]},"_offset_y_end_tablet":{"unit":"%","size":"","sizes":[]},"_offset_y_end_mobile":{"unit":"%","size":"","sizes":[]},"_title":"Tab","__globals__":{"background_color":"globals\/colors?id=primary"},"box_shadow_box_shadow":{"horizontal":0,"vertical":0,"blur":1,"spread":0,"color":"rgba(0,0,0,0.5)"}},"elements":[{"id":"28bd1583","settings":{"image":{"id":37,"url":"https:\/\/limitless.dev.ananass.fr\/wp-content\/uploads\/2025\/08\/cropped-LIMITLESS-4-bleu-white-17-1-6.png"},"image_size":"full","width":{"unit":"%","size":100,"sizes":[]},"_element_width":"initial","_element_custom_width":{"unit":"%","size":11,"sizes":[]},"_flex_align_self":"flex-start"},"elements":[],"isInner":false,"widgetType":"image","elType":"widget"}],"isInner":true,"elType":"container"}],"isInner":true,"elType":"container"},{"id":"58c42e4","settings":{"content_width":"full","boxed_width":{"unit":"px","size":1280,"sizes":[]},"min_height":{"unit":"vh","size":"","sizes":[]},"min_height_tablet":{"unit":"vh","size":"","sizes":[]},"min_height_mobile":{"unit":"vh","size":"","sizes":[]},"flex_direction":"row","flex_justify_content":"center","flex_align_items":"center","flex_wrap":"wrap","background_color":"#0C0088","background_image":{"url":"","id":"","size":"","alt":"","source":"library"},"background_position":"center center","background_repeat":"no-repeat","background_size":"auto","border_border":"none","margin":{"unit":"%","top":"0","right":"0","bottom":"0","left":"0","isLinked":false},"margin_tablet":{"unit":"%","top":"","right":"","bottom":"","left":"","isLinked":true},"margin_mobile":{"unit":"%","top":"","right":"","bottom":"","left":"","isLinked":true},"padding":{"unit":"%","top":"5","right":"5","bottom":"5","left":"5","isLinked":true},"padding_tablet":{"unit":"%","top":"","right":"","bottom":"","left":"","isLinked":true},"padding_mobile":{"unit":"%","top":"","right":"","bottom":"","left":"","isLinked":true},"motion_fx_tilt_speed":{"unit":"px","size":0.2,"sizes":[]}},"elements":[{"id":"12b1b076","settings":{"title":"Get to work quickly<\/br> wherever you are","header_size":"span","typography_typography":"custom","typography_font_family":"Noto Sans Display","typography_font_size":{"unit":"em","size":4,"sizes":[]},"typography_font_size_tablet":{"unit":"em","size":"","sizes":[]},"typography_font_size_mobile":{"unit":"em","size":"","sizes":[]},"typography_font_weight":"600","align":"center","typography_text_transform":"uppercase","text_shadow_text_shadow":{"horizontal":0,"vertical":0,"blur":34,"color":"#834DFF"},"_padding":{"unit":"%","top":"2","right":"2","bottom":"2","left":"2","isLinked":true},"_padding_tablet":{"unit":"%","top":"","right":"","bottom":"","left":"","isLinked":true},"_padding_mobile":{"unit":"%","top":"","right":"","bottom":"","left":"","isLinked":true},"_element_width":"inherit","_flex_align_self":"center","__globals__":{"title_color":"globals\/colors?id=primary"}},"elements":[],"isInner":false,"widgetType":"heading","elType":"widget"},{"id":"1b784d26","settings":{"editor":"<p>Lorem Ipsum is simply dummy text of the printing and typesetting industry. Lorem Ipsum has been the industry's standard dummy text ever since the 1500s, when an unknown printer took a galley of type and scrambled it to make a type specimen book. It has survived not only five centuries, but also the leap into electronic typesetting, remaining essentially unchanged. It was popularised in the 1960s with the release of Letraset sheets containing Lorem Ipsum passages, and more recently with desktop publishing software like Aldus PageMaker including versions of Lorem Ipsum.<\/p>","align":"center","_element_width":"inherit"},"elements":[],"isInner":false,"widgetType":"text-editor","elType":"widget"},{"id":"4632e0f2","settings":{"editor":"<p>It is a long established fact that a reader will be distracted by the readable content of a page when looking at its layout.<\/p>","align":"center","_element_width":"inherit"},"elements":[],"isInner":false,"widgetType":"text-editor","elType":"widget"},{"id":"fa19064","settings":{"text":"Get now","typography_typography":"custom","typography_font_family":"Roboto","typography_font_weight":"600","typography_text_transform":"uppercase","border_radius":{"unit":"px","top":"8","right":"8","bottom":"8","left":"8","isLinked":true},"text_padding":{"unit":"px","top":"20","right":"35","bottom":"20","left":"35","isLinked":false},"_element_custom_width":{"unit":"%","size":20,"sizes":[]},"__globals__":{"background_color":"globals\/colors?id=secondary","button_text_color":"globals\/colors?id=text","button_background_hover_color":"globals\/colors?id=accent"}},"elements":[],"isInner":false,"widgetType":"button","elType":"widget"}],"isInner":true,"elType":"container"}],"isInner":false,"elType":"container"},{"id":"58c96245","settings":{"flex_direction":"column","boxed_width":{"unit":"px","size":1440,"sizes":[]},"background_background":"classic","background_color":"#FFFFFF","background_overlay_background":"classic","background_overlay_color":"#FFFFFF","background_overlay_color_b":"#5C4CFC","background_overlay_color_b_stop":{"unit":"%","size":95,"sizes":[]},"background_overlay_gradient_type":"radial","background_overlay_opacity":{"unit":"px","size":1,"sizes":[]},"padding":{"unit":"%","top":"5","right":"5","bottom":"5","left":"5","isLinked":true},"padding_tablet":{"unit":"%","top":"","right":"","bottom":"","left":"","isLinked":true},"padding_mobile":{"unit":"%","top":"","right":"","bottom":"","left":"","isLinked":true},"flex_align_items":"center"},"elements":[{"id":"2347b33d","settings":{"flex_direction":"row","content_width":"full","min_height":{"unit":"vh","size":92,"sizes":[]},"min_height_tablet":{"unit":"vh","size":"","sizes":[]},"min_height_mobile":{"unit":"vh","size":"","sizes":[]},"flex_justify_content":"space-between","background_background":"classic","background_color":"#0C0088","background_image":{"id":38,"url":"https:\/\/limitless.dev.ananass.fr\/wp-content\/uploads\/2025\/08\/hero-home1-17-1-6.webp"},"background_position":"top center","background_repeat":"no-repeat","background_size":"cover","border_radius":{"unit":"px","top":"20","right":"20","bottom":"20","left":"20","isLinked":true},"box_shadow_box_shadow_type":"yes","margin":{"unit":"%","top":"5","right":"0","bottom":"0","left":"0","isLinked":false},"margin_tablet":{"unit":"%","top":"","right":"","bottom":"","left":"","isLinked":true},"margin_mobile":{"unit":"%","top":"","right":"","bottom":"","left":"","isLinked":true},"padding":{"unit":"%","top":"3","right":"3","bottom":"3","left":"3","isLinked":true},"padding_tablet":{"unit":"%","top":"","right":"","bottom":"","left":"","isLinked":true},"padding_mobile":{"unit":"%","top":"","right":"","bottom":"","left":"","isLinked":true},"width":{"unit":"%","size":100,"sizes":[]}},"elements":[{"id":"755d4ceb","settings":{"image":{"id":34,"url":"https:\/\/limitless.dev.ananass.fr\/wp-content\/uploads\/2025\/08\/cropped-LIMITLESS-17-1-6.webp"},"image_size":"full","width":{"unit":"%","size":100,"sizes":[]},"_element_width":"initial","_element_custom_width":{"unit":"%","size":6,"sizes":[]},"_flex_align_self":"flex-start"},"elements":[],"isInner":false,"widgetType":"image","elType":"widget"},{"id":"3dfdb134","settings":{"selected_icon":{"value":"fas fa-bars","library":"fa-solid"},"view":"stacked","shape":"rounded","primary_color":"#8744DA","size":{"unit":"px","size":22,"sizes":[]},"_flex_align_self":"flex-start"},"elements":[],"isInner":false,"widgetType":"icon","elType":"widget"},{"id":"2b2a37c5","settings":{"selected_icon":{"value":"fab fa-wordpress-simple","library":"fa-brands"},"view":"stacked","shape":"rounded","primary_color":"#8744DA","size":{"unit":"px","size":59,"sizes":[]},"_flex_align_self":"flex-start","align":"","_element_width":"initial","_element_custom_width":{"unit":"%","size":9,"sizes":[]},"_position":"absolute","_offset_orientation_h":"end","_offset_x_end":{"unit":"%","size":-3,"sizes":[]},"_offset_x_end_tablet":{"unit":"%","size":"","sizes":[]},"_offset_x_end_mobile":{"unit":"%","size":"","sizes":[]},"_offset_y":{"unit":"%","size":30,"sizes":[]},"_offset_y_tablet":{"unit":"%","size":"","sizes":[]},"_offset_y_mobile":{"unit":"%","size":"","sizes":[]},"_transform_rotate_popover":"transform","_transform_rotateZ_effect":{"unit":"px","size":-30,"sizes":[]}},"elements":[],"isInner":false,"widgetType":"icon","elType":"widget"},{"id":"385275b5","settings":{"selected_icon":{"value":"fab fa-wordpress-simple","library":"fa-brands"},"view":"stacked","shape":"rounded","primary_color":"#2872f7","size":{"unit":"px","size":59,"sizes":[]},"_flex_align_self":"flex-start","align":"","_element_width":"initial","_element_custom_width":{"unit":"%","size":9,"sizes":[]},"_position":"absolute","_offset_x":{"unit":"%","size":-6,"sizes":[]},"_offset_x_tablet":{"unit":"%","size":"","sizes":[]},"_offset_x_mobile":{"unit":"%","size":"","sizes":[]},"_offset_x_end":{"unit":"%","size":-3,"sizes":[]},"_offset_x_end_tablet":{"unit":"%","size":"","sizes":[]},"_offset_x_end_mobile":{"unit":"%","size":"","sizes":[]},"_offset_orientation_v":"end","_offset_y":{"unit":"%","size":30,"sizes":[]},"_offset_y_tablet":{"unit":"%","size":"","sizes":[]},"_offset_y_mobile":{"unit":"%","size":"","sizes":[]},"_offset_y_end":{"unit":"%","size":10,"sizes":[]},"_offset_y_end_tablet":{"unit":"%","size":"","sizes":[]},"_offset_y_end_mobile":{"unit":"%","size":"","sizes":[]},"_transform_rotate_popover":"transform","_transform_rotateZ_effect":{"unit":"px","size":-30,"sizes":[]}},"elements":[],"isInner":false,"widgetType":"icon","elType":"widget"},{"id":"73a7b7c7","settings":{"image":{"id":35,"url":"https:\/\/limitless.dev.ananass.fr\/wp-content\/uploads\/2025\/08\/LIMITLESS-4-purple-white-17-1-6.png"},"image_size":"full","width":{"unit":"%","size":100,"sizes":[]},"_element_width":"initial","_element_custom_width":{"unit":"%","size":10,"sizes":[]},"_flex_align_self":"flex-start","_position":"absolute","_offset_x":{"size":-5,"unit":"%"},"_offset_x_tablet":{"unit":"%","size":"","sizes":[]},"_offset_x_mobile":{"unit":"%","size":"","sizes":[]},"_offset_x_end":{"unit":"%","size":10,"sizes":[]},"_offset_x_end_tablet":{"unit":"%","size":"","sizes":[]},"_offset_x_end_mobile":{"unit":"%","size":"","sizes":[]},"_offset_y":{"size":39,"unit":"%"},"_offset_y_tablet":{"unit":"%","size":"","sizes":[]},"_offset_y_mobile":{"unit":"%","size":"","sizes":[]},"_transform_rotate_popover":"transform","_transform_rotateZ_effect":{"unit":"px","size":20,"sizes":[]}},"elements":[],"isInner":false,"widgetType":"image","elType":"widget"}],"isInner":true,"elType":"container"},{"id":"5cc1615c","settings":{"boxed_width":{"unit":"px","size":1280,"sizes":[]},"min_height":{"unit":"vh","size":72,"sizes":[]},"min_height_tablet":{"unit":"vh","size":"","sizes":[]},"min_height_mobile":{"unit":"vh","size":"","sizes":[]},"flex_direction":"row","flex_justify_content":"center","flex_align_items":"center","flex_wrap":"wrap","background_color":"#0C0088","background_image":{"url":"","id":"","size":"","alt":"","source":"library"},"background_position":"center center","background_repeat":"no-repeat","background_size":"auto","border_border":"none","margin":{"unit":"%","top":"0","right":"0","bottom":"0","left":"0","isLinked":false},"margin_tablet":{"unit":"%","top":"","right":"","bottom":"","left":"","isLinked":true},"margin_mobile":{"unit":"%","top":"","right":"","bottom":"","left":"","isLinked":true},"padding":{"unit":"%","top":"10","right":"10","bottom":"10","left":"10","isLinked":true},"padding_tablet":{"unit":"%","top":"","right":"","bottom":"","left":"","isLinked":true},"padding_mobile":{"unit":"%","top":"","right":"","bottom":"","left":"","isLinked":true},"motion_fx_tilt_speed":{"unit":"px","size":0.2,"sizes":[]}},"elements":[{"id":"26ffdc7a","settings":{"title":"Get to work quickly<\/br> wherever you are","header_size":"span","typography_typography":"custom","typography_font_family":"Noto Sans Display","typography_font_size":{"unit":"em","size":4,"sizes":[]},"typography_font_size_tablet":{"unit":"em","size":"","sizes":[]},"typography_font_size_mobile":{"unit":"em","size":"","sizes":[]},"typography_font_weight":"600","align":"center","typography_text_transform":"uppercase","text_shadow_text_shadow":{"horizontal":0,"vertical":0,"blur":34,"color":"#834DFF"},"_padding":{"unit":"%","top":"2","right":"2","bottom":"2","left":"2","isLinked":true},"_padding_tablet":{"unit":"%","top":"","right":"","bottom":"","left":"","isLinked":true},"_padding_mobile":{"unit":"%","top":"","right":"","bottom":"","left":"","isLinked":true},"_element_width":"inherit","_flex_align_self":"center","__globals__":{"title_color":"globals\/colors?id=primary"}},"elements":[],"isInner":false,"widgetType":"heading","elType":"widget"},{"id":"6d468f01","settings":{"editor":"Lorem Ipsum is simply dummy text of the printing and typesetting industry. Lorem Ipsum has been the industry's standard dummy text ever since the 1500s, when an unknown printer took a galley of type and scrambled it to make a type specimen book. It has survived not only five centuries, but also the leap into electronic typesetting, remaining essentially unchanged.","align":"center","_element_width":"inherit","__globals__":{"text_color":"globals\/colors?id=text"}},"elements":[],"isInner":false,"widgetType":"text-editor","elType":"widget"},{"id":"4090a238","settings":{"editor":"<p>It is a long established fact that a reader will be distracted by the readable content of a page when looking at its layout.<\/p>","align":"center","_element_width":"inherit"},"elements":[],"isInner":false,"widgetType":"text-editor","elType":"widget"},{"id":"1d06ed0b","settings":{"text":"Get now","typography_typography":"custom","typography_font_family":"Roboto","typography_font_weight":"600","typography_text_transform":"uppercase","border_radius":{"unit":"px","top":"8","right":"8","bottom":"8","left":"8","isLinked":true},"text_padding":{"unit":"px","top":"20","right":"35","bottom":"20","left":"35","isLinked":false},"_element_custom_width":{"unit":"%","size":20,"sizes":[]},"__globals__":{"background_color":"globals\/colors?id=secondary","button_text_color":"globals\/colors?id=text","button_background_hover_color":"globals\/colors?id=accent"}},"elements":[],"isInner":false,"widgetType":"button","elType":"widget"}],"isInner":true,"elType":"container"},{"id":"7edb4ba5","settings":{"image":{"id":35,"url":"https:\/\/limitless.dev.ananass.fr\/wp-content\/uploads\/2025\/08\/LIMITLESS-4-purple-white-17-1-6.png"},"image_size":"full","width":{"unit":"%","size":100,"sizes":[]},"_element_width":"initial","_element_custom_width":{"unit":"%","size":9,"sizes":[]},"_flex_align_self":"flex-start","_position":"absolute","_offset_orientation_h":"end","_offset_x_end":{"unit":"%","size":-3,"sizes":[]},"_offset_x_end_tablet":{"unit":"%","size":"","sizes":[]},"_offset_x_end_mobile":{"unit":"%","size":"","sizes":[]},"_offset_y":{"unit":"%","size":35,"sizes":[]},"_offset_y_tablet":{"unit":"%","size":"","sizes":[]},"_offset_y_mobile":{"unit":"%","size":"","sizes":[]},"_transform_rotate_popover":"transform","_transform_rotateZ_effect":{"unit":"px","size":-30,"sizes":[]}},"elements":[],"isInner":false,"widgetType":"image","elType":"widget"}],"isInner":false,"elType":"container"},{"id":"410ed1b9","settings":{"flex_direction":"row","boxed_width":{"unit":"px","size":1440,"sizes":[]},"background_background":"classic","background_color":"#FFFFFF","background_overlay_background":"gradient","background_overlay_color_b":"#FFFFFF","background_overlay_color_b_stop":{"unit":"%","size":54,"sizes":[]},"background_overlay_gradient_type":"radial","background_overlay_gradient_position":"bottom right","background_overlay_opacity":{"unit":"px","size":0.8,"sizes":[]},"padding":{"unit":"%","top":"5","right":"5","bottom":"5","left":"5","isLinked":true},"padding_tablet":{"unit":"%","top":"","right":"","bottom":"","left":"","isLinked":true},"padding_mobile":{"unit":"%","top":"","right":"","bottom":"","left":"","isLinked":true},"__globals__":{"background_overlay_color":"globals\/colors?id=primary"}},"elements":[{"id":"6cf729c6","settings":{"content_width":"full","min_height":{"unit":"vh","size":72,"sizes":[]},"min_height_tablet":{"unit":"vh","size":"","sizes":[]},"min_height_mobile":{"unit":"vh","size":"","sizes":[]},"flex_direction":"column","flex_justify_content":"flex-end","background_background":"classic","background_image":{"id":9,"url":"https:\/\/limitless.dev.ananass.fr\/wp-content\/uploads\/2025\/08\/logo-limitless-400x199-1-17-1-6.png"},"background_position":"center center","background_repeat":"no-repeat","background_size":"auto","border_radius":{"unit":"px","top":"20","right":"20","bottom":"20","left":"20","isLinked":true},"box_shadow_box_shadow_type":"yes","margin":{"unit":"%","top":"5","right":"0","bottom":"0","left":"0","isLinked":false},"margin_tablet":{"unit":"%","top":"","right":"","bottom":"","left":"","isLinked":true},"margin_mobile":{"unit":"%","top":"","right":"","bottom":"","left":"","isLinked":true},"padding":{"unit":"%","top":"3","right":"3","bottom":"3","left":"3","isLinked":true},"padding_tablet":{"unit":"%","top":"","right":"","bottom":"","left":"","isLinked":true},"padding_mobile":{"unit":"%","top":"","right":"","bottom":"","left":"","isLinked":true},"motion_fx_motion_fx_mouse":"yes","motion_fx_tilt_effect":"yes","motion_fx_tilt_speed":{"unit":"px","size":0.2,"sizes":[]},"flex_align_items":"center","__globals__":{"background_color":"globals\/colors?id=secondary"}},"elements":[],"isInner":true,"elType":"container"}],"isInner":false,"elType":"container"},{"id":"1529d52","settings":{"flex_direction":"row","container_type":"grid","boxed_width":{"unit":"px","size":1440,"sizes":[]},"min_height":{"unit":"vh","size":72,"sizes":[]},"min_height_tablet":{"unit":"vh","size":"","sizes":[]},"min_height_mobile":{"unit":"vh","size":"","sizes":[]},"grid_columns_grid":{"unit":"fr","size":4,"sizes":[]},"grid_rows_grid":{"unit":"fr","size":1,"sizes":[]},"background_background":"classic","background_color":"#FFFFFF","background_overlay_background":"gradient","background_overlay_color_b":"#FFFFFF","background_overlay_color_b_stop":{"unit":"%","size":54,"sizes":[]},"background_overlay_gradient_type":"radial","background_overlay_gradient_position":"top right","background_overlay_opacity":{"unit":"px","size":0.8,"sizes":[]},"padding":{"unit":"%","top":"5","right":"5","bottom":"5","left":"5","isLinked":true},"padding_tablet":{"unit":"%","top":"","right":"","bottom":"","left":"","isLinked":true},"padding_mobile":{"unit":"%","top":"","right":"","bottom":"","left":"","isLinked":true},"presetTitle":"Grid","presetIcon":"eicon-container-grid","__globals__":{"background_overlay_color":"globals\/colors?id=primary"}},"elements":[{"id":"7ca33476","settings":{"content_width":"full","min_height":{"unit":"vh","size":40,"sizes":[]},"min_height_tablet":{"unit":"vh","size":"","sizes":[]},"min_height_mobile":{"unit":"vh","size":"","sizes":[]},"background_background":"classic","border_border":"solid","border_width":{"unit":"px","top":"2","right":"2","bottom":"2","left":"2","isLinked":true},"border_color":"#FFFFFF","border_radius":{"unit":"px","top":"20","right":"20","bottom":"20","left":"20","isLinked":true},"box_shadow_box_shadow_type":"yes","box_shadow_box_shadow":{"horizontal":0,"vertical":15,"blur":32,"spread":0,"color":"rgba(0, 0, 0, 0.1)"},"padding":{"unit":"%","top":"5","right":"5","bottom":"5","left":"5","isLinked":true},"padding_tablet":{"unit":"%","top":"","right":"","bottom":"","left":"","isLinked":true},"padding_mobile":{"unit":"%","top":"","right":"","bottom":"","left":"","isLinked":true},"__globals__":{"background_color":"globals\/colors?id=light"}},"elements":[{"id":"213732d7","settings":{"title":"Elementor page builder","header_size":"span","typography_typography":"custom","typography_font_family":"Noto Sans Display","typography_font_size":{"unit":"em","size":1.6,"sizes":[]},"typography_font_size_tablet":{"unit":"em","size":"","sizes":[]},"typography_font_size_mobile":{"unit":"em","size":"","sizes":[]},"typography_font_weight":"800","title_color":"#0C0088","align":"center","text_shadow_text_shadow":{"horizontal":0,"vertical":0,"blur":34,"color":"#834DFF"},"_padding":{"unit":"%","top":"2","right":"2","bottom":"2","left":"2","isLinked":true},"_padding_tablet":{"unit":"%","top":"","right":"","bottom":"","left":"","isLinked":true},"_padding_mobile":{"unit":"%","top":"","right":"","bottom":"","left":"","isLinked":true},"_flex_align_self":"center","_element_width":"inherit"},"elements":[],"isInner":false,"widgetType":"heading","elType":"widget"},{"id":"7a825ae2","settings":{"title":"gutenberg\n","header_size":"span","typography_typography":"custom","typography_font_family":"Noto Sans Display","typography_font_size":{"unit":"em","size":1.6,"sizes":[]},"typography_font_size_tablet":{"unit":"em","size":"","sizes":[]},"typography_font_size_mobile":{"unit":"em","size":"","sizes":[]},"typography_font_weight":"800","title_color":"#0C0088","align":"center","text_shadow_text_shadow":{"horizontal":0,"vertical":0,"blur":34,"color":"#834DFF"},"_padding":{"unit":"%","top":"2","right":"2","bottom":"2","left":"2","isLinked":true},"_padding_tablet":{"unit":"%","top":"","right":"","bottom":"","left":"","isLinked":true},"_padding_mobile":{"unit":"%","top":"","right":"","bottom":"","left":"","isLinked":true},"_flex_align_self":"center","_element_width":"inherit"},"elements":[],"isInner":false,"widgetType":"heading","elType":"widget"}],"isInner":true,"elType":"container"},{"id":"5920a46a","settings":{"content_width":"full","min_height":{"unit":"vh","size":40,"sizes":[]},"min_height_tablet":{"unit":"vh","size":"","sizes":[]},"min_height_mobile":{"unit":"vh","size":"","sizes":[]},"background_background":"classic","border_border":"solid","border_width":{"unit":"px","top":"2","right":"2","bottom":"2","left":"2","isLinked":true},"border_color":"#FFFFFF","border_radius":{"unit":"px","top":"20","right":"20","bottom":"20","left":"20","isLinked":true},"box_shadow_box_shadow_type":"yes","box_shadow_box_shadow":{"horizontal":0,"vertical":15,"blur":32,"spread":0,"color":"rgba(0, 0, 0, 0.1)"},"padding":{"unit":"%","top":"5","right":"5","bottom":"5","left":"5","isLinked":true},"padding_tablet":{"unit":"%","top":"","right":"","bottom":"","left":"","isLinked":true},"padding_mobile":{"unit":"%","top":"","right":"","bottom":"","left":"","isLinked":true},"__globals__":{"background_color":"globals\/colors?id=light"}},"elements":[{"id":"854fbc0","settings":{"title":"Powerful theme options","header_size":"span","typography_typography":"custom","typography_font_family":"Noto Sans Display","typography_font_size":{"unit":"em","size":1.6,"sizes":[]},"typography_font_size_tablet":{"unit":"em","size":"","sizes":[]},"typography_font_size_mobile":{"unit":"em","size":"","sizes":[]},"typography_font_weight":"800","title_color":"#0C0088","align":"center","text_shadow_text_shadow":{"horizontal":0,"vertical":0,"blur":34,"color":"#834DFF"},"_padding":{"unit":"%","top":"2","right":"2","bottom":"2","left":"2","isLinked":true},"_padding_tablet":{"unit":"%","top":"","right":"","bottom":"","left":"","isLinked":true},"_padding_mobile":{"unit":"%","top":"","right":"","bottom":"","left":"","isLinked":true},"_flex_align_self":"center","_element_width":"inherit"},"elements":[],"isInner":false,"widgetType":"heading","elType":"widget"}],"isInner":true,"elType":"container"},{"id":"10e1e18","settings":{"content_width":"full","min_height":{"unit":"vh","size":40,"sizes":[]},"min_height_tablet":{"unit":"vh","size":"","sizes":[]},"min_height_mobile":{"unit":"vh","size":"","sizes":[]},"background_background":"classic","border_border":"solid","border_width":{"unit":"px","top":"2","right":"2","bottom":"2","left":"2","isLinked":true},"border_color":"#FFFFFF","border_radius":{"unit":"px","top":"20","right":"20","bottom":"20","left":"20","isLinked":true},"box_shadow_box_shadow_type":"yes","box_shadow_box_shadow":{"horizontal":0,"vertical":15,"blur":32,"spread":0,"color":"rgba(0, 0, 0, 0.1)"},"padding":{"unit":"%","top":"5","right":"5","bottom":"5","left":"5","isLinked":true},"padding_tablet":{"unit":"%","top":"","right":"","bottom":"","left":"","isLinked":true},"padding_mobile":{"unit":"%","top":"","right":"","bottom":"","left":"","isLinked":true},"__globals__":{"background_color":"globals\/colors?id=light"}},"elements":[{"id":"2d27b15c","settings":{"title":"One click demo installation","header_size":"span","typography_typography":"custom","typography_font_family":"Noto Sans Display","typography_font_size":{"unit":"em","size":1.6,"sizes":[]},"typography_font_size_tablet":{"unit":"em","size":"","sizes":[]},"typography_font_size_mobile":{"unit":"em","size":"","sizes":[]},"typography_font_weight":"800","align":"center","text_shadow_text_shadow":{"horizontal":0,"vertical":0,"blur":34,"color":"#834DFF"},"_padding":{"unit":"%","top":"2","right":"2","bottom":"2","left":"2","isLinked":true},"_padding_tablet":{"unit":"%","top":"","right":"","bottom":"","left":"","isLinked":true},"_padding_mobile":{"unit":"%","top":"","right":"","bottom":"","left":"","isLinked":true},"_flex_align_self":"center","_element_width":"inherit","__globals__":{"title_color":"globals\/colors?id=text"}},"elements":[],"isInner":false,"widgetType":"heading","elType":"widget"}],"isInner":true,"elType":"container"},{"id":"6229988b","settings":{"content_width":"full","min_height":{"unit":"vh","size":40,"sizes":[]},"min_height_tablet":{"unit":"vh","size":"","sizes":[]},"min_height_mobile":{"unit":"vh","size":"","sizes":[]},"background_background":"classic","border_border":"solid","border_width":{"unit":"px","top":"2","right":"2","bottom":"2","left":"2","isLinked":true},"border_color":"#FFFFFF","border_radius":{"unit":"px","top":"20","right":"20","bottom":"20","left":"20","isLinked":true},"box_shadow_box_shadow_type":"yes","box_shadow_box_shadow":{"horizontal":0,"vertical":15,"blur":32,"spread":0,"color":"rgba(0, 0, 0, 0.1)"},"padding":{"unit":"%","top":"5","right":"5","bottom":"5","left":"5","isLinked":true},"padding_tablet":{"unit":"%","top":"","right":"","bottom":"","left":"","isLinked":true},"padding_mobile":{"unit":"%","top":"","right":"","bottom":"","left":"","isLinked":true},"__globals__":{"background_color":"globals\/colors?id=light"}},"elements":[{"id":"9ab7b31","settings":{"title":"Responsive ready","header_size":"span","typography_typography":"custom","typography_font_family":"Noto Sans Display","typography_font_size":{"unit":"em","size":1.6,"sizes":[]},"typography_font_size_tablet":{"unit":"em","size":"","sizes":[]},"typography_font_size_mobile":{"unit":"em","size":"","sizes":[]},"typography_font_weight":"800","align":"center","text_shadow_text_shadow":{"horizontal":0,"vertical":0,"blur":34,"color":"#834DFF"},"_padding":{"unit":"%","top":"2","right":"2","bottom":"2","left":"2","isLinked":true},"_padding_tablet":{"unit":"%","top":"","right":"","bottom":"","left":"","isLinked":true},"_padding_mobile":{"unit":"%","top":"","right":"","bottom":"","left":"","isLinked":true},"_flex_align_self":"center","_element_width":"inherit","__globals__":{"title_color":"globals\/colors?id=text"}},"elements":[],"isInner":false,"widgetType":"heading","elType":"widget"}],"isInner":true,"elType":"container"},{"id":"5011ec3a","settings":{"content_width":"full","min_height":{"unit":"vh","size":40,"sizes":[]},"min_height_tablet":{"unit":"vh","size":"","sizes":[]},"min_height_mobile":{"unit":"vh","size":"","sizes":[]},"background_background":"classic","border_border":"solid","border_width":{"unit":"px","top":"2","right":"2","bottom":"2","left":"2","isLinked":true},"border_color":"#FFFFFF","border_radius":{"unit":"px","top":"20","right":"20","bottom":"20","left":"20","isLinked":true},"box_shadow_box_shadow_type":"yes","box_shadow_box_shadow":{"horizontal":0,"vertical":15,"blur":32,"spread":0,"color":"rgba(0, 0, 0, 0.1)"},"padding":{"unit":"%","top":"5","right":"5","bottom":"5","left":"5","isLinked":true},"padding_tablet":{"unit":"%","top":"","right":"","bottom":"","left":"","isLinked":true},"padding_mobile":{"unit":"%","top":"","right":"","bottom":"","left":"","isLinked":true},"__globals__":{"background_color":"globals\/colors?id=light"}},"elements":[{"id":"28f0422e","settings":{"title":"Well documented code\/ installation ?","header_size":"span","typography_typography":"custom","typography_font_family":"Noto Sans Display","typography_font_size":{"unit":"em","size":1.6,"sizes":[]},"typography_font_size_tablet":{"unit":"em","size":"","sizes":[]},"typography_font_size_mobile":{"unit":"em","size":"","sizes":[]},"typography_font_weight":"800","align":"center","text_shadow_text_shadow":{"horizontal":0,"vertical":0,"blur":34,"color":"#834DFF"},"_padding":{"unit":"%","top":"2","right":"2","bottom":"2","left":"2","isLinked":true},"_padding_tablet":{"unit":"%","top":"","right":"","bottom":"","left":"","isLinked":true},"_padding_mobile":{"unit":"%","top":"","right":"","bottom":"","left":"","isLinked":true},"_flex_align_self":"center","_element_width":"inherit","__globals__":{"title_color":"globals\/colors?id=text"}},"elements":[],"isInner":false,"widgetType":"heading","elType":"widget"}],"isInner":true,"elType":"container"},{"id":"30f1a08a","settings":{"content_width":"full","min_height":{"unit":"vh","size":40,"sizes":[]},"min_height_tablet":{"unit":"vh","size":"","sizes":[]},"min_height_mobile":{"unit":"vh","size":"","sizes":[]},"background_background":"classic","border_border":"solid","border_width":{"unit":"px","top":"2","right":"2","bottom":"2","left":"2","isLinked":true},"border_color":"#FFFFFF","border_radius":{"unit":"px","top":"20","right":"20","bottom":"20","left":"20","isLinked":true},"box_shadow_box_shadow_type":"yes","box_shadow_box_shadow":{"horizontal":0,"vertical":15,"blur":32,"spread":0,"color":"rgba(0, 0, 0, 0.1)"},"padding":{"unit":"%","top":"5","right":"5","bottom":"5","left":"5","isLinked":true},"padding_tablet":{"unit":"%","top":"","right":"","bottom":"","left":"","isLinked":true},"padding_mobile":{"unit":"%","top":"","right":"","bottom":"","left":"","isLinked":true},"__globals__":{"background_color":"globals\/colors?id=light"}},"elements":[{"id":"1af6b3b2","settings":{"title":"Unlimited colors","header_size":"span","typography_typography":"custom","typography_font_family":"Noto Sans Display","typography_font_size":{"unit":"em","size":1.6,"sizes":[]},"typography_font_size_tablet":{"unit":"em","size":"","sizes":[]},"typography_font_size_mobile":{"unit":"em","size":"","sizes":[]},"typography_font_weight":"800","align":"center","text_shadow_text_shadow":{"horizontal":0,"vertical":0,"blur":34,"color":"#834DFF"},"_padding":{"unit":"%","top":"2","right":"2","bottom":"2","left":"2","isLinked":true},"_padding_tablet":{"unit":"%","top":"","right":"","bottom":"","left":"","isLinked":true},"_padding_mobile":{"unit":"%","top":"","right":"","bottom":"","left":"","isLinked":true},"_flex_align_self":"center","_element_width":"inherit","__globals__":{"title_color":"globals\/colors?id=text"}},"elements":[],"isInner":false,"widgetType":"heading","elType":"widget"}],"isInner":true,"elType":"container"},{"id":"70e57c41","settings":{"content_width":"full","min_height":{"unit":"vh","size":40,"sizes":[]},"min_height_tablet":{"unit":"vh","size":"","sizes":[]},"min_height_mobile":{"unit":"vh","size":"","sizes":[]},"background_background":"classic","border_border":"solid","border_width":{"unit":"px","top":"2","right":"2","bottom":"2","left":"2","isLinked":true},"border_color":"#FFFFFF","border_radius":{"unit":"px","top":"20","right":"20","bottom":"20","left":"20","isLinked":true},"box_shadow_box_shadow_type":"yes","box_shadow_box_shadow":{"horizontal":0,"vertical":15,"blur":32,"spread":0,"color":"rgba(0, 0, 0, 0.1)"},"padding":{"unit":"%","top":"5","right":"5","bottom":"5","left":"5","isLinked":true},"padding_tablet":{"unit":"%","top":"","right":"","bottom":"","left":"","isLinked":true},"padding_mobile":{"unit":"%","top":"","right":"","bottom":"","left":"","isLinked":true},"__globals__":{"background_color":"globals\/colors?id=light"}},"elements":[{"id":"4de8d48f","settings":{"title":"Fast Loading speed","header_size":"span","typography_typography":"custom","typography_font_family":"Noto Sans Display","typography_font_size":{"unit":"em","size":1.6,"sizes":[]},"typography_font_size_tablet":{"unit":"em","size":"","sizes":[]},"typography_font_size_mobile":{"unit":"em","size":"","sizes":[]},"typography_font_weight":"800","align":"center","text_shadow_text_shadow":{"horizontal":0,"vertical":0,"blur":34,"color":"#834DFF"},"_padding":{"unit":"%","top":"2","right":"2","bottom":"2","left":"2","isLinked":true},"_padding_tablet":{"unit":"%","top":"","right":"","bottom":"","left":"","isLinked":true},"_padding_mobile":{"unit":"%","top":"","right":"","bottom":"","left":"","isLinked":true},"_flex_align_self":"center","_element_width":"inherit","__globals__":{"title_color":"globals\/colors?id=text"}},"elements":[],"isInner":false,"widgetType":"heading","elType":"widget"}],"isInner":true,"elType":"container"},{"id":"6be04129","settings":{"content_width":"full","min_height":{"unit":"vh","size":40,"sizes":[]},"min_height_tablet":{"unit":"vh","size":"","sizes":[]},"min_height_mobile":{"unit":"vh","size":"","sizes":[]},"background_background":"classic","border_border":"solid","border_width":{"unit":"px","top":"2","right":"2","bottom":"2","left":"2","isLinked":true},"border_color":"#FFFFFF","border_radius":{"unit":"px","top":"20","right":"20","bottom":"20","left":"20","isLinked":true},"box_shadow_box_shadow_type":"yes","box_shadow_box_shadow":{"horizontal":0,"vertical":15,"blur":32,"spread":0,"color":"rgba(0, 0, 0, 0.1)"},"padding":{"unit":"%","top":"5","right":"5","bottom":"5","left":"5","isLinked":true},"padding_tablet":{"unit":"%","top":"","right":"","bottom":"","left":"","isLinked":true},"padding_mobile":{"unit":"%","top":"","right":"","bottom":"","left":"","isLinked":true},"__globals__":{"background_color":"globals\/colors?id=light"}},"elements":[{"id":"13794cd7","settings":{"title":"SEO friendly","header_size":"span","typography_typography":"custom","typography_font_family":"Noto Sans Display","typography_font_size":{"unit":"em","size":1.6,"sizes":[]},"typography_font_size_tablet":{"unit":"em","size":"","sizes":[]},"typography_font_size_mobile":{"unit":"em","size":"","sizes":[]},"typography_font_weight":"800","align":"center","text_shadow_text_shadow":{"horizontal":0,"vertical":0,"blur":34,"color":"#834DFF"},"_padding":{"unit":"%","top":"2","right":"2","bottom":"2","left":"2","isLinked":true},"_padding_tablet":{"unit":"%","top":"","right":"","bottom":"","left":"","isLinked":true},"_padding_mobile":{"unit":"%","top":"","right":"","bottom":"","left":"","isLinked":true},"_flex_align_self":"center","_element_width":"inherit","__globals__":{"title_color":"globals\/colors?id=text"}},"elements":[],"isInner":false,"widgetType":"heading","elType":"widget"}],"isInner":true,"elType":"container"},{"id":"3a352bee","settings":{"content_width":"full","min_height":{"unit":"vh","size":40,"sizes":[]},"min_height_tablet":{"unit":"vh","size":"","sizes":[]},"min_height_mobile":{"unit":"vh","size":"","sizes":[]},"background_background":"classic","border_border":"solid","border_width":{"unit":"px","top":"2","right":"2","bottom":"2","left":"2","isLinked":true},"border_color":"#FFFFFF","border_radius":{"unit":"px","top":"20","right":"20","bottom":"20","left":"20","isLinked":true},"box_shadow_box_shadow_type":"yes","box_shadow_box_shadow":{"horizontal":0,"vertical":15,"blur":32,"spread":0,"color":"rgba(0, 0, 0, 0.1)"},"padding":{"unit":"%","top":"5","right":"5","bottom":"5","left":"5","isLinked":true},"padding_tablet":{"unit":"%","top":"","right":"","bottom":"","left":"","isLinked":true},"padding_mobile":{"unit":"%","top":"","right":"","bottom":"","left":"","isLinked":true},"__globals__":{"background_color":"globals\/colors?id=light"}},"elements":[{"id":"2dcd9c08","settings":{"title":"Google font","header_size":"span","typography_typography":"custom","typography_font_family":"Noto Sans Display","typography_font_size":{"unit":"em","size":1.6,"sizes":[]},"typography_font_size_tablet":{"unit":"em","size":"","sizes":[]},"typography_font_size_mobile":{"unit":"em","size":"","sizes":[]},"typography_font_weight":"800","align":"center","text_shadow_text_shadow":{"horizontal":0,"vertical":0,"blur":34,"color":"#834DFF"},"_padding":{"unit":"%","top":"2","right":"2","bottom":"2","left":"2","isLinked":true},"_padding_tablet":{"unit":"%","top":"","right":"","bottom":"","left":"","isLinked":true},"_padding_mobile":{"unit":"%","top":"","right":"","bottom":"","left":"","isLinked":true},"_flex_align_self":"center","_element_width":"inherit","__globals__":{"title_color":"globals\/colors?id=text"}},"elements":[],"isInner":false,"widgetType":"heading","elType":"widget"}],"isInner":true,"elType":"container"},{"id":"15a298e8","settings":{"content_width":"full","min_height":{"unit":"vh","size":40,"sizes":[]},"min_height_tablet":{"unit":"vh","size":"","sizes":[]},"min_height_mobile":{"unit":"vh","size":"","sizes":[]},"background_background":"classic","border_border":"solid","border_width":{"unit":"px","top":"2","right":"2","bottom":"2","left":"2","isLinked":true},"border_color":"#FFFFFF","border_radius":{"unit":"px","top":"20","right":"20","bottom":"20","left":"20","isLinked":true},"box_shadow_box_shadow_type":"yes","box_shadow_box_shadow":{"horizontal":0,"vertical":15,"blur":32,"spread":0,"color":"rgba(0, 0, 0, 0.1)"},"padding":{"unit":"%","top":"5","right":"5","bottom":"5","left":"5","isLinked":true},"padding_tablet":{"unit":"%","top":"","right":"","bottom":"","left":"","isLinked":true},"padding_mobile":{"unit":"%","top":"","right":"","bottom":"","left":"","isLinked":true},"__globals__":{"background_color":"globals\/colors?id=light"}},"elements":[{"id":"62bcd006","settings":{"title":"Friendly support","header_size":"span","typography_typography":"custom","typography_font_family":"Noto Sans Display","typography_font_size":{"unit":"em","size":1.6,"sizes":[]},"typography_font_size_tablet":{"unit":"em","size":"","sizes":[]},"typography_font_size_mobile":{"unit":"em","size":"","sizes":[]},"typography_font_weight":"800","align":"center","text_shadow_text_shadow":{"horizontal":0,"vertical":0,"blur":34,"color":"#834DFF"},"_padding":{"unit":"%","top":"2","right":"2","bottom":"2","left":"2","isLinked":true},"_padding_tablet":{"unit":"%","top":"","right":"","bottom":"","left":"","isLinked":true},"_padding_mobile":{"unit":"%","top":"","right":"","bottom":"","left":"","isLinked":true},"_flex_align_self":"center","_element_width":"inherit","__globals__":{"title_color":"globals\/colors?id=text"}},"elements":[],"isInner":false,"widgetType":"heading","elType":"widget"}],"isInner":true,"elType":"container"},{"id":"2ed51cdc","settings":{"content_width":"full","min_height":{"unit":"vh","size":40,"sizes":[]},"min_height_tablet":{"unit":"vh","size":"","sizes":[]},"min_height_mobile":{"unit":"vh","size":"","sizes":[]},"background_background":"classic","border_border":"solid","border_width":{"unit":"px","top":"2","right":"2","bottom":"2","left":"2","isLinked":true},"border_color":"#FFFFFF","border_radius":{"unit":"px","top":"20","right":"20","bottom":"20","left":"20","isLinked":true},"box_shadow_box_shadow_type":"yes","box_shadow_box_shadow":{"horizontal":0,"vertical":15,"blur":32,"spread":0,"color":"rgba(0, 0, 0, 0.1)"},"padding":{"unit":"%","top":"5","right":"5","bottom":"5","left":"5","isLinked":true},"padding_tablet":{"unit":"%","top":"","right":"","bottom":"","left":"","isLinked":true},"padding_mobile":{"unit":"%","top":"","right":"","bottom":"","left":"","isLinked":true},"__globals__":{"background_color":"globals\/colors?id=light"}},"elements":[{"id":"378cc5e3","settings":{"title":"Mega menu","header_size":"span","typography_typography":"custom","typography_font_family":"Noto Sans Display","typography_font_size":{"unit":"em","size":1.6,"sizes":[]},"typography_font_size_tablet":{"unit":"em","size":"","sizes":[]},"typography_font_size_mobile":{"unit":"em","size":"","sizes":[]},"typography_font_weight":"800","align":"center","text_shadow_text_shadow":{"horizontal":0,"vertical":0,"blur":34,"color":"#834DFF"},"_padding":{"unit":"%","top":"2","right":"2","bottom":"2","left":"2","isLinked":true},"_padding_tablet":{"unit":"%","top":"","right":"","bottom":"","left":"","isLinked":true},"_padding_mobile":{"unit":"%","top":"","right":"","bottom":"","left":"","isLinked":true},"_flex_align_self":"center","_element_width":"inherit","__globals__":{"title_color":"globals\/colors?id=text"}},"elements":[],"isInner":false,"widgetType":"heading","elType":"widget"}],"isInner":true,"elType":"container"},{"id":"333a4c65","settings":{"content_width":"full","min_height":{"unit":"vh","size":40,"sizes":[]},"min_height_tablet":{"unit":"vh","size":"","sizes":[]},"min_height_mobile":{"unit":"vh","size":"","sizes":[]},"background_background":"classic","border_border":"solid","border_width":{"unit":"px","top":"2","right":"2","bottom":"2","left":"2","isLinked":true},"border_color":"#FFFFFF","border_radius":{"unit":"px","top":"20","right":"20","bottom":"20","left":"20","isLinked":true},"box_shadow_box_shadow_type":"yes","box_shadow_box_shadow":{"horizontal":0,"vertical":15,"blur":32,"spread":0,"color":"rgba(0, 0, 0, 0.1)"},"padding":{"unit":"%","top":"5","right":"5","bottom":"5","left":"5","isLinked":true},"padding_tablet":{"unit":"%","top":"","right":"","bottom":"","left":"","isLinked":true},"padding_mobile":{"unit":"%","top":"","right":"","bottom":"","left":"","isLinked":true},"__globals__":{"background_color":"globals\/colors?id=light"}},"elements":[{"id":"754979e4","settings":{"title":"White label","header_size":"span","typography_typography":"custom","typography_font_family":"Noto Sans Display","typography_font_size":{"unit":"em","size":1.6,"sizes":[]},"typography_font_size_tablet":{"unit":"em","size":"","sizes":[]},"typography_font_size_mobile":{"unit":"em","size":"","sizes":[]},"typography_font_weight":"800","align":"center","text_shadow_text_shadow":{"horizontal":0,"vertical":0,"blur":34,"color":"#834DFF"},"_padding":{"unit":"%","top":"2","right":"2","bottom":"2","left":"2","isLinked":true},"_padding_tablet":{"unit":"%","top":"","right":"","bottom":"","left":"","isLinked":true},"_padding_mobile":{"unit":"%","top":"","right":"","bottom":"","left":"","isLinked":true},"_flex_align_self":"center","_element_width":"inherit","__globals__":{"title_color":"globals\/colors?id=text"}},"elements":[],"isInner":false,"widgetType":"heading","elType":"widget"}],"isInner":true,"elType":"container"},{"id":"1b8e1ab1","settings":{"content_width":"full","min_height":{"unit":"vh","size":40,"sizes":[]},"min_height_tablet":{"unit":"vh","size":"","sizes":[]},"min_height_mobile":{"unit":"vh","size":"","sizes":[]},"background_background":"classic","border_border":"solid","border_width":{"unit":"px","top":"2","right":"2","bottom":"2","left":"2","isLinked":true},"border_color":"#FFFFFF","border_radius":{"unit":"px","top":"20","right":"20","bottom":"20","left":"20","isLinked":true},"box_shadow_box_shadow_type":"yes","box_shadow_box_shadow":{"horizontal":0,"vertical":15,"blur":32,"spread":0,"color":"rgba(0, 0, 0, 0.1)"},"padding":{"unit":"%","top":"5","right":"5","bottom":"5","left":"5","isLinked":true},"padding_tablet":{"unit":"%","top":"","right":"","bottom":"","left":"","isLinked":true},"padding_mobile":{"unit":"%","top":"","right":"","bottom":"","left":"","isLinked":true},"__globals__":{"background_color":"globals\/colors?id=light"}},"elements":[{"id":"4f612d22","settings":{"title":"Header \/ footer\nSticky","header_size":"span","typography_typography":"custom","typography_font_family":"Noto Sans Display","typography_font_size":{"unit":"em","size":1.6,"sizes":[]},"typography_font_size_tablet":{"unit":"em","size":"","sizes":[]},"typography_font_size_mobile":{"unit":"em","size":"","sizes":[]},"typography_font_weight":"800","align":"center","text_shadow_text_shadow":{"horizontal":0,"vertical":0,"blur":34,"color":"#834DFF"},"_padding":{"unit":"%","top":"2","right":"2","bottom":"2","left":"2","isLinked":true},"_padding_tablet":{"unit":"%","top":"","right":"","bottom":"","left":"","isLinked":true},"_padding_mobile":{"unit":"%","top":"","right":"","bottom":"","left":"","isLinked":true},"_flex_align_self":"center","_element_width":"inherit","__globals__":{"title_color":"globals\/colors?id=text"}},"elements":[],"isInner":false,"widgetType":"heading","elType":"widget"}],"isInner":true,"elType":"container"},{"id":"1ce73213","settings":{"content_width":"full","min_height":{"unit":"vh","size":40,"sizes":[]},"min_height_tablet":{"unit":"vh","size":"","sizes":[]},"min_height_mobile":{"unit":"vh","size":"","sizes":[]},"background_background":"classic","border_border":"solid","border_width":{"unit":"px","top":"2","right":"2","bottom":"2","left":"2","isLinked":true},"border_color":"#FFFFFF","border_radius":{"unit":"px","top":"20","right":"20","bottom":"20","left":"20","isLinked":true},"box_shadow_box_shadow_type":"yes","box_shadow_box_shadow":{"horizontal":0,"vertical":15,"blur":32,"spread":0,"color":"rgba(0, 0, 0, 0.1)"},"padding":{"unit":"%","top":"5","right":"5","bottom":"5","left":"5","isLinked":true},"padding_tablet":{"unit":"%","top":"","right":"","bottom":"","left":"","isLinked":true},"padding_mobile":{"unit":"%","top":"","right":"","bottom":"","left":"","isLinked":true},"__globals__":{"background_color":"globals\/colors?id=light"}},"elements":[{"id":"6c0703ff","settings":{"title":"Translation & RTL","header_size":"span","typography_typography":"custom","typography_font_family":"Noto Sans Display","typography_font_size":{"unit":"em","size":1.6,"sizes":[]},"typography_font_size_tablet":{"unit":"em","size":"","sizes":[]},"typography_font_size_mobile":{"unit":"em","size":"","sizes":[]},"typography_font_weight":"800","align":"center","text_shadow_text_shadow":{"horizontal":0,"vertical":0,"blur":34,"color":"#834DFF"},"_padding":{"unit":"%","top":"2","right":"2","bottom":"2","left":"2","isLinked":true},"_padding_tablet":{"unit":"%","top":"","right":"","bottom":"","left":"","isLinked":true},"_padding_mobile":{"unit":"%","top":"","right":"","bottom":"","left":"","isLinked":true},"_flex_align_self":"center","_element_width":"inherit","__globals__":{"title_color":"globals\/colors?id=text"}},"elements":[],"isInner":false,"widgetType":"heading","elType":"widget"}],"isInner":true,"elType":"container"},{"id":"24902252","settings":{"content_width":"full","min_height":{"unit":"vh","size":40,"sizes":[]},"min_height_tablet":{"unit":"vh","size":"","sizes":[]},"min_height_mobile":{"unit":"vh","size":"","sizes":[]},"background_background":"classic","border_border":"solid","border_width":{"unit":"px","top":"2","right":"2","bottom":"2","left":"2","isLinked":true},"border_color":"#FFFFFF","border_radius":{"unit":"px","top":"20","right":"20","bottom":"20","left":"20","isLinked":true},"box_shadow_box_shadow_type":"yes","box_shadow_box_shadow":{"horizontal":0,"vertical":15,"blur":32,"spread":0,"color":"rgba(0, 0, 0, 0.1)"},"padding":{"unit":"%","top":"5","right":"5","bottom":"5","left":"5","isLinked":true},"padding_tablet":{"unit":"%","top":"","right":"","bottom":"","left":"","isLinked":true},"padding_mobile":{"unit":"%","top":"","right":"","bottom":"","left":"","isLinked":true},"__globals__":{"background_color":"globals\/colors?id=light"}},"elements":[{"id":"53d3ceea","settings":{"title":"Plugin compatibility","header_size":"span","typography_typography":"custom","typography_font_family":"Noto Sans Display","typography_font_size":{"unit":"em","size":1.6,"sizes":[]},"typography_font_size_tablet":{"unit":"em","size":"","sizes":[]},"typography_font_size_mobile":{"unit":"em","size":"","sizes":[]},"typography_font_weight":"800","align":"center","text_shadow_text_shadow":{"horizontal":0,"vertical":0,"blur":34,"color":"#834DFF"},"_padding":{"unit":"%","top":"2","right":"2","bottom":"2","left":"2","isLinked":true},"_padding_tablet":{"unit":"%","top":"","right":"","bottom":"","left":"","isLinked":true},"_padding_mobile":{"unit":"%","top":"","right":"","bottom":"","left":"","isLinked":true},"_flex_align_self":"center","_element_width":"inherit","__globals__":{"title_color":"globals\/colors?id=text"}},"elements":[],"isInner":false,"widgetType":"heading","elType":"widget"},{"id":"582be765","settings":{"icon_list":[{"text":"Elementor","selected_icon":{"value":"","library":""},"_id":"7cee890"},{"text":"WooCommerce","selected_icon":{"value":"","library":""},"_id":"316b0c6"},{"text":"WPML","selected_icon":{"value":"","library":""},"_id":"0ee1b35"},{"text":"Contact Forms","selected_icon":{"value":"","library":""},"_id":"0cb37a6"},{"text":"MailChimp","selected_icon":{"value":"","library":""},"_id":"8348810"},{"text":"SEO by Yoast","selected_icon":{"value":"","library":""},"_id":"2dccd14"},{"text":"Rankmath","selected_icon":{"value":"","library":""},"_id":"af987a0"},{"text":"Loco Translate","selected_icon":{"value":"","library":""},"_id":"812da40"},{"text":"All in one SEO pack","selected_icon":{"value":"","library":""},"_id":"bb4cd12"},{"text":"Gravity forms","selected_icon":{"value":"","library":""},"_id":"57cda8d"},{"text":"W3 Total Cache","selected_icon":{"value":"","library":""},"_id":"56eecb7"},{"text":"Ithemes security","selected_icon":{"value":"","library":""},"_id":"4eb2349"},{"text":"WP Super Cache","selected_icon":{"value":"","library":""},"_id":"cd65d3a"}],"icon_color":"#FFFFFF","__globals__":{"text_color":"globals\/colors?id=secondary"}},"elements":[],"isInner":false,"widgetType":"icon-list","elType":"widget"}],"isInner":true,"elType":"container"},{"id":"131416d","settings":{"content_width":"full","min_height":{"unit":"vh","size":40,"sizes":[]},"min_height_tablet":{"unit":"vh","size":"","sizes":[]},"min_height_mobile":{"unit":"vh","size":"","sizes":[]},"background_background":"classic","border_border":"solid","border_width":{"unit":"px","top":"2","right":"2","bottom":"2","left":"2","isLinked":true},"border_color":"#FFFFFF","border_radius":{"unit":"px","top":"20","right":"20","bottom":"20","left":"20","isLinked":true},"box_shadow_box_shadow_type":"yes","box_shadow_box_shadow":{"horizontal":0,"vertical":15,"blur":32,"spread":0,"color":"rgba(0, 0, 0, 0.1)"},"padding":{"unit":"%","top":"5","right":"5","bottom":"5","left":"5","isLinked":true},"padding_tablet":{"unit":"%","top":"","right":"","bottom":"","left":"","isLinked":true},"padding_mobile":{"unit":"%","top":"","right":"","bottom":"","left":"","isLinked":true},"__globals__":{"background_color":"globals\/colors?id=light"}},"elements":[{"id":"35175df3","settings":{"title":"Woo-Commerce","header_size":"span","typography_typography":"custom","typography_font_family":"Noto Sans Display","typography_font_size":{"unit":"em","size":1.6,"sizes":[]},"typography_font_size_tablet":{"unit":"em","size":"","sizes":[]},"typography_font_size_mobile":{"unit":"em","size":"","sizes":[]},"typography_font_weight":"800","align":"center","text_shadow_text_shadow":{"horizontal":0,"vertical":0,"blur":34,"color":"#834DFF"},"_padding":{"unit":"%","top":"2","right":"2","bottom":"2","left":"2","isLinked":true},"_padding_tablet":{"unit":"%","top":"","right":"","bottom":"","left":"","isLinked":true},"_padding_mobile":{"unit":"%","top":"","right":"","bottom":"","left":"","isLinked":true},"_flex_align_self":"center","_element_width":"inherit","__globals__":{"title_color":"globals\/colors?id=text"}},"elements":[],"isInner":false,"widgetType":"heading","elType":"widget"}],"isInner":true,"elType":"container"},{"id":"4f29d8ea","settings":{"content_width":"full","min_height":{"unit":"vh","size":40,"sizes":[]},"min_height_tablet":{"unit":"vh","size":"","sizes":[]},"min_height_mobile":{"unit":"vh","size":"","sizes":[]},"background_background":"classic","border_border":"solid","border_width":{"unit":"px","top":"2","right":"2","bottom":"2","left":"2","isLinked":true},"border_color":"#FFFFFF","border_radius":{"unit":"px","top":"20","right":"20","bottom":"20","left":"20","isLinked":true},"box_shadow_box_shadow_type":"yes","box_shadow_box_shadow":{"horizontal":0,"vertical":15,"blur":32,"spread":0,"color":"rgba(0, 0, 0, 0.1)"},"padding":{"unit":"%","top":"5","right":"5","bottom":"5","left":"5","isLinked":true},"padding_tablet":{"unit":"%","top":"","right":"","bottom":"","left":"","isLinked":true},"padding_mobile":{"unit":"%","top":"","right":"","bottom":"","left":"","isLinked":true},"__globals__":{"background_color":"globals\/colors?id=light"}},"elements":[{"id":"bb23c64","settings":{"title":"Woo-Commerce","header_size":"span","typography_typography":"custom","typography_font_family":"Noto Sans Display","typography_font_size":{"unit":"em","size":1.6,"sizes":[]},"typography_font_size_tablet":{"unit":"em","size":"","sizes":[]},"typography_font_size_mobile":{"unit":"em","size":"","sizes":[]},"typography_font_weight":"800","align":"center","text_shadow_text_shadow":{"horizontal":0,"vertical":0,"blur":34,"color":"#834DFF"},"_padding":{"unit":"%","top":"2","right":"2","bottom":"2","left":"2","isLinked":true},"_padding_tablet":{"unit":"%","top":"","right":"","bottom":"","left":"","isLinked":true},"_padding_mobile":{"unit":"%","top":"","right":"","bottom":"","left":"","isLinked":true},"_flex_align_self":"center","_element_width":"inherit","__globals__":{"title_color":"globals\/colors?id=text"}},"elements":[],"isInner":false,"widgetType":"heading","elType":"widget"}],"isInner":true,"elType":"container"},{"id":"6c94d928","settings":{"content_width":"full","min_height":{"unit":"vh","size":40,"sizes":[]},"min_height_tablet":{"unit":"vh","size":"","sizes":[]},"min_height_mobile":{"unit":"vh","size":"","sizes":[]},"background_background":"classic","border_border":"solid","border_width":{"unit":"px","top":"2","right":"2","bottom":"2","left":"2","isLinked":true},"border_color":"#FFFFFF","border_radius":{"unit":"px","top":"20","right":"20","bottom":"20","left":"20","isLinked":true},"box_shadow_box_shadow_type":"yes","box_shadow_box_shadow":{"horizontal":0,"vertical":15,"blur":32,"spread":0,"color":"rgba(0, 0, 0, 0.1)"},"padding":{"unit":"%","top":"5","right":"5","bottom":"5","left":"5","isLinked":true},"padding_tablet":{"unit":"%","top":"","right":"","bottom":"","left":"","isLinked":true},"padding_mobile":{"unit":"%","top":"","right":"","bottom":"","left":"","isLinked":true},"__globals__":{"background_color":"globals\/colors?id=light"}},"elements":[{"id":"93342c9","settings":{"title":"Gsap","header_size":"span","typography_typography":"custom","typography_font_family":"Noto Sans Display","typography_font_size":{"unit":"em","size":1.6,"sizes":[]},"typography_font_size_tablet":{"unit":"em","size":"","sizes":[]},"typography_font_size_mobile":{"unit":"em","size":"","sizes":[]},"typography_font_weight":"800","align":"center","text_shadow_text_shadow":{"horizontal":0,"vertical":0,"blur":34,"color":"#834DFF"},"_padding":{"unit":"%","top":"2","right":"2","bottom":"2","left":"2","isLinked":true},"_padding_tablet":{"unit":"%","top":"","right":"","bottom":"","left":"","isLinked":true},"_padding_mobile":{"unit":"%","top":"","right":"","bottom":"","left":"","isLinked":true},"_flex_align_self":"center","_element_width":"inherit","__globals__":{"title_color":"globals\/colors?id=text"}},"elements":[],"isInner":false,"widgetType":"heading","elType":"widget"},{"id":"45573c2d","settings":{"title":"Animation","header_size":"span","typography_typography":"custom","typography_font_family":"Noto Sans Display","typography_font_size":{"unit":"em","size":1.6,"sizes":[]},"typography_font_size_tablet":{"unit":"em","size":"","sizes":[]},"typography_font_size_mobile":{"unit":"em","size":"","sizes":[]},"typography_font_weight":"800","align":"center","text_shadow_text_shadow":{"horizontal":0,"vertical":0,"blur":34,"color":"#834DFF"},"_padding":{"unit":"%","top":"2","right":"2","bottom":"2","left":"2","isLinked":true},"_padding_tablet":{"unit":"%","top":"","right":"","bottom":"","left":"","isLinked":true},"_padding_mobile":{"unit":"%","top":"","right":"","bottom":"","left":"","isLinked":true},"_flex_align_self":"center","_element_width":"inherit","__globals__":{"title_color":"globals\/colors?id=text"}},"elements":[],"isInner":false,"widgetType":"heading","elType":"widget"}],"isInner":true,"elType":"container"},{"id":"4510ef2c","settings":{"content_width":"full","min_height":{"unit":"vh","size":40,"sizes":[]},"min_height_tablet":{"unit":"vh","size":"","sizes":[]},"min_height_mobile":{"unit":"vh","size":"","sizes":[]},"background_background":"classic","border_border":"solid","border_width":{"unit":"px","top":"2","right":"2","bottom":"2","left":"2","isLinked":true},"border_color":"#FFFFFF","border_radius":{"unit":"px","top":"20","right":"20","bottom":"20","left":"20","isLinked":true},"box_shadow_box_shadow_type":"yes","box_shadow_box_shadow":{"horizontal":0,"vertical":15,"blur":32,"spread":0,"color":"rgba(0, 0, 0, 0.1)"},"padding":{"unit":"%","top":"5","right":"5","bottom":"5","left":"5","isLinked":true},"padding_tablet":{"unit":"%","top":"","right":"","bottom":"","left":"","isLinked":true},"padding_mobile":{"unit":"%","top":"","right":"","bottom":"","left":"","isLinked":true},"__globals__":{"background_color":"globals\/colors?id=light"}},"elements":[{"id":"60e4c475","settings":{"title":"UiChemy - Convert Figma to Gutenberg Block Editor ( WordPress )","header_size":"span","typography_typography":"custom","typography_font_family":"Noto Sans Display","typography_font_size":{"unit":"em","size":1.6,"sizes":[]},"typography_font_size_tablet":{"unit":"em","size":"","sizes":[]},"typography_font_size_mobile":{"unit":"em","size":"","sizes":[]},"typography_font_weight":"800","align":"center","text_shadow_text_shadow":{"horizontal":0,"vertical":0,"blur":34,"color":"#834DFF"},"_padding":{"unit":"%","top":"2","right":"2","bottom":"2","left":"2","isLinked":true},"_padding_tablet":{"unit":"%","top":"","right":"","bottom":"","left":"","isLinked":true},"_padding_mobile":{"unit":"%","top":"","right":"","bottom":"","left":"","isLinked":true},"_flex_align_self":"center","_element_width":"inherit","__globals__":{"title_color":"globals\/colors?id=text"}},"elements":[],"isInner":false,"widgetType":"heading","elType":"widget"}],"isInner":true,"elType":"container"}],"isInner":false,"elType":"container"},{"id":"2fd483c","settings":{"flex_direction":"column","boxed_width":{"unit":"px","size":1280,"sizes":[]},"background_background":"classic","background_color":"#FFFFFF","background_overlay_background":"classic","background_overlay_color":"#FFFFFF","background_overlay_color_b":"#5C4CFC","background_overlay_color_b_stop":{"unit":"%","size":95,"sizes":[]},"background_overlay_gradient_type":"radial","background_overlay_opacity":{"unit":"px","size":1,"sizes":[]},"padding":{"unit":"%","top":"5","right":"5","bottom":"5","left":"5","isLinked":true},"padding_tablet":{"unit":"%","top":"","right":"","bottom":"","left":"","isLinked":true},"padding_mobile":{"unit":"%","top":"","right":"","bottom":"","left":"","isLinked":true}},"elements":[{"id":"d23edbd","settings":{"content_width":"full","min_height":{"unit":"vh","size":72,"sizes":[]},"min_height_tablet":{"unit":"vh","size":"","sizes":[]},"min_height_mobile":{"unit":"vh","size":"","sizes":[]},"flex_direction":"column","background_background":"classic","background_image":{"id":36,"url":"https:\/\/limitless.dev.ananass.fr\/wp-content\/uploads\/2025\/08\/logo-limitless-white-18-1-6.png"},"background_position":"bottom right","background_repeat":"no-repeat","background_size":"auto","border_radius":{"unit":"px","top":"20","right":"20","bottom":"20","left":"20","isLinked":true},"box_shadow_box_shadow_type":"yes","margin":{"unit":"%","top":"5","right":"0","bottom":"0","left":"0","isLinked":false},"margin_tablet":{"unit":"%","top":"","right":"","bottom":"","left":"","isLinked":true},"margin_mobile":{"unit":"%","top":"","right":"","bottom":"","left":"","isLinked":true},"padding":{"unit":"%","top":"10","right":"10","bottom":"10","left":"10","isLinked":true},"padding_tablet":{"unit":"%","top":"","right":"","bottom":"","left":"","isLinked":true},"padding_mobile":{"unit":"%","top":"","right":"","bottom":"","left":"","isLinked":true},"motion_fx_motion_fx_mouse":"yes","motion_fx_tilt_effect":"yes","motion_fx_tilt_speed":{"unit":"px","size":0.2,"sizes":[]},"background_bg_width":{"unit":"%","size":77,"sizes":[]},"background_overlay_background":"gradient","background_overlay_color":"#386BFF00","background_overlay_color_b_stop":{"unit":"%","size":99,"sizes":[]},"background_overlay_opacity":{"unit":"px","size":1,"sizes":[]},"__globals__":{"background_color":"globals\/colors?id=secondary","background_overlay_color_b":"globals\/colors?id=primary"}},"elements":[{"id":"67601b84","settings":{"selected_icon":{"value":"fab fa-wordpress-simple","library":"fa-brands"},"view":"stacked","shape":"rounded","primary_color":"#8744DA","size":{"unit":"px","size":59,"sizes":[]},"_flex_align_self":"flex-start","align":"","_element_width":"initial","_element_custom_width":{"unit":"%","size":9,"sizes":[]},"_position":"absolute","_offset_orientation_h":"end","_offset_x_end":{"unit":"%","size":-3,"sizes":[]},"_offset_x_end_tablet":{"unit":"%","size":"","sizes":[]},"_offset_x_end_mobile":{"unit":"%","size":"","sizes":[]},"_offset_y":{"unit":"%","size":30,"sizes":[]},"_offset_y_tablet":{"unit":"%","size":"","sizes":[]},"_offset_y_mobile":{"unit":"%","size":"","sizes":[]},"_transform_rotate_popover":"transform","_transform_rotateZ_effect":{"unit":"px","size":-30,"sizes":[]}},"elements":[],"isInner":false,"widgetType":"icon","elType":"widget"},{"id":"74ba753a","settings":{"image":{"id":35,"url":"https:\/\/limitless.dev.ananass.fr\/wp-content\/uploads\/2025\/08\/LIMITLESS-4-purple-white-17-1-6.png"},"image_size":"full","width":{"unit":"%","size":100,"sizes":[]},"_element_width":"initial","_element_custom_width":{"unit":"%","size":10,"sizes":[]},"_flex_align_self":"flex-start","_position":"absolute","_offset_x":{"size":-5,"unit":"%"},"_offset_x_tablet":{"unit":"%","size":"","sizes":[]},"_offset_x_mobile":{"unit":"%","size":"","sizes":[]},"_offset_x_end":{"unit":"%","size":10,"sizes":[]},"_offset_x_end_tablet":{"unit":"%","size":"","sizes":[]},"_offset_x_end_mobile":{"unit":"%","size":"","sizes":[]},"_offset_y":{"size":39,"unit":"%"},"_offset_y_tablet":{"unit":"%","size":"","sizes":[]},"_offset_y_mobile":{"unit":"%","size":"","sizes":[]},"_transform_rotate_popover":"transform","_transform_rotateZ_effect":{"unit":"px","size":20,"sizes":[]}},"elements":[],"isInner":false,"widgetType":"image","elType":"widget"},{"id":"4a67b402","settings":{"selected_icon":{"value":"fab fa-elementor","library":"fa-brands"},"view":"stacked","shape":"rounded","primary_color":"#2872f7","size":{"unit":"px","size":59,"sizes":[]},"_flex_align_self":"flex-start","align":"","_element_width":"initial","_element_custom_width":{"unit":"%","size":9,"sizes":[]},"_position":"absolute","_offset_x":{"unit":"%","size":-6,"sizes":[]},"_offset_x_tablet":{"unit":"%","size":"","sizes":[]},"_offset_x_mobile":{"unit":"%","size":"","sizes":[]},"_offset_x_end":{"unit":"%","size":-3,"sizes":[]},"_offset_x_end_tablet":{"unit":"%","size":"","sizes":[]},"_offset_x_end_mobile":{"unit":"%","size":"","sizes":[]},"_offset_orientation_v":"end","_offset_y":{"unit":"%","size":30,"sizes":[]},"_offset_y_tablet":{"unit":"%","size":"","sizes":[]},"_offset_y_mobile":{"unit":"%","size":"","sizes":[]},"_offset_y_end":{"unit":"%","size":10,"sizes":[]},"_offset_y_end_tablet":{"unit":"%","size":"","sizes":[]},"_offset_y_end_mobile":{"unit":"%","size":"","sizes":[]},"_transform_rotate_popover":"transform","_transform_rotateZ_effect":{"unit":"px","size":-30,"sizes":[]}},"elements":[],"isInner":false,"widgetType":"icon","elType":"widget"},{"id":"43221410","settings":{"title":"Ready design","header_size":"span","typography_typography":"custom","typography_font_family":"Noto Sans Display","typography_font_size":{"unit":"em","size":2.5,"sizes":[]},"typography_font_size_tablet":{"unit":"em","size":"","sizes":[]},"typography_font_size_mobile":{"unit":"em","size":"","sizes":[]},"typography_font_weight":"600","align":"left","typography_text_transform":"uppercase","text_shadow_text_shadow":{"horizontal":0,"vertical":0,"blur":34,"color":"#834DFF"},"_padding":{"unit":"%","top":"2","right":"2","bottom":"2","left":"2","isLinked":true},"_padding_tablet":{"unit":"%","top":"","right":"","bottom":"","left":"","isLinked":true},"_padding_mobile":{"unit":"%","top":"","right":"","bottom":"","left":"","isLinked":true},"_flex_align_self":"flex-start","__globals__":{"title_color":"globals\/colors?id=text"}},"elements":[],"isInner":false,"widgetType":"heading","elType":"widget"},{"id":"eb2efb2","settings":{"editor":"<p>Lorem Ipsum is simply dummy text of the printing and typesetting industry. Lorem Ipsum has been the industry's standard dummy text ever since the 1500s, when an unknown printer took a galley of type and scrambled it to make a type specimen book. It has survived not only five centuries, but also the leap into electronic typesetting, remaining essentially unchanged.<\/p>","align":"left","_element_width":"initial","text_color":"#FFFFFF","_element_custom_width":{"unit":"%","size":52,"sizes":[]},"_flex_align_self":"flex-start","custom_css":"selector p{\n    color: white;\n}","__globals__":{"text_color":"globals\/colors?id=text"}},"elements":[],"isInner":false,"widgetType":"text-editor","elType":"widget"},{"id":"6975a3bd","settings":{"text":"Get now","typography_typography":"custom","typography_font_family":"Roboto","typography_font_weight":"600","typography_text_transform":"uppercase","border_radius":{"unit":"px","top":"8","right":"8","bottom":"8","left":"8","isLinked":true},"text_padding":{"unit":"px","top":"20","right":"35","bottom":"20","left":"35","isLinked":false},"_element_custom_width":{"unit":"%","size":20,"sizes":[]},"__globals__":{"background_color":"globals\/colors?id=secondary","button_text_color":"globals\/colors?id=text","button_background_hover_color":"globals\/colors?id=accent"}},"elements":[],"isInner":false,"widgetType":"button","elType":"widget"},{"id":"7c069ed6","settings":{"text":"Live demo","typography_typography":"custom","typography_font_family":"Roboto","typography_font_weight":"600","typography_text_transform":"uppercase","border_radius":{"unit":"px","top":"8","right":"8","bottom":"8","left":"8","isLinked":true},"text_padding":{"unit":"px","top":"20","right":"35","bottom":"20","left":"35","isLinked":false},"_element_custom_width":{"unit":"%","size":20,"sizes":[]},"__globals__":{"button_text_color":"globals\/colors?id=secondary","background_color":"globals\/colors?id=text","button_background_hover_color":"globals\/colors?id=accent"}},"elements":[],"isInner":false,"widgetType":"button","elType":"widget"}],"isInner":true,"elType":"container"},{"id":"39e4195d","settings":{"boxed_width":{"unit":"px","size":1280,"sizes":[]},"min_height":{"unit":"vh","size":72,"sizes":[]},"min_height_tablet":{"unit":"vh","size":"","sizes":[]},"min_height_mobile":{"unit":"vh","size":"","sizes":[]},"flex_direction":"row","flex_justify_content":"center","flex_align_items":"center","flex_wrap":"wrap","background_color":"#0C0088","background_image":{"url":"","id":"","size":"","alt":"","source":"library"},"background_position":"center center","background_repeat":"no-repeat","background_size":"auto","border_border":"none","margin":{"unit":"%","top":"0","right":"0","bottom":"0","left":"0","isLinked":false},"margin_tablet":{"unit":"%","top":"","right":"","bottom":"","left":"","isLinked":true},"margin_mobile":{"unit":"%","top":"","right":"","bottom":"","left":"","isLinked":true},"padding":{"unit":"%","top":"10","right":"10","bottom":"10","left":"10","isLinked":true},"padding_tablet":{"unit":"%","top":"","right":"","bottom":"","left":"","isLinked":true},"padding_mobile":{"unit":"%","top":"","right":"","bottom":"","left":"","isLinked":true},"motion_fx_tilt_speed":{"unit":"px","size":0.2,"sizes":[]}},"elements":[{"id":"45a32b42","settings":{"title":"Choose a templates","header_size":"span","typography_typography":"custom","typography_font_family":"Noto Sans Display","typography_font_size":{"unit":"em","size":4,"sizes":[]},"typography_font_size_tablet":{"unit":"em","size":"","sizes":[]},"typography_font_size_mobile":{"unit":"em","size":"","sizes":[]},"typography_font_weight":"600","align":"center","typography_text_transform":"uppercase","text_shadow_text_shadow":{"horizontal":0,"vertical":0,"blur":34,"color":"#834DFF"},"_padding":{"unit":"%","top":"2","right":"2","bottom":"2","left":"2","isLinked":true},"_padding_tablet":{"unit":"%","top":"","right":"","bottom":"","left":"","isLinked":true},"_padding_mobile":{"unit":"%","top":"","right":"","bottom":"","left":"","isLinked":true},"_element_width":"inherit","_flex_align_self":"center","__globals__":{"title_color":"globals\/colors?id=primary"}},"elements":[],"isInner":false,"widgetType":"heading","elType":"widget"},{"id":"63e58534","settings":{"editor":"<p>Lorem Ipsum is simply dummy text of the printing and typesetting industry. Lorem Ipsum has been the industry's standard dummy text ever since the 1500s, when an unknown printer took a galley of type and scrambled it to make a type specimen book. It has survived not only five centuries, but also the leap into electronic typesetting, remaining essentially unchanged.<\/p>","align":"center","_element_width":"inherit"},"elements":[],"isInner":false,"widgetType":"text-editor","elType":"widget"},{"id":"66ec7e58","settings":{"editor":"<p>It is a long established fact that a reader will be distracted by the readable content of a page when looking at its layout.<\/p>","align":"center","_element_width":"inherit"},"elements":[],"isInner":false,"widgetType":"text-editor","elType":"widget"},{"id":"4e6d43dd","settings":{"text":"Get now","typography_typography":"custom","typography_font_family":"Roboto","typography_font_weight":"600","typography_text_transform":"uppercase","border_radius":{"unit":"px","top":"8","right":"8","bottom":"8","left":"8","isLinked":true},"text_padding":{"unit":"px","top":"20","right":"35","bottom":"20","left":"35","isLinked":false},"_element_custom_width":{"unit":"%","size":20,"sizes":[]},"__globals__":{"background_color":"globals\/colors?id=secondary","button_text_color":"globals\/colors?id=text","button_background_hover_color":"globals\/colors?id=accent"}},"elements":[],"isInner":false,"widgetType":"button","elType":"widget"}],"isInner":true,"elType":"container"},{"id":"1728871d","settings":{"image":{"id":35,"url":"https:\/\/limitless.dev.ananass.fr\/wp-content\/uploads\/2025\/08\/LIMITLESS-4-purple-white-17-1-6.png"},"image_size":"full","width":{"unit":"%","size":100,"sizes":[]},"_element_width":"initial","_element_custom_width":{"unit":"%","size":9,"sizes":[]},"_flex_align_self":"flex-start","_position":"absolute","_offset_orientation_h":"end","_offset_x_end":{"unit":"%","size":-5,"sizes":[]},"_offset_x_end_tablet":{"unit":"%","size":"","sizes":[]},"_offset_x_end_mobile":{"unit":"%","size":"","sizes":[]},"_offset_y":{"unit":"%","size":35,"sizes":[]},"_offset_y_tablet":{"unit":"%","size":"","sizes":[]},"_offset_y_mobile":{"unit":"%","size":"","sizes":[]},"_transform_rotate_popover":"transform","_transform_rotateZ_effect":{"unit":"px","size":-30,"sizes":[]}},"elements":[],"isInner":false,"widgetType":"image","elType":"widget"}],"isInner":false,"elType":"container"},{"id":"6b5a42b0","settings":{"flex_direction":"row","boxed_width":{"unit":"px","size":1440,"sizes":[]},"background_background":"classic","background_color":"#FFFFFF","background_overlay_background":"gradient","background_overlay_color_b":"#FFFFFF","background_overlay_gradient_position":"bottom left","background_overlay_opacity":{"unit":"px","size":1,"sizes":[]},"padding":{"unit":"%","top":"5","right":"5","bottom":"5","left":"5","isLinked":true},"padding_tablet":{"unit":"%","top":"","right":"","bottom":"","left":"","isLinked":true},"padding_mobile":{"unit":"%","top":"","right":"","bottom":"","left":"","isLinked":true},"background_overlay_color_stop":{"unit":"%","size":30,"sizes":[]},"background_overlay_gradient_angle":{"unit":"deg","size":360,"sizes":[]},"min_height":{"unit":"vh","size":72,"sizes":[]},"min_height_tablet":{"unit":"vh","size":"","sizes":[]},"min_height_mobile":{"unit":"vh","size":"","sizes":[]},"__globals__":{"background_overlay_color":"globals\/colors?id=primary"}},"elements":[],"isInner":false,"elType":"container"}],"settings":{"template":"elementor_header_footer","hide_title":"yes"},"metadata":[]}