{"content":[{"id":"3c05b9ae","settings":{"flex_direction":"column","flex_align_items":"center"},"elements":[{"id":"3dfafa35","settings":{"title":"Add Your Heading Text Here","__globals__":{"title_color":"globals\/colors?id=text"}},"elements":[],"isInner":false,"widgetType":"heading","elType":"widget"},{"id":"7037dcc9","settings":{"text":"Click here","__globals__":{"background_color":"globals\/colors?id=primary","button_text_color":"globals\/colors?id=text"}},"elements":[],"isInner":false,"widgetType":"button","elType":"widget"}],"isInner":false,"elType":"container"}],"settings":{"template":"default"},"metadata":[]}