{"content":[{"id":"472c3f34","settings":{"flex_direction":"column","boxed_width":{"unit":"px","size":1200,"sizes":[]},"background_background":"classic","background_image":{"id":13,"url":"https:\/\/athena.dev.ananass.fr\/wp-content\/uploads\/2025\/08\/hero-bg.jpg"},"background_overlay_background":"gradient","padding":{"unit":"px","top":"100","right":"40","bottom":"100","left":"40","isLinked":false},"background_position":"center center","background_repeat":"no-repeat","background_size":"cover","background_overlay_color_b":"#18303000","background_overlay_gradient_angle":{"unit":"deg","size":110,"sizes":[]},"__globals__":{"background_overlay_color":"globals\/colors?id=astglobalcolor2","background_overlay_color_b":""},"flex_gap":{"column":"0","row":"18","isLinked":false,"unit":"px","size":0},"min_height":{"unit":"vh","size":100,"sizes":[]},"min_height_tablet":{"unit":"vh","size":"","sizes":[]},"min_height_mobile":{"unit":"vh","size":0,"sizes":[]},"flex_justify_content":"center","padding_tablet":{"unit":"px","top":"130","right":"32","bottom":"100","left":"32","isLinked":false},"padding_mobile":{"unit":"px","top":"130","right":"24","bottom":"80","left":"24","isLinked":false}},"elements":[{"id":"4de34555","settings":{"content_width":"full","title":"Create Stunning outdoor Gardens with Expert Care","header_size":"h1","_padding":{"unit":"%","top":"0","right":"39","bottom":"0","left":"0","isLinked":false},"_padding_tablet":{"unit":"%","top":"","right":"","bottom":"","left":"","isLinked":true},"_padding_mobile":{"unit":"%","top":"0","right":"0","bottom":"0","left":"0","isLinked":false},"__globals__":{"title_color":""},"typography_typography":"custom"},"elements":[],"isInner":false,"widgetType":"heading","elType":"widget"},{"id":"7405eace","settings":{"content_width":"full","editor":"Discover the Art of Sustainable and Beautiful Landscapes","__globals__":{"text_color":"globals\/colors?id=astglobalcolor5"}},"elements":[],"isInner":false,"widgetType":"text-editor","elType":"widget"},{"id":"440e1788","settings":{"content_width":"full","flex_direction":"row","padding":{"unit":"px","top":"0","right":"0","bottom":"0","left":"0","isLinked":false},"flex_gap":{"column":"16","row":"0","isLinked":false,"unit":"px","size":16},"margin":{"unit":"px","top":"40","right":"0","bottom":"0","left":"0","isLinked":false},"margin_tablet":{"unit":"px","top":"24","right":"0","bottom":"0","left":"0","isLinked":false},"flex_direction_mobile":"row","flex_justify_content_mobile":"flex-start","flex_gap_mobile":{"column":"15","row":"15","isLinked":false,"unit":"px","size":15},"margin_mobile":{"unit":"px","top":"12","right":"0","bottom":"0","left":"0","isLinked":false}},"elements":[{"id":"5b62cb20","settings":{"content_width":"full","text":"Get a Free Quote","button_type":"primary","button_background_hover_background":"","__globals__":[]},"elements":[],"isInner":false,"widgetType":"button","elType":"widget"},{"id":"5f3f375a","settings":{"content_width":"full","text":"Call Us Now","__globals__":[],"button_type":"secondary"},"elements":[],"isInner":false,"widgetType":"button","elType":"widget"}],"isInner":true,"elType":"container"}],"isInner":false,"elType":"container"},{"id":"6508e04a","settings":{"flex_direction":"row","boxed_width":{"unit":"px","size":1200,"sizes":[]},"flex_align_items":"flex-start","background_background":"classic","padding":{"unit":"px","top":"80","right":"40","bottom":"80","left":"40","isLinked":false},"__globals__":{"background_color":"globals\/colors?id=astglobalcolor4"},"padding_tablet":{"unit":"px","top":"64","right":"32","bottom":"64","left":"32","isLinked":false},"flex_gap_mobile":{"column":"0","row":"35","isLinked":false,"unit":"px","size":0},"padding_mobile":{"unit":"px","top":"64","right":"24","bottom":"64","left":"24","isLinked":false}},"elements":[{"id":"72f75be5","settings":{"content_width":"full","selected_icon":{"value":"fas fa-dollar-sign","library":"fa-solid"},"view":"stacked","title_text":"Affordable Prices","description_text":"Quality gardening and landscaping services at competitive, fair rates.","title_size":"h5","text_align":"left","icon_size":{"unit":"px","size":24,"sizes":[]},"icon_padding":{"unit":"px","size":13,"sizes":[]},"__globals__":{"primary_color":"globals\/colors?id=astglobalcolor3","secondary_color":"globals\/colors?id=astglobalcolor5"},"icon_space_mobile":{"unit":"px","size":12,"sizes":[]},"title_bottom_space_mobile":{"unit":"px","size":10,"sizes":[]},"icon_size_mobile":{"unit":"px","size":20,"sizes":[]},"icon_padding_mobile":{"unit":"px","size":12,"sizes":[]}},"elements":[],"isInner":false,"widgetType":"icon-box","elType":"widget"},{"id":"6cfa8d8e","settings":{"content_width":"full","selected_icon":{"value":"fas fa-user-secret","library":"fa-solid"},"view":"stacked","title_text":"Expert Team","description_text":"Skilled professionals dedicated to crafting stunning outdoor spaces.","title_size":"h5","text_align":"left","icon_size":{"unit":"px","size":24,"sizes":[]},"icon_padding":{"unit":"px","size":13,"sizes":[]},"__globals__":{"primary_color":"globals\/colors?id=astglobalcolor3","secondary_color":"globals\/colors?id=astglobalcolor5"},"icon_space_mobile":{"unit":"px","size":12,"sizes":[]},"title_bottom_space_mobile":{"unit":"px","size":10,"sizes":[]},"icon_size_mobile":{"unit":"px","size":20,"sizes":[]},"icon_padding_mobile":{"unit":"px","size":12,"sizes":[]}},"elements":[],"isInner":false,"widgetType":"icon-box","elType":"widget"},{"id":"65caf35a","settings":{"content_width":"full","selected_icon":{"value":"fas fa-recycle","library":"fa-solid"},"view":"stacked","title_text":"Sustainable Practices","description_text":"Eco-friendly solutions that enhance beauty and protect nature.","title_size":"h5","text_align":"left","icon_size":{"unit":"px","size":24,"sizes":[]},"icon_padding":{"unit":"px","size":13,"sizes":[]},"__globals__":{"primary_color":"globals\/colors?id=astglobalcolor3","secondary_color":"globals\/colors?id=astglobalcolor5"},"icon_space_mobile":{"unit":"px","size":12,"sizes":[]},"title_bottom_space_mobile":{"unit":"px","size":10,"sizes":[]},"icon_size_mobile":{"unit":"px","size":20,"sizes":[]},"icon_padding_mobile":{"unit":"px","size":12,"sizes":[]}},"elements":[],"isInner":false,"widgetType":"icon-box","elType":"widget"},{"id":"4949cff6","settings":{"content_width":"full","selected_icon":{"value":"fas fa-tree","library":"fa-solid"},"view":"stacked","title_text":"Customer Focus","description_text":"Prioritizing client satisfaction with personalized, attentive service.","title_size":"h5","text_align":"left","icon_size":{"unit":"px","size":24,"sizes":[]},"icon_padding":{"unit":"px","size":13,"sizes":[]},"__globals__":{"primary_color":"globals\/colors?id=astglobalcolor3","secondary_color":"globals\/colors?id=astglobalcolor5"},"icon_space_mobile":{"unit":"px","size":12,"sizes":[]},"title_bottom_space_mobile":{"unit":"px","size":10,"sizes":[]},"icon_size_mobile":{"unit":"px","size":20,"sizes":[]},"icon_padding_mobile":{"unit":"px","size":12,"sizes":[]}},"elements":[],"isInner":false,"widgetType":"icon-box","elType":"widget"}],"isInner":false,"elType":"container"},{"id":"6c86410f","settings":{"flex_direction":"row","flex_gap":{"unit":"px","size":48,"column":"48","row":"48","isLinked":true},"boxed_width":{"unit":"px","size":1200,"sizes":[]},"padding":{"unit":"px","top":"120","right":"40","bottom":"120","left":"40","isLinked":false},"flex_align_items":"center","flex_align_items_tablet":"flex-start","flex_gap_tablet":{"column":"35","row":"0","isLinked":false,"unit":"px","size":35},"padding_tablet":{"unit":"px","top":"80","right":"32","bottom":"80","left":"32","isLinked":false},"flex_gap_mobile":{"column":"0","row":"45","isLinked":false,"unit":"px","size":0},"padding_mobile":{"unit":"px","top":"64","right":"24","bottom":"64","left":"24","isLinked":false}},"elements":[{"id":"33f1a628","settings":{"flex_direction":"column","content_width":"full","width":{"unit":"%","size":"50"},"flex_gap":{"column":"0","row":"0","isLinked":false,"unit":"px","size":0},"padding":{"unit":"px","top":"0","right":"0","bottom":"0","left":"0","isLinked":false}},"elements":[{"id":"7a2e8d5f","settings":{"content_width":"full","image":{"id":14,"url":"https:\/\/athena.dev.ananass.fr\/wp-content\/uploads\/2025\/08\/about-1.jpg"},"image_size":"full","image_border_radius":{"unit":"px","top":"24","right":"24","bottom":"24","left":"24","isLinked":true},"_margin":{"unit":"px","top":"0","right":"20","bottom":"0","left":"0","isLinked":false}},"elements":[],"isInner":false,"widgetType":"image","elType":"widget"},{"id":"75e0bde0","settings":{"content_width":"full","image":{"id":15,"url":"https:\/\/athena.dev.ananass.fr\/wp-content\/uploads\/2025\/08\/about-2.jpg"},"image_size":"full","align":"right","image_border_border":"solid","image_border_width":{"unit":"px","top":"8","right":"0","bottom":"0","left":"8","isLinked":false},"image_border_radius":{"unit":"px","top":"24","right":"24","bottom":"24","left":"24","isLinked":true},"_margin":{"unit":"px","top":"-100","right":"0","bottom":"0","left":"0","isLinked":false},"__globals__":{"image_border_color":"globals\/colors?id=astglobalcolor5"},"_margin_tablet":{"unit":"px","top":"-50","right":"0","bottom":"0","left":"0","isLinked":false},"_margin_mobile":{"unit":"px","top":"-30","right":"0","bottom":"0","left":"0","isLinked":false}},"elements":[],"isInner":false,"widgetType":"image","elType":"widget"}],"isInner":true,"elType":"container"},{"id":"7af9207a","settings":{"flex_direction":"column","content_width":"full","width":{"unit":"%","size":"50"},"flex_gap":{"column":"0","row":"12","isLinked":false,"unit":"px","size":0},"padding":{"unit":"px","top":"0","right":"0","bottom":"0","left":"0","isLinked":false}},"elements":[{"id":"2643b32e","settings":{"content_width":"full","selected_icon":{"value":"fas fa-leaf","library":"fa-solid"},"title_text":"About us","description_text":"","title_size":"p","position":"left","content_vertical_alignment":"middle","text_align":"left","icon_space":{"unit":"px","size":6,"sizes":[]},"title_bottom_space":{"unit":"px","size":0,"sizes":[]},"icon_size":{"unit":"px","size":15,"sizes":[]},"title_typography_typography":"custom","title_typography_font_weight":"500","title_typography_text_transform":"uppercase","__globals__":{"title_color":"globals\/colors?id=astglobalcolor2","primary_color":"globals\/colors?id=astglobalcolor2"},"title_typography_letter_spacing":{"unit":"px","size":1,"sizes":[]},"position_mobile":"left"},"elements":[],"isInner":false,"widgetType":"icon-box","elType":"widget"},{"id":"7cc2fd81","settings":{"content_width":"full","title":"Bringing your Garden Dreams to Life","_margin":{"unit":"px","top":"0","right":"0","bottom":"6","left":"0","isLinked":false}},"elements":[],"isInner":false,"widgetType":"heading","elType":"widget"},{"id":"419279","settings":{"content_width":"full","editor":"With over 25 years of expertise in gardening and landscaping, we design and nurture stunning outdoor spaces tailored to your vision. From serene gardens to functional landscapes, our team is dedicated to excellence."},"elements":[],"isInner":false,"widgetType":"text-editor","elType":"widget"},{"id":"4c249649","settings":{"content_width":"full","icon_list":[{"text":"Commercial Gardening","selected_icon":{"value":"fas fa-check-circle","library":"fa-solid"},"_id":"89bca57"},{"text":"Residential Gardening","selected_icon":{"value":"fas fa-check-circle","library":"fa-solid"},"_id":"0d1c8d9"},{"text":"Industrial Gardening","selected_icon":{"value":"fas fa-check-circle","library":"fa-solid"},"_id":"3cc3df7"}],"icon_size":{"unit":"px","size":16,"sizes":[]},"icon_typography_typography":"custom","icon_typography_font_size":{"unit":"px","size":18,"sizes":[]},"icon_typography_font_weight":"500","_margin":{"unit":"px","top":"24","right":"0","bottom":"24","left":"0","isLinked":false},"__globals__":{"icon_color":"globals\/colors?id=astglobalcolor1","text_color":"globals\/colors?id=astglobalcolor2"},"_margin_tablet":{"unit":"px","top":"20","right":"0","bottom":"20","left":"0","isLinked":false}},"elements":[],"isInner":false,"widgetType":"icon-list","elType":"widget"},{"id":"4bcd1e3a","settings":{"content_width":"full","text":"Learn More","selected_icon":{"value":"fas fa-chevron-right","library":"fa-solid"},"icon_align":"row-reverse","icon_indent":{"unit":"px","size":8,"sizes":[]},"background_color":"#02010100","border_border":"solid","border_width":{"unit":"px","top":"2","right":"2","bottom":"2","left":"2","isLinked":true},"__globals__":{"button_text_color":"globals\/colors?id=astglobalcolor2","border_color":"globals\/colors?id=astglobalcolor2","hover_color":"globals\/colors?id=astglobalcolor2","button_background_hover_color":"globals\/colors?id=astglobalcolor1","button_hover_border_color":"globals\/colors?id=astglobalcolor1"}},"elements":[],"isInner":false,"widgetType":"button","elType":"widget"}],"isInner":true,"elType":"container"}],"isInner":false,"elType":"container"},{"id":"4963fa56","settings":{"flex_direction":"column","boxed_width":{"unit":"px","size":1200,"sizes":[]},"flex_gap":{"column":"0","row":"12","isLinked":false,"unit":"px","size":0},"background_background":"classic","padding":{"unit":"px","top":"120","right":"40","bottom":"120","left":"40","isLinked":false},"__globals__":{"background_color":"globals\/colors?id=astglobalcolor4"},"padding_tablet":{"unit":"px","top":"80","right":"32","bottom":"80","left":"32","isLinked":false},"padding_mobile":{"unit":"px","top":"64","right":"24","bottom":"64","left":"24","isLinked":false}},"elements":[{"id":"ba9dbe0","settings":{"content_width":"full","selected_icon":{"value":"fas fa-leaf","library":"fa-solid"},"title_text":"Our Services","description_text":"","title_size":"p","position":"left","content_vertical_alignment":"middle","text_align":"left","icon_space":{"unit":"px","size":6,"sizes":[]},"title_bottom_space":{"unit":"px","size":0,"sizes":[]},"icon_size":{"unit":"px","size":15,"sizes":[]},"title_typography_typography":"custom","title_typography_font_weight":"500","title_typography_text_transform":"uppercase","__globals__":{"title_color":"globals\/colors?id=astglobalcolor2","primary_color":"globals\/colors?id=astglobalcolor2"},"_flex_align_self":"center","title_typography_letter_spacing":{"unit":"px","size":1,"sizes":[]},"position_mobile":"left"},"elements":[],"isInner":false,"widgetType":"icon-box","elType":"widget"},{"id":"64d6c2b0","settings":{"content_width":"full","title":"Comprehensive Gardening and Landscaping Solutions","align":"center","_padding":{"unit":"%","top":"0","right":"8","bottom":"0","left":"8","isLinked":false},"_padding_tablet":{"unit":"%","top":"","right":"","bottom":"","left":"","isLinked":true},"_padding_mobile":{"unit":"%","top":"0","right":"0","bottom":"0","left":"0","isLinked":false}},"elements":[],"isInner":false,"widgetType":"heading","elType":"widget"},{"id":"486bed4e","settings":{"content_width":"full","container_type":"grid","flex_direction":"row","flex_align_items":"stretch","grid_columns_grid":{"unit":"fr","size":4,"sizes":[]},"grid_rows_grid":{"unit":"fr","size":1,"sizes":[]},"margin":{"unit":"px","top":"68","right":"0","bottom":"0","left":"0","isLinked":false},"padding":{"unit":"px","top":"0","right":"0","bottom":"0","left":"0","isLinked":false},"presetTitle":"Grid","presetIcon":"eicon-container-grid","grid_columns_grid_tablet":{"unit":"fr","size":2,"sizes":[]},"grid_rows_grid_tablet":{"unit":"fr","size":2,"sizes":[]},"margin_tablet":{"unit":"px","top":"48","right":"0","bottom":"0","left":"0","isLinked":false},"margin_mobile":{"unit":"px","top":"32","right":"0","bottom":"0","left":"0","isLinked":false},"grid_gaps_mobile":{"column":"0","row":"30","isLinked":false,"unit":"px"},"grid_align_items_tablet":"stretch"},"elements":[{"id":"6cd770f1","settings":{"content_width":"full","background_background":"classic","border_radius":{"unit":"px","top":"24","right":"24","bottom":"24","left":"24","isLinked":true},"margin":{"unit":"px","top":"0","right":"0","bottom":"0","left":"0","isLinked":false},"padding":{"unit":"px","top":"24","right":"24","bottom":"24","left":"24","isLinked":true},"__globals__":{"background_color":"globals\/colors?id=astglobalcolor5"},"border_radius_mobile":{"unit":"px","top":"12","right":"12","bottom":"12","left":"12","isLinked":true},"flex_justify_content_tablet":"flex-start"},"elements":[{"id":"41345239","settings":{"content_width":"full","selected_icon":{"value":{"id":16,"url":"https:\/\/athena.dev.ananass.fr\/wp-content\/uploads\/2025\/08\/design.svg"},"library":"svg"},"title_text":"Garden Design  & Planning","description_text":"Turn your ideas into stunning outdoor realities.","title_size":"h5","text_align":"left","icon_space":{"unit":"px","size":8,"sizes":[]},"title_bottom_space":{"unit":"px","size":12,"sizes":[]},"icon_size":{"unit":"px","size":38,"sizes":[]},"__globals__":{"primary_color":"globals\/colors?id=astglobalcolor2"}},"elements":[],"isInner":false,"widgetType":"icon-box","elType":"widget"},{"id":"4f01f1f8","settings":{"content_width":"full","image":{"id":17,"url":"https:\/\/athena.dev.ananass.fr\/wp-content\/uploads\/2025\/08\/services05.jpg"},"image_size":"full","image_border_radius":{"unit":"px","top":"12","right":"12","bottom":"12","left":"12","isLinked":true},"align_mobile":"left","image_border_radius_mobile":{"unit":"px","top":"8","right":"8","bottom":"8","left":"8","isLinked":true}},"elements":[],"isInner":false,"widgetType":"image","elType":"widget"}],"isInner":true,"elType":"container"},{"id":"bba892b","settings":{"content_width":"full","background_background":"classic","border_radius":{"unit":"px","top":"24","right":"24","bottom":"24","left":"24","isLinked":true},"margin":{"unit":"px","top":"0","right":"0","bottom":"0","left":"0","isLinked":false},"padding":{"unit":"px","top":"24","right":"24","bottom":"24","left":"24","isLinked":true},"__globals__":{"background_color":"globals\/colors?id=astglobalcolor5"},"flex_justify_content_tablet":"flex-start","border_radius_mobile":{"unit":"px","top":"12","right":"12","bottom":"12","left":"12","isLinked":true}},"elements":[{"id":"388eb482","settings":{"content_width":"full","selected_icon":{"value":{"id":18,"url":"https:\/\/athena.dev.ananass.fr\/wp-content\/uploads\/2025\/08\/gardener.svg"},"library":"svg"},"title_text":"Lawn Care & Maintenance","description_text":"Keep your garden vibrant and healthy year-round.","title_size":"h5","text_align":"left","icon_space":{"unit":"px","size":8,"sizes":[]},"title_bottom_space":{"unit":"px","size":12,"sizes":[]},"icon_size":{"unit":"px","size":38,"sizes":[]},"__globals__":{"primary_color":"globals\/colors?id=astglobalcolor2"}},"elements":[],"isInner":false,"widgetType":"icon-box","elType":"widget"},{"id":"75f7678a","settings":{"content_width":"full","image":{"id":19,"url":"https:\/\/athena.dev.ananass.fr\/wp-content\/uploads\/2025\/08\/services02.jpg"},"image_size":"full","image_border_radius":{"unit":"px","top":"12","right":"12","bottom":"12","left":"12","isLinked":true},"image_border_radius_mobile":{"unit":"px","top":"8","right":"8","bottom":"8","left":"8","isLinked":true}},"elements":[],"isInner":false,"widgetType":"image","elType":"widget"}],"isInner":true,"elType":"container"},{"id":"20b3fb7d","settings":{"content_width":"full","background_background":"classic","border_radius":{"unit":"px","top":"24","right":"24","bottom":"24","left":"24","isLinked":true},"margin":{"unit":"px","top":"0","right":"0","bottom":"0","left":"0","isLinked":false},"padding":{"unit":"px","top":"24","right":"24","bottom":"24","left":"24","isLinked":true},"__globals__":{"background_color":"globals\/colors?id=astglobalcolor5"},"flex_justify_content_tablet":"flex-start","border_radius_mobile":{"unit":"px","top":"12","right":"12","bottom":"12","left":"12","isLinked":true}},"elements":[{"id":"166ae230","settings":{"content_width":"full","selected_icon":{"value":{"id":20,"url":"https:\/\/athena.dev.ananass.fr\/wp-content\/uploads\/2025\/08\/bench.svg"},"library":"svg"},"title_text":"Landscape Architecture","description_text":"Enhance your landscape with beautiful patios.","title_size":"h5","text_align":"left","icon_space":{"unit":"px","size":8,"sizes":[]},"title_bottom_space":{"unit":"px","size":12,"sizes":[]},"icon_size":{"unit":"px","size":38,"sizes":[]},"__globals__":{"primary_color":"globals\/colors?id=astglobalcolor2"}},"elements":[],"isInner":false,"widgetType":"icon-box","elType":"widget"},{"id":"629abaf4","settings":{"content_width":"full","image":{"id":21,"url":"https:\/\/athena.dev.ananass.fr\/wp-content\/uploads\/2025\/08\/services03.jpg"},"image_size":"full","image_border_radius":{"unit":"px","top":"12","right":"12","bottom":"12","left":"12","isLinked":true},"image_border_radius_mobile":{"unit":"px","top":"8","right":"8","bottom":"8","left":"8","isLinked":true}},"elements":[],"isInner":false,"widgetType":"image","elType":"widget"}],"isInner":true,"elType":"container"},{"id":"51c4b536","settings":{"content_width":"full","background_background":"classic","border_radius":{"unit":"px","top":"24","right":"24","bottom":"24","left":"24","isLinked":true},"margin":{"unit":"px","top":"0","right":"0","bottom":"0","left":"0","isLinked":false},"padding":{"unit":"px","top":"24","right":"24","bottom":"24","left":"24","isLinked":true},"__globals__":{"background_color":"globals\/colors?id=astglobalcolor5"},"flex_justify_content_tablet":"flex-start","border_radius_mobile":{"unit":"px","top":"12","right":"12","bottom":"12","left":"12","isLinked":true}},"elements":[{"id":"3f1eb90d","settings":{"content_width":"full","selected_icon":{"value":{"id":22,"url":"https:\/\/athena.dev.ananass.fr\/wp-content\/uploads\/2025\/08\/plants.svg"},"library":"svg"},"title_text":"Seasonal Planting Services","description_text":"Keep your garden vibrant and healthy year-round.","title_size":"h5","text_align":"left","icon_space":{"unit":"px","size":8,"sizes":[]},"title_bottom_space":{"unit":"px","size":12,"sizes":[]},"icon_size":{"unit":"px","size":38,"sizes":[]},"__globals__":{"primary_color":"globals\/colors?id=astglobalcolor2"}},"elements":[],"isInner":false,"widgetType":"icon-box","elType":"widget"},{"id":"7aed97a","settings":{"content_width":"full","image":{"id":23,"url":"https:\/\/athena.dev.ananass.fr\/wp-content\/uploads\/2025\/08\/services04.jpg"},"image_size":"full","image_border_radius":{"unit":"px","top":"12","right":"12","bottom":"12","left":"12","isLinked":true},"image_border_radius_mobile":{"unit":"px","top":"8","right":"8","bottom":"8","left":"8","isLinked":true}},"elements":[],"isInner":false,"widgetType":"image","elType":"widget"}],"isInner":true,"elType":"container"}],"isInner":true,"elType":"container"},{"id":"3ebeec37","settings":{"content_width":"full","text":"Explore Our Services","selected_icon":{"value":"fas fa-chevron-right","library":"fa-solid"},"icon_align":"row-reverse","icon_indent":{"unit":"px","size":8,"sizes":[]},"background_color":"#02010100","border_border":"solid","border_width":{"unit":"px","top":"2","right":"2","bottom":"2","left":"2","isLinked":true},"__globals__":{"button_text_color":"globals\/colors?id=astglobalcolor2","border_color":"globals\/colors?id=astglobalcolor2","hover_color":"globals\/colors?id=astglobalcolor2","button_background_hover_color":"globals\/colors?id=astglobalcolor1","button_hover_border_color":"globals\/colors?id=astglobalcolor1"},"align":"center","_margin":{"unit":"px","top":"48","right":"0","bottom":"0","left":"0","isLinked":false},"_margin_tablet":{"unit":"px","top":"30","right":"0","bottom":"0","left":"0","isLinked":false}},"elements":[],"isInner":false,"widgetType":"button","elType":"widget"}],"isInner":false,"elType":"container"},{"id":"2177cfca","settings":{"flex_direction":"row","flex_gap":{"unit":"px","size":48,"column":"48","row":"0","isLinked":false},"boxed_width":{"unit":"px","size":1200,"sizes":[]},"flex_align_items":"center","background_background":"classic","padding":{"unit":"px","top":"120","right":"40","bottom":"120","left":"40","isLinked":false},"__globals__":{"background_color":"globals\/colors?id=astglobalcolor2"},"flex_align_items_tablet":"flex-start","flex_gap_mobile":{"column":"0","row":"44","isLinked":false,"unit":"px","size":0},"padding_tablet":{"unit":"px","top":"80","right":"32","bottom":"80","left":"32","isLinked":false},"padding_mobile":{"unit":"px","top":"64","right":"24","bottom":"64","left":"24","isLinked":false}},"elements":[{"id":"30663fff","settings":{"flex_direction":"column","content_width":"full","width":{"unit":"%","size":"50"},"flex_gap":{"column":"0","row":"0","isLinked":false,"unit":"px","size":0},"padding":{"unit":"px","top":"0","right":"0","bottom":"0","left":"0","isLinked":false}},"elements":[{"id":"7b3b26a9","settings":{"content_width":"full","selected_icon":{"value":"fas fa-leaf","library":"fa-solid"},"title_text":"Why Us","description_text":"","title_size":"p","position":"left","content_vertical_alignment":"middle","text_align":"left","icon_space":{"unit":"px","size":6,"sizes":[]},"title_bottom_space":{"unit":"px","size":0,"sizes":[]},"icon_size":{"unit":"px","size":15,"sizes":[]},"title_typography_typography":"custom","title_typography_font_weight":"500","title_typography_text_transform":"uppercase","__globals__":{"title_color":"globals\/colors?id=astglobalcolor5","primary_color":"globals\/colors?id=astglobalcolor5"},"_flex_align_self":"flex-start","title_typography_letter_spacing":{"unit":"px","size":1,"sizes":[]},"position_mobile":"left"},"elements":[],"isInner":false,"widgetType":"icon-box","elType":"widget"},{"id":"128c0500","settings":{"content_width":"full","title":"Our Commitment to Excellence","_margin":{"unit":"px","top":"12","right":"0","bottom":"60","left":"0","isLinked":false},"__globals__":{"title_color":"globals\/colors?id=astglobalcolor5"},"_margin_tablet":{"unit":"px","top":"12","right":"0","bottom":"40","left":"0","isLinked":false},"_padding_mobile":{"unit":"px","top":"0","right":"0","bottom":"0","left":"0","isLinked":false}},"elements":[],"isInner":false,"widgetType":"heading","elType":"widget"},{"id":"383fdcc9","settings":{"content_width":"full","selected_icon":{"value":"fas fa-star-of-life","library":"fa-solid"},"title_text":"Expertise & Experience","description_text":"With years of industry experience, our skilled team brings unparalleled knowledge and creativity to every project.","title_size":"h5","text_align":"left","icon_space":{"unit":"px","size":10,"sizes":[]},"title_bottom_space":{"unit":"px","size":6,"sizes":[]},"icon_size":{"unit":"px","size":28,"sizes":[]},"__globals__":{"title_color":"globals\/colors?id=astglobalcolor5","description_color":"globals\/colors?id=astglobalcolor5","primary_color":"globals\/colors?id=astglobalcolor0"},"icon_size_mobile":{"unit":"px","size":24,"sizes":[]}},"elements":[],"isInner":false,"widgetType":"icon-box","elType":"widget"},{"id":"3a753e53","settings":{"content_width":"full","text":"Divider","color":"#D7EFE233","gap":{"unit":"px","size":30,"sizes":[]}},"elements":[],"isInner":false,"widgetType":"divider","elType":"widget"},{"id":"77c0471a","settings":{"content_width":"full","selected_icon":{"value":"fas fa-star-of-life","library":"fa-solid"},"title_text":"Customized Solutions","description_text":"We tailor our services to meet your unique needs and vision, ensuring each outdoor space reflects your personal style.","title_size":"h5","text_align":"left","icon_space":{"unit":"px","size":10,"sizes":[]},"title_bottom_space":{"unit":"px","size":6,"sizes":[]},"icon_size":{"unit":"px","size":28,"sizes":[]},"__globals__":{"title_color":"globals\/colors?id=astglobalcolor5","description_color":"globals\/colors?id=astglobalcolor5","primary_color":"globals\/colors?id=astglobalcolor0"},"icon_size_mobile":{"unit":"px","size":24,"sizes":[]}},"elements":[],"isInner":false,"widgetType":"icon-box","elType":"widget"},{"id":"63255791","settings":{"content_width":"full","text":"Divider","color":"#D7EFE233","gap":{"unit":"px","size":30,"sizes":[]}},"elements":[],"isInner":false,"widgetType":"divider","elType":"widget"},{"id":"65134fc9","settings":{"content_width":"full","selected_icon":{"value":"fas fa-star-of-life","library":"fa-solid"},"title_text":"Sustainable Practices","description_text":"We prioritize eco-friendly methods and materials, fostering beautiful landscapes that respect the environment.","title_size":"h5","text_align":"left","icon_space":{"unit":"px","size":10,"sizes":[]},"title_bottom_space":{"unit":"px","size":6,"sizes":[]},"icon_size":{"unit":"px","size":28,"sizes":[]},"__globals__":{"title_color":"globals\/colors?id=astglobalcolor5","description_color":"globals\/colors?id=astglobalcolor5","primary_color":"globals\/colors?id=astglobalcolor0"},"icon_size_mobile":{"unit":"px","size":24,"sizes":[]}},"elements":[],"isInner":false,"widgetType":"icon-box","elType":"widget"}],"isInner":true,"elType":"container"},{"id":"697e6b80","settings":{"flex_direction":"column","content_width":"full","width":{"unit":"%","size":"50"},"padding":{"unit":"px","top":"0","right":"0","bottom":"0","left":"0","isLinked":false}},"elements":[{"id":"328ebf92","settings":{"content_width":"full","image":{"id":24,"url":"https:\/\/athena.dev.ananass.fr\/wp-content\/uploads\/2025\/08\/why-choose-us.jpg"},"image_size":"full","image_border_radius":{"unit":"px","top":"24","right":"24","bottom":"24","left":"24","isLinked":true}},"elements":[],"isInner":false,"widgetType":"image","elType":"widget"}],"isInner":true,"elType":"container"}],"isInner":false,"elType":"container"},{"id":"63d2c397","settings":{"flex_direction":"column","boxed_width":{"unit":"px","size":1200,"sizes":[]},"flex_gap":{"column":"0","row":"12","isLinked":false,"unit":"px","size":0},"padding":{"unit":"px","top":"120","right":"40","bottom":"120","left":"40","isLinked":false},"background_background":"classic","__globals__":{"background_color":"globals\/colors?id=astglobalcolor4"},"padding_tablet":{"unit":"px","top":"80","right":"32","bottom":"80","left":"32","isLinked":false},"padding_mobile":{"unit":"px","top":"64","right":"24","bottom":"64","left":"24","isLinked":false}},"elements":[{"id":"18a07cd1","settings":{"content_width":"full","selected_icon":{"value":"fas fa-leaf","library":"fa-solid"},"title_text":"Our Projects","description_text":"","title_size":"p","position":"left","content_vertical_alignment":"middle","text_align":"left","icon_space":{"unit":"px","size":6,"sizes":[]},"title_bottom_space":{"unit":"px","size":0,"sizes":[]},"icon_size":{"unit":"px","size":15,"sizes":[]},"title_typography_typography":"custom","title_typography_font_weight":"500","title_typography_text_transform":"uppercase","__globals__":{"title_color":"globals\/colors?id=astglobalcolor2","primary_color":"globals\/colors?id=astglobalcolor2"},"_flex_align_self":"center","title_typography_letter_spacing":{"unit":"px","size":1,"sizes":[]},"position_mobile":"","content_vertical_alignment_mobile":"middle"},"elements":[],"isInner":false,"widgetType":"icon-box","elType":"widget"},{"id":"99816d6","settings":{"content_width":"full","title":"Our Stunning Projects","align":"center"},"elements":[],"isInner":false,"widgetType":"heading","elType":"widget"},{"id":"471539ae","settings":{"content_width":"full","container_type":"grid","flex_direction":"row","grid_rows_grid":{"unit":"fr","size":1,"sizes":[]},"margin":{"unit":"px","top":"68","right":"0","bottom":"48","left":"0","isLinked":false},"padding":{"unit":"px","top":"0","right":"0","bottom":"0","left":"0","isLinked":false},"presetTitle":"Grid","presetIcon":"eicon-container-grid","margin_tablet":{"unit":"px","top":"48","right":"0","bottom":"24","left":"0","isLinked":false},"margin_mobile":{"unit":"px","top":"33","right":"0","bottom":"30","left":"0","isLinked":false},"grid_gaps_mobile":{"column":"0","row":"30","isLinked":false,"unit":"px"}},"elements":[{"id":"4231dafd","settings":{"content_width":"full","image":{"id":25,"url":"https:\/\/athena.dev.ananass.fr\/wp-content\/uploads\/2025\/08\/projects-01.jpg"},"image_size":"full","image_border_radius":{"unit":"px","top":"24","right":"24","bottom":"24","left":"24","isLinked":true}},"elements":[],"isInner":false,"widgetType":"image","elType":"widget"},{"id":"136aeaa2","settings":{"content_width":"full","flex_justify_content":"center","background_background":"classic","background_image":{"id":26,"url":"https:\/\/athena.dev.ananass.fr\/wp-content\/uploads\/2025\/08\/projects-02.jpg"},"background_position":"center center","background_repeat":"no-repeat","background_size":"cover","background_overlay_background":"classic","background_overlay_opacity":{"unit":"px","size":0.64,"sizes":[]},"border_radius":{"unit":"px","top":"24","right":"24","bottom":"24","left":"24","isLinked":true},"padding":{"unit":"px","top":"0","right":"0","bottom":"0","left":"0","isLinked":false},"__globals__":{"background_overlay_color":"globals\/colors?id=astglobalcolor7"},"padding_tablet":{"unit":"px","top":"0","right":"20","bottom":"0","left":"20","isLinked":false},"padding_mobile":{"unit":"px","top":"124","right":"20","bottom":"124","left":"20","isLinked":false}},"elements":[{"id":"4eb76ed8","settings":{"content_width":"full","title":"Modern Backyard Retreat","header_size":"h5","align":"center","typography_typography":"custom","typography_font_size":{"unit":"px","size":20,"sizes":[]},"__globals__":{"title_color":"globals\/colors?id=astglobalcolor5"}},"elements":[],"isInner":false,"widgetType":"heading","elType":"widget"}],"isInner":true,"elType":"container"},{"id":"6e02fbb","settings":{"content_width":"full","image":{"id":27,"url":"https:\/\/athena.dev.ananass.fr\/wp-content\/uploads\/2025\/08\/projects-03.jpg"},"image_size":"full","image_border_radius":{"unit":"px","top":"24","right":"24","bottom":"24","left":"24","isLinked":true}},"elements":[],"isInner":false,"widgetType":"image","elType":"widget"}],"isInner":true,"elType":"container"},{"id":"7126d4e6","settings":{"content_width":"full","text":"View All Projects","selected_icon":{"value":"fas fa-chevron-right","library":"fa-solid"},"icon_align":"row-reverse","icon_indent":{"unit":"px","size":8,"sizes":[]},"background_color":"#02010100","border_border":"solid","border_width":{"unit":"px","top":"2","right":"2","bottom":"2","left":"2","isLinked":true},"__globals__":{"button_text_color":"globals\/colors?id=astglobalcolor2","border_color":"globals\/colors?id=astglobalcolor2","hover_color":"globals\/colors?id=astglobalcolor2","button_background_hover_color":"globals\/colors?id=astglobalcolor1","button_hover_border_color":"globals\/colors?id=astglobalcolor1"},"align":"center"},"elements":[],"isInner":false,"widgetType":"button","elType":"widget"}],"isInner":false,"elType":"container"},{"id":"184d7375","settings":{"flex_direction":"column","boxed_width":{"unit":"px","size":1200,"sizes":[]},"background_background":"classic","padding":{"unit":"px","top":"120","right":"40","bottom":"120","left":"40","isLinked":false},"__globals__":{"background_color":""},"flex_gap":{"column":"0","row":"12","isLinked":false,"unit":"px","size":0},"padding_tablet":{"unit":"px","top":"80","right":"32","bottom":"80","left":"32","isLinked":false},"padding_mobile":{"unit":"px","top":"64","right":"24","bottom":"64","left":"24","isLinked":false}},"elements":[{"id":"4750947d","settings":{"content_width":"full","selected_icon":{"value":"fas fa-leaf","library":"fa-solid"},"title_text":"Testimonials","description_text":"","title_size":"p","position":"left","content_vertical_alignment":"middle","text_align":"left","icon_space":{"unit":"px","size":6,"sizes":[]},"title_bottom_space":{"unit":"px","size":0,"sizes":[]},"icon_size":{"unit":"px","size":15,"sizes":[]},"title_typography_typography":"custom","title_typography_font_weight":"500","title_typography_text_transform":"uppercase","__globals__":{"title_color":"globals\/colors?id=astglobalcolor2","primary_color":"globals\/colors?id=astglobalcolor2"},"_flex_align_self":"center","title_typography_letter_spacing":{"unit":"px","size":1,"sizes":[]},"position_mobile":"","content_vertical_alignment_mobile":"middle"},"elements":[],"isInner":false,"widgetType":"icon-box","elType":"widget"},{"id":"404dc312","settings":{"content_width":"full","title":"Honest Reviews from our Customers  ","align":"center","_padding":{"unit":"%","top":"0","right":"18","bottom":"0","left":"18","isLinked":false},"_padding_tablet":{"unit":"%","top":"","right":"","bottom":"","left":"","isLinked":true},"_padding_mobile":{"unit":"%","top":"0","right":"0","bottom":"0","left":"0","isLinked":false}},"elements":[],"isInner":false,"widgetType":"heading","elType":"widget"},{"id":"7bc41543","settings":{"container_type":"grid","presetTitle":"Grid","presetIcon":"eicon-container-grid","content_width":"full","grid_columns_grid":{"unit":"fr","size":2,"sizes":[]},"grid_rows_grid":{"unit":"fr","size":1,"sizes":[]},"padding":{"unit":"px","top":"0","right":"0","bottom":"0","left":"0","isLinked":false},"margin":{"unit":"px","top":"68","right":"0","bottom":"0","left":"0","isLinked":false},"margin_tablet":{"unit":"px","top":"48","right":"0","bottom":"0","left":"0","isLinked":false},"margin_mobile":{"unit":"px","top":"28","right":"0","bottom":"0","left":"0","isLinked":false}},"elements":[{"id":"753121a1","settings":{"content_width":"full","background_background":"classic","border_radius":{"unit":"px","top":"24","right":"24","bottom":"24","left":"24","isLinked":true},"padding":{"unit":"px","top":"40","right":"32","bottom":"40","left":"32","isLinked":false},"__globals__":{"background_color":"globals\/colors?id=astglobalcolor4"},"flex_direction_mobile":"column","flex_gap_mobile":{"column":"0","row":"15","isLinked":false,"unit":"px","size":0},"border_radius_mobile":{"unit":"px","top":"12","right":"12","bottom":"12","left":"12","isLinked":true},"padding_mobile":{"unit":"px","top":"24","right":"24","bottom":"24","left":"24","isLinked":true}},"elements":[{"id":"62c4b114","settings":{"content_width":"full","image":{"id":28,"url":"https:\/\/athena.dev.ananass.fr\/wp-content\/uploads\/2025\/08\/testimonial-01.png"},"title_text":"Jane Anderson","description_text":"Homeowner, San Diego","position":"left","title_size":"h5","content_vertical_alignment":"middle","image_space":{"unit":"px","size":10,"sizes":[]},"title_bottom_space":{"unit":"px","size":0,"sizes":[]},"image_size":{"unit":"px","size":64,"sizes":[]},"image_size_tablet":{"unit":"px","size":"","sizes":[]},"image_size_mobile":{"unit":"px","size":44,"sizes":[]},"title_typography_typography":"custom","title_typography_font_size":{"unit":"px","size":20,"sizes":[]},"position_mobile":"top","content_vertical_alignment_mobile":"middle","text_align_mobile":"left","image_space_mobile":{"unit":"px","size":12,"sizes":[]},"title_bottom_space_mobile":{"unit":"px","size":0,"sizes":[]},"_margin":{"unit":"px","top":"0","right":"0","bottom":"0","left":"0","isLinked":false},"_padding":{"unit":"px","top":"0","right":"0","bottom":"0","left":"0","isLinked":false}},"elements":[],"isInner":false,"widgetType":"image-box","elType":"widget"},{"id":"2d59084e","settings":{"content_width":"full","editor":"\"The team at Earthly Elegance totally transformed our backyard into a stunning oasis. Their attention to detail and creativity exceeded our expectations!\""},"elements":[],"isInner":false,"widgetType":"text-editor","elType":"widget"},{"id":"64b50603","settings":{"content_width":"full","container_type":"grid","flex_direction":"row","grid_columns_grid":{"unit":"fr","size":2,"sizes":[]},"grid_rows_grid":{"unit":"fr","size":1,"sizes":[]},"grid_align_items":"center","padding":{"unit":"px","top":"0","right":"0","bottom":"0","left":"0","isLinked":false},"presetTitle":"Grid","presetIcon":"eicon-container-grid","grid_columns_grid_mobile":{"unit":"fr","size":2,"sizes":[]}},"elements":[{"id":"2bf00de4","settings":{"content_width":"full","icon_size":{"unit":"px","size":20,"sizes":[]}},"elements":[],"isInner":false,"widgetType":"rating","elType":"widget"},{"id":"102dc3f0","settings":{"content_width":"full","selected_icon":{"value":"fab fa-google","library":"fa-brands"},"link":{"url":"#","is_external":"","nofollow":"","custom_attributes":""},"align":"right","size":{"unit":"px","size":32,"sizes":[]},"__globals__":{"primary_color":"globals\/colors?id=astglobalcolor2"},"size_mobile":{"unit":"px","size":24,"sizes":[]}},"elements":[],"isInner":false,"widgetType":"icon","elType":"widget"}],"isInner":true,"elType":"container"}],"isInner":true,"elType":"container"},{"id":"7f6b07d9","settings":{"content_width":"full","background_background":"classic","border_radius":{"unit":"px","top":"24","right":"24","bottom":"24","left":"24","isLinked":true},"padding":{"unit":"px","top":"40","right":"32","bottom":"40","left":"32","isLinked":false},"__globals__":{"background_color":"globals\/colors?id=astglobalcolor4"},"flex_gap_mobile":{"column":"0","row":"15","isLinked":false,"unit":"px","size":0},"border_radius_mobile":{"unit":"px","top":"12","right":"12","bottom":"12","left":"12","isLinked":true},"padding_mobile":{"unit":"px","top":"24","right":"24","bottom":"24","left":"24","isLinked":true}},"elements":[{"id":"780d32dd","settings":{"content_width":"full","image":{"id":29,"url":"https:\/\/athena.dev.ananass.fr\/wp-content\/uploads\/2025\/08\/testimonial-02.png"},"title_text":"James Head","description_text":"Homeowner, New York City","position":"left","title_size":"h5","content_vertical_alignment":"middle","image_space":{"unit":"px","size":10,"sizes":[]},"title_bottom_space":{"unit":"px","size":0,"sizes":[]},"image_size":{"unit":"px","size":64,"sizes":[]},"image_size_tablet":{"unit":"px","size":"","sizes":[]},"image_size_mobile":{"unit":"px","size":44,"sizes":[]},"title_typography_typography":"custom","title_typography_font_size":{"unit":"px","size":20,"sizes":[]},"position_mobile":"top","text_align_mobile":"left","image_space_mobile":{"unit":"px","size":12,"sizes":[]},"title_bottom_space_mobile":{"unit":"px","size":0,"sizes":[]}},"elements":[],"isInner":false,"widgetType":"image-box","elType":"widget"},{"id":"33233c36","settings":{"content_width":"full","editor":"\"The team at Earthly Elegance totally transformed our backyard into a stunning oasis. Their attention to detail and creativity exceeded our expectations!\""},"elements":[],"isInner":false,"widgetType":"text-editor","elType":"widget"},{"id":"5c46a1d2","settings":{"content_width":"full","container_type":"grid","flex_direction":"row","grid_columns_grid":{"unit":"fr","size":2,"sizes":[]},"grid_rows_grid":{"unit":"fr","size":1,"sizes":[]},"grid_align_items":"center","padding":{"unit":"px","top":"0","right":"0","bottom":"0","left":"0","isLinked":false},"presetTitle":"Grid","presetIcon":"eicon-container-grid","grid_columns_grid_mobile":{"unit":"fr","size":2,"sizes":[]}},"elements":[{"id":"da3d8f1","settings":{"content_width":"full","icon_size":{"unit":"px","size":20,"sizes":[]}},"elements":[],"isInner":false,"widgetType":"rating","elType":"widget"},{"id":"18443081","settings":{"content_width":"full","selected_icon":{"value":"fab fa-google","library":"fa-brands"},"link":{"url":"#","is_external":"","nofollow":"","custom_attributes":""},"align":"right","size":{"unit":"px","size":32,"sizes":[]},"__globals__":{"primary_color":"globals\/colors?id=astglobalcolor2"},"size_mobile":{"unit":"px","size":24,"sizes":[]}},"elements":[],"isInner":false,"widgetType":"icon","elType":"widget"}],"isInner":true,"elType":"container"}],"isInner":true,"elType":"container"}],"isInner":true,"elType":"container"}],"isInner":false,"elType":"container"},{"id":"7e2eb556","settings":{"flex_direction":"column","boxed_width":{"unit":"px","size":1200,"sizes":[]},"flex_align_items":"flex-end","background_background":"classic","background_image":{"id":9,"url":"https:\/\/athena.dev.ananass.fr\/wp-content\/uploads\/2025\/08\/footer-bg.jpg"},"background_repeat":"no-repeat","background_size":"cover","background_overlay_background":"gradient","background_overlay_color_stop":{"unit":"%","size":74,"sizes":[]},"background_overlay_color_b_stop":{"unit":"%","size":47,"sizes":[]},"background_overlay_gradient_angle":{"unit":"deg","size":184,"sizes":[]},"background_overlay_opacity":{"unit":"px","size":0.24,"sizes":[]},"padding":{"unit":"px","top":"120","right":"40","bottom":"120","left":"40","isLinked":false},"__globals__":{"background_overlay_color":"globals\/colors?id=astglobalcolor2","background_overlay_color_b":"globals\/colors?id=astglobalcolor2"},"padding_tablet":{"unit":"px","top":"80","right":"32","bottom":"80","left":"32","isLinked":false},"padding_mobile":{"unit":"px","top":"64","right":"24","bottom":"64","left":"24","isLinked":false}},"elements":[{"id":"194a2c1b","settings":{"content_width":"full","width":{"unit":"%","size":50,"sizes":[]},"padding":{"unit":"px","top":"0","right":"0","bottom":"0","left":"0","isLinked":false},"flex_gap_mobile":{"column":"0","row":"15","isLinked":false,"unit":"px","size":0}},"elements":[{"id":"4ce57d70","settings":{"content_width":"full","title":"Ready to transform your outdoor space?","__globals__":{"title_color":"globals\/colors?id=astglobalcolor5"}},"elements":[],"isInner":false,"widgetType":"heading","elType":"widget"},{"id":"ca34c86","settings":{"content_width":"full","editor":"Contact us today to schedule a consultation or to learn more about our services.","__globals__":{"text_color":"globals\/colors?id=astglobalcolor5"}},"elements":[],"isInner":false,"widgetType":"text-editor","elType":"widget"},{"id":"6ca20eaa","settings":{"content_width":"full","text":"Get A Free Quote","_margin":{"unit":"px","top":"20","right":"0","bottom":"0","left":"0","isLinked":false},"_margin_tablet":{"unit":"px","top":"10","right":"0","bottom":"0","left":"0","isLinked":false},"_margin_mobile":{"unit":"px","top":"12","right":"0","bottom":"0","left":"0","isLinked":false}},"elements":[],"isInner":false,"widgetType":"button","elType":"widget"}],"isInner":true,"elType":"container"}],"isInner":false,"elType":"container"}],"settings":{"template":"elementor_header_footer","astra_sites_main_color":"var(--ast-global-color-0)","astra_sites_heading_base_color":"var(--ast-global-color-2)","astra_sites_link_color":"var(--ast-global-color-0)","astra_sites_link_hover_color":"var(--ast-global-color-1)","astra_sites_text_color":"var(--ast-global-color-3)","astra_sites_body_typography":"custom","astra_sites_body_font_size":{"unit":"px","size":16},"astra_sites_body_font_family":"Karla","astra_sites_body_font_weight":"400","astra_sites_heading_1_typography":"custom","astra_sites_heading_1_font_size":{"unit":"px","size":74},"astra_sites_heading_1_font_size_tablet":{"unit":"px","size":48},"astra_sites_heading_1_font_size_mobile":{"unit":"px","size":36},"astra_sites_default_heading_font_family":"'Bricolage Grotesque', sans-serif","astra_sites_heading_1_font_family":"'Bricolage Grotesque'","astra_sites_heading_1_font_weight":"600","astra_sites_heading_2_typography":"custom","astra_sites_heading_2_font_size":{"unit":"px","size":54},"astra_sites_heading_2_font_size_tablet":{"unit":"px","size":32},"astra_sites_heading_2_font_size_mobile":{"unit":"px","size":28},"astra_sites_heading_2_font_family":"'Bricolage Grotesque'","astra_sites_heading_2_font_weight":"600","astra_sites_heading_3_typography":"custom","astra_sites_heading_3_font_size":{"unit":"px","size":42},"astra_sites_heading_3_font_size_tablet":{"unit":"px","size":26},"astra_sites_heading_3_font_size_mobile":{"unit":"px","size":22},"astra_sites_heading_3_font_family":"'Bricolage Grotesque'","astra_sites_heading_3_font_weight":"600","astra_sites_heading_4_typography":"custom","astra_sites_heading_4_font_size":{"unit":"px","size":32},"astra_sites_heading_4_font_size_tablet":{"unit":"px","size":22},"astra_sites_heading_4_font_size_mobile":{"unit":"px","size":20},"astra_sites_heading_4_font_family":"'Bricolage Grotesque'","astra_sites_heading_4_font_weight":"600","astra_sites_heading_5_typography":"custom","astra_sites_heading_5_font_size":{"unit":"px","size":24},"astra_sites_heading_5_font_size_tablet":{"unit":"px","size":20},"astra_sites_heading_5_font_size_mobile":{"unit":"px","size":18},"astra_sites_heading_5_font_family":"'Bricolage Grotesque'","astra_sites_heading_5_font_weight":"600","astra_sites_heading_6_typography":"custom","astra_sites_heading_6_font_size":{"unit":"px","size":18},"astra_sites_heading_6_font_size_tablet":{"unit":"px","size":16},"astra_sites_heading_6_font_size_mobile":{"unit":"px","size":16},"astra_sites_heading_6_font_family":"'Bricolage Grotesque'","astra_sites_heading_6_font_weight":"600","astra_sites_page_setting_enable":"","hide_title":"yes"},"metadata":{"site-post-title":"disabled","surerank_seo_checks":"s:1485:\"a:11:{s:14:\"h2_subheadings\";a:2:{s:6:\"status\";s:7:\"success\";s:7:\"message\";s:40:\"La page contient au moins un sous-titre.\";}s:14:\"image_alt_text\";a:4:{s:6:\"status\";s:7:\"success\";s:11:\"description\";a:1:{i:0;s:53:\"Les images sur le post\/la page ont des attributs alt.\";}s:7:\"message\";s:54:\"Toutes les images de cette page ont des attributs alt.\";s:11:\"show_images\";b:0;}s:13:\"media_present\";a:2:{s:6:\"status\";s:7:\"success\";s:7:\"message\";s:69:\"Cette page inclut des images ou des vid\u00e9os pour enrichir le contenu.\";}s:13:\"links_present\";a:2:{s:6:\"status\";s:7:\"success\";s:7:\"message\";s:37:\"Des liens sont pr\u00e9sents sur la page.\";}s:10:\"url_length\";a:2:{s:6:\"status\";s:7:\"success\";s:7:\"message\";s:54:\"L'URL de la page est courte et conviviale pour le SEO.\";}s:19:\"search_engine_title\";a:2:{s:6:\"status\";s:7:\"success\";s:7:\"message\";s:77:\"Le titre du moteur de recherche est pr\u00e9sent et fait moins de 60 caract\u00e8res.\";}s:25:\"search_engine_description\";a:2:{s:6:\"status\";s:7:\"success\";s:7:\"message\";s:85:\"La description du moteur de recherche est pr\u00e9sente et fait moins de 160 caract\u00e8res.\";}s:13:\"canonical_url\";a:2:{s:6:\"status\";s:7:\"success\";s:7:\"message\";s:46:\"La balise canonique est pr\u00e9sente sur la page.\";}s:9:\"all_links\";a:1:{i:0;s:3:\"\"#\"\";}s:15:\"open_graph_tags\";a:2:{s:6:\"status\";s:7:\"success\";s:7:\"message\";s:51:\"Les balises Open Graph sont pr\u00e9sentes sur la page.\";}s:12:\"broken_links\";a:2:{s:6:\"status\";s:7:\"success\";s:7:\"message\";s:38:\"Aucun lien bris\u00e9 trouv\u00e9 sur la page.\";}}\";","surerank_seo_checks_last_updated":"1755729686","site-sidebar-layout":"no-sidebar","ast-site-content-layout":"full-width-container","site-content-style":"unboxed","theme-transparent-header-meta":"enabled","site-sidebar-style":"unboxed","ast-title-bar-display":"disabled","ast-featured-img":"disabled","astra-main-page-id":"94319","ast_self_id_94319":"1"}}