{"content":[{"id":"22b0ba83","settings":{"flex_direction":"column","boxed_width":{"unit":"px","size":1200,"sizes":[]},"min_height":{"unit":"vh","size":75,"sizes":[]},"min_height_tablet":{"unit":"vh","size":"","sizes":[]},"min_height_mobile":{"unit":"vh","size":0,"sizes":[]},"flex_justify_content":"center","background_background":"classic","background_image":{"id":33,"url":"https:\/\/athena.dev.ananass.fr\/wp-content\/uploads\/2025\/08\/about-hero-bg.jpg"},"background_position":"center center","background_repeat":"no-repeat","background_size":"cover","background_overlay_background":"gradient","background_overlay_opacity":{"unit":"px","size":0.65,"sizes":[]},"padding":{"unit":"px","top":"140","right":"40","bottom":"100","left":"40","isLinked":false},"__globals__":{"background_overlay_color":"globals\/colors?id=astglobalcolor2","background_overlay_color_b":"globals\/colors?id=astglobalcolor2"},"padding_tablet":{"unit":"px","top":"100","right":"32","bottom":"100","left":"32","isLinked":false},"padding_mobile":{"unit":"px","top":"120","right":"24","bottom":"64","left":"24","isLinked":false},"flex_gap_mobile":{"column":"0","row":"12","isLinked":false,"unit":"px","size":0},"background_video_fallback":{"url":"","id":"","size":""},"background_slideshow_gallery":[],"background_hover_image":{"url":"","id":"","size":""},"background_hover_video_fallback":{"url":"","id":"","size":""},"background_hover_slideshow_gallery":[],"background_overlay_image":{"url":"","id":"","size":""},"background_overlay_video_fallback":{"url":"","id":"","size":""},"background_overlay_slideshow_gallery":[],"background_overlay_hover_image":{"url":"","id":"","size":""},"background_overlay_hover_video_fallback":{"url":"","id":"","size":""},"background_overlay_hover_slideshow_gallery":[]},"elements":[{"id":"3edb4473","settings":{"content_width":"full","title":"Welcome to Earthly Elegance","header_size":"h1","__globals__":{"title_color":"globals\/colors?id=astglobalcolor5"},"_padding":{"unit":"%","top":"0","right":"35","bottom":"0","left":"0","isLinked":false},"_padding_tablet":{"unit":"%","top":"","right":"","bottom":"","left":"","isLinked":true},"_padding_mobile":{"unit":"%","top":"0","right":"0","bottom":"0","left":"0","isLinked":false},"_background_image":{"url":"","id":"","size":""},"_background_video_fallback":{"url":"","id":"","size":""},"_background_slideshow_gallery":[],"_background_hover_image":{"url":"","id":"","size":""},"_background_hover_video_fallback":{"url":"","id":"","size":""},"_background_hover_slideshow_gallery":[],"_mask_image":{"url":"","id":"","size":""}},"elements":[],"isInner":false,"widgetType":"heading","elType":"widget"},{"id":"3f44bdf0","settings":{"content_width":"full","editor":"From Innovative Design to Meticulous Maintenance, We Deliver Exceptional Results Tailored to your vision.","_margin":{"unit":"px","top":"0","right":"0","bottom":"0","left":"0","isLinked":false},"_padding":{"unit":"%","top":"0","right":"50","bottom":"0","left":"0","isLinked":false},"_padding_tablet":{"unit":"%","top":"0","right":"20","bottom":"0","left":"0","isLinked":false},"_padding_mobile":{"unit":"%","top":"0","right":"0","bottom":"0","left":"0","isLinked":false},"__globals__":{"text_color":"globals\/colors?id=astglobalcolor5"},"_background_image":{"url":"","id":"","size":""},"_background_video_fallback":{"url":"","id":"","size":""},"_background_slideshow_gallery":[],"_background_hover_image":{"url":"","id":"","size":""},"_background_hover_video_fallback":{"url":"","id":"","size":""},"_background_hover_slideshow_gallery":[],"_mask_image":{"url":"","id":"","size":""}},"elements":[],"isInner":false,"widgetType":"text-editor","elType":"widget"}],"isInner":false,"elType":"container"},{"id":"15120f67","settings":{"flex_direction":"column","flex_gap":{"unit":"px","size":0,"column":"0","row":"0","isLinked":true},"boxed_width":{"unit":"px","size":1200,"sizes":[]},"padding":{"unit":"px","top":"120","right":"40","bottom":"0","left":"40","isLinked":false},"flex_gap_tablet":{"column":"0","row":"60","isLinked":false,"unit":"px","size":0},"flex_gap_mobile":{"column":"0","row":"45","isLinked":false,"unit":"px","size":0},"padding_tablet":{"unit":"px","top":"80","right":"32","bottom":"0","left":"32","isLinked":false},"padding_mobile":{"unit":"px","top":"64","right":"24","bottom":"0","left":"24","isLinked":false},"background_image":{"url":"","id":"","size":""},"background_video_fallback":{"url":"","id":"","size":""},"background_slideshow_gallery":[],"background_hover_image":{"url":"","id":"","size":""},"background_hover_video_fallback":{"url":"","id":"","size":""},"background_hover_slideshow_gallery":[],"background_overlay_image":{"url":"","id":"","size":""},"background_overlay_video_fallback":{"url":"","id":"","size":""},"background_overlay_slideshow_gallery":[],"background_overlay_hover_image":{"url":"","id":"","size":""},"background_overlay_hover_video_fallback":{"url":"","id":"","size":""},"background_overlay_hover_slideshow_gallery":[]},"elements":[{"id":"3c69796","settings":{"content_width":"full","flex_direction":"row","flex_align_items":"center","flex_gap":{"column":"44","row":"0","isLinked":false,"unit":"px","size":44},"padding":{"unit":"px","top":"0","right":"0","bottom":"0","left":"0","isLinked":false},"flex_gap_tablet":{"column":"32","row":"0","isLinked":false,"unit":"px","size":32},"flex_gap_mobile":{"column":"0","row":"15","isLinked":false,"unit":"px","size":0},"background_image":{"url":"","id":"","size":""},"background_video_fallback":{"url":"","id":"","size":""},"background_slideshow_gallery":[],"background_hover_image":{"url":"","id":"","size":""},"background_hover_video_fallback":{"url":"","id":"","size":""},"background_hover_slideshow_gallery":[],"background_overlay_image":{"url":"","id":"","size":""},"background_overlay_video_fallback":{"url":"","id":"","size":""},"background_overlay_slideshow_gallery":[],"background_overlay_hover_image":{"url":"","id":"","size":""},"background_overlay_hover_video_fallback":{"url":"","id":"","size":""},"background_overlay_hover_slideshow_gallery":[]},"elements":[{"id":"704cbb2f","settings":{"flex_direction":"column","content_width":"full","width":{"unit":"%","size":"50"},"flex_gap":{"column":"0","row":"12","isLinked":false,"unit":"px","size":0},"padding":{"unit":"px","top":"0","right":"0","bottom":"0","left":"0","isLinked":false},"background_image":{"url":"","id":"","size":""},"background_video_fallback":{"url":"","id":"","size":""},"background_slideshow_gallery":[],"background_hover_image":{"url":"","id":"","size":""},"background_hover_video_fallback":{"url":"","id":"","size":""},"background_hover_slideshow_gallery":[],"background_overlay_image":{"url":"","id":"","size":""},"background_overlay_video_fallback":{"url":"","id":"","size":""},"background_overlay_slideshow_gallery":[],"background_overlay_hover_image":{"url":"","id":"","size":""},"background_overlay_hover_video_fallback":{"url":"","id":"","size":""},"background_overlay_hover_slideshow_gallery":[]},"elements":[{"id":"a822ea0","settings":{"content_width":"full","selected_icon":{"value":"fas fa-leaf","library":"fa-solid"},"title_text":"Our Story","description_text":"","title_size":"p","position":"left","content_vertical_alignment":"middle","icon_space":{"unit":"px","size":6,"sizes":[]},"title_bottom_space":{"unit":"px","size":0,"sizes":[]},"icon_size":{"unit":"px","size":15,"sizes":[]},"title_typography_typography":"custom","title_typography_font_weight":"500","title_typography_text_transform":"uppercase","__globals__":{"title_color":"globals\/colors?id=astglobalcolor2","primary_color":"globals\/colors?id=astglobalcolor2"},"title_typography_letter_spacing":{"unit":"px","size":1,"sizes":[]},"_flex_align_self":"flex-start","position_mobile":"left","_background_image":{"url":"","id":"","size":""},"_background_video_fallback":{"url":"","id":"","size":""},"_background_slideshow_gallery":[],"_background_hover_image":{"url":"","id":"","size":""},"_background_hover_video_fallback":{"url":"","id":"","size":""},"_background_hover_slideshow_gallery":[],"_mask_image":{"url":"","id":"","size":""}},"elements":[],"isInner":false,"widgetType":"icon-box","elType":"widget"},{"id":"97a77ca","settings":{"content_width":"full","title":"Crafting Gardens & Landscapes with Expertise and Care","_background_image":{"url":"","id":"","size":""},"_background_video_fallback":{"url":"","id":"","size":""},"_background_slideshow_gallery":[],"_background_hover_image":{"url":"","id":"","size":""},"_background_hover_video_fallback":{"url":"","id":"","size":""},"_background_hover_slideshow_gallery":[],"_mask_image":{"url":"","id":"","size":""}},"elements":[],"isInner":false,"widgetType":"heading","elType":"widget"}],"isInner":true,"elType":"container"},{"id":"772ee53f","settings":{"flex_direction":"column","content_width":"full","width":{"unit":"%","size":"50"},"padding":{"unit":"px","top":"0","right":"0","bottom":"0","left":"0","isLinked":false},"background_image":{"url":"","id":"","size":""},"background_video_fallback":{"url":"","id":"","size":""},"background_slideshow_gallery":[],"background_hover_image":{"url":"","id":"","size":""},"background_hover_video_fallback":{"url":"","id":"","size":""},"background_hover_slideshow_gallery":[],"background_overlay_image":{"url":"","id":"","size":""},"background_overlay_video_fallback":{"url":"","id":"","size":""},"background_overlay_slideshow_gallery":[],"background_overlay_hover_image":{"url":"","id":"","size":""},"background_overlay_hover_video_fallback":{"url":"","id":"","size":""},"background_overlay_hover_slideshow_gallery":[]},"elements":[{"id":"79cafaf1","settings":{"content_width":"full","editor":"Founded in 2021 by James White, Earthly Elegance began as a small family business with a vision to bring high-quality landscaping to the community. Over the years, we've grown into a team of dedicated professionals who share a common goal: to provide exceptional service and innovative design solutions.","_background_image":{"url":"","id":"","size":""},"_background_video_fallback":{"url":"","id":"","size":""},"_background_slideshow_gallery":[],"_background_hover_image":{"url":"","id":"","size":""},"_background_hover_video_fallback":{"url":"","id":"","size":""},"_background_hover_slideshow_gallery":[],"_mask_image":{"url":"","id":"","size":""}},"elements":[],"isInner":false,"widgetType":"text-editor","elType":"widget"}],"isInner":true,"elType":"container"}],"isInner":true,"elType":"container"},{"id":"4eb6185e","settings":{"content_width":"full","image":{"id":34,"url":"https:\/\/athena.dev.ananass.fr\/wp-content\/uploads\/2025\/08\/our-story.jpg"},"image_size":"full","image_border_radius":{"unit":"px","top":"24","right":"24","bottom":"24","left":"24","isLinked":true},"_margin":{"unit":"px","top":"0","right":"0","bottom":"-280","left":"0","isLinked":false},"_z_index":1,"image_border_radius_mobile":{"unit":"px","top":"12","right":"12","bottom":"12","left":"12","isLinked":true},"_margin_tablet":{"unit":"px","top":"0","right":"0","bottom":"-120","left":"0","isLinked":false},"_margin_mobile":{"unit":"px","top":"0","right":"0","bottom":"-50","left":"0","isLinked":false},"_background_image":{"url":"","id":"","size":""},"_background_video_fallback":{"url":"","id":"","size":""},"_background_slideshow_gallery":[],"_background_hover_image":{"url":"","id":"","size":""},"_background_hover_video_fallback":{"url":"","id":"","size":""},"_background_hover_slideshow_gallery":[],"_mask_image":{"url":"","id":"","size":""}},"elements":[],"isInner":false,"widgetType":"image","elType":"widget"}],"isInner":false,"elType":"container"},{"id":"2fe44d77","settings":{"flex_direction":"column","boxed_width":{"unit":"px","size":1200,"sizes":[]},"background_background":"classic","padding":{"unit":"px","top":"280","right":"40","bottom":"0","left":"40","isLinked":false},"__globals__":{"background_color":"globals\/colors?id=astglobalcolor7"},"padding_tablet":{"unit":"px","top":"120","right":"32","bottom":"0","left":"32","isLinked":false},"padding_mobile":{"unit":"px","top":"100","right":"24","bottom":"0","left":"24","isLinked":false},"background_image":{"url":"","id":"","size":""},"background_video_fallback":{"url":"","id":"","size":""},"background_slideshow_gallery":[],"background_hover_image":{"url":"","id":"","size":""},"background_hover_video_fallback":{"url":"","id":"","size":""},"background_hover_slideshow_gallery":[],"background_overlay_image":{"url":"","id":"","size":""},"background_overlay_video_fallback":{"url":"","id":"","size":""},"background_overlay_slideshow_gallery":[],"background_overlay_hover_image":{"url":"","id":"","size":""},"background_overlay_hover_video_fallback":{"url":"","id":"","size":""},"background_overlay_hover_slideshow_gallery":[]},"elements":[{"id":"696649ad","settings":{"content_width":"full","flex_direction":"row","flex_align_items":"center","border_border":"solid","border_width":{"unit":"px","top":"0","right":"0","bottom":"1","left":"0","isLinked":false},"padding":{"unit":"px","top":"60","right":"40","bottom":"60","left":"40","isLinked":false},"__globals__":{"border_color":"globals\/colors?id=astglobalcolor6"},"flex_gap_tablet":{"column":"20","row":"0","isLinked":false,"unit":"px","size":20},"flex_gap_mobile":{"column":"0","row":"20","isLinked":false,"unit":"px","size":0},"padding_tablet":{"unit":"px","top":"50","right":"0","bottom":"50","left":"0","isLinked":false},"padding_mobile":{"unit":"px","top":"0","right":"0","bottom":"50","left":"0","isLinked":false},"flex_justify_content_tablet":"flex-start","background_image":{"url":"","id":"","size":""},"background_video_fallback":{"url":"","id":"","size":""},"background_slideshow_gallery":[],"background_hover_image":{"url":"","id":"","size":""},"background_hover_video_fallback":{"url":"","id":"","size":""},"background_hover_slideshow_gallery":[],"background_overlay_image":{"url":"","id":"","size":""},"background_overlay_video_fallback":{"url":"","id":"","size":""},"background_overlay_slideshow_gallery":[],"background_overlay_hover_image":{"url":"","id":"","size":""},"background_overlay_hover_video_fallback":{"url":"","id":"","size":""},"background_overlay_hover_slideshow_gallery":[]},"elements":[{"id":"1e196d3f","settings":{"content_width":"full","flex_direction":"row","flex_align_items":"center","padding":{"unit":"px","top":"0","right":"0","bottom":"0","left":"0","isLinked":false},"width_tablet":{"unit":"%","size":33,"sizes":[]},"width_mobile":{"unit":"%","size":"","sizes":[]},"flex_gap_tablet":{"column":"10","row":"0","isLinked":false,"unit":"px","size":10},"flex_gap_mobile":{"column":"8","row":"0","isLinked":false,"unit":"px","size":8},"flex_direction_mobile":"row","flex_align_items_tablet":"flex-start","flex_align_items_mobile":"center","background_image":{"url":"","id":"","size":""},"background_video_fallback":{"url":"","id":"","size":""},"background_slideshow_gallery":[],"background_hover_image":{"url":"","id":"","size":""},"background_hover_video_fallback":{"url":"","id":"","size":""},"background_hover_slideshow_gallery":[],"background_overlay_image":{"url":"","id":"","size":""},"background_overlay_video_fallback":{"url":"","id":"","size":""},"background_overlay_slideshow_gallery":[],"background_overlay_hover_image":{"url":"","id":"","size":""},"background_overlay_hover_video_fallback":{"url":"","id":"","size":""},"background_overlay_hover_slideshow_gallery":[]},"elements":[{"id":"48e698f8","settings":{"content_width":"full","width":{"unit":"%","size":14,"sizes":[]},"width_tablet":{"unit":"%","size":17,"sizes":[]},"width_mobile":{"unit":"%","size":6,"sizes":[]},"padding":{"unit":"px","top":"0","right":"0","bottom":"0","left":"0","isLinked":false},"background_image":{"url":"","id":"","size":""},"background_video_fallback":{"url":"","id":"","size":""},"background_slideshow_gallery":[],"background_hover_image":{"url":"","id":"","size":""},"background_hover_video_fallback":{"url":"","id":"","size":""},"background_hover_slideshow_gallery":[],"background_overlay_image":{"url":"","id":"","size":""},"background_overlay_video_fallback":{"url":"","id":"","size":""},"background_overlay_slideshow_gallery":[],"background_overlay_hover_image":{"url":"","id":"","size":""},"background_overlay_hover_video_fallback":{"url":"","id":"","size":""},"background_overlay_hover_slideshow_gallery":[]},"elements":[{"id":"79a028a7","settings":{"content_width":"full","title":"15","__globals__":{"title_color":"globals\/colors?id=astglobalcolor5"},"_background_image":{"url":"","id":"","size":""},"_background_video_fallback":{"url":"","id":"","size":""},"_background_slideshow_gallery":[],"_background_hover_image":{"url":"","id":"","size":""},"_background_hover_video_fallback":{"url":"","id":"","size":""},"_background_hover_slideshow_gallery":[],"_mask_image":{"url":"","id":"","size":""}},"elements":[],"isInner":false,"widgetType":"heading","elType":"widget"}],"isInner":true,"elType":"container"},{"id":"2857146a","settings":{"content_width":"full","width":{"unit":"%","size":86,"sizes":[]},"width_tablet":{"unit":"px","size":83,"sizes":[]},"width_mobile":{"unit":"%","size":80,"sizes":[]},"padding":{"unit":"px","top":"0","right":"0","bottom":"0","left":"0","isLinked":false},"background_image":{"url":"","id":"","size":""},"background_video_fallback":{"url":"","id":"","size":""},"background_slideshow_gallery":[],"background_hover_image":{"url":"","id":"","size":""},"background_hover_video_fallback":{"url":"","id":"","size":""},"background_hover_slideshow_gallery":[],"background_overlay_image":{"url":"","id":"","size":""},"background_overlay_video_fallback":{"url":"","id":"","size":""},"background_overlay_slideshow_gallery":[],"background_overlay_hover_image":{"url":"","id":"","size":""},"background_overlay_hover_video_fallback":{"url":"","id":"","size":""},"background_overlay_hover_slideshow_gallery":[]},"elements":[{"id":"71f2335d","settings":{"content_width":"full","editor":"Years of experience","_padding":{"unit":"%","top":"0","right":"30","bottom":"0","left":"0","isLinked":false},"_padding_tablet":{"unit":"%","top":"0","right":"0","bottom":"0","left":"0","isLinked":false},"_padding_mobile":{"unit":"%","top":"0","right":"0","bottom":"0","left":"0","isLinked":false},"__globals__":{"text_color":"globals\/colors?id=astglobalcolor5"},"_background_image":{"url":"","id":"","size":""},"_background_video_fallback":{"url":"","id":"","size":""},"_background_slideshow_gallery":[],"_background_hover_image":{"url":"","id":"","size":""},"_background_hover_video_fallback":{"url":"","id":"","size":""},"_background_hover_slideshow_gallery":[],"_mask_image":{"url":"","id":"","size":""}},"elements":[],"isInner":false,"widgetType":"text-editor","elType":"widget"}],"isInner":true,"elType":"container"}],"isInner":true,"elType":"container"},{"id":"3aa3ac0d","settings":{"content_width":"full","flex_direction":"row","flex_align_items":"center","padding":{"unit":"px","top":"0","right":"0","bottom":"0","left":"0","isLinked":false},"width_tablet":{"unit":"%","size":33,"sizes":[]},"width_mobile":{"unit":"%","size":"","sizes":[]},"flex_gap_tablet":{"column":"10","row":"0","isLinked":false,"unit":"px","size":10},"flex_gap_mobile":{"column":"8","row":"0","isLinked":false,"unit":"px","size":8},"flex_align_items_tablet":"flex-start","flex_align_items_mobile":"center","background_image":{"url":"","id":"","size":""},"background_video_fallback":{"url":"","id":"","size":""},"background_slideshow_gallery":[],"background_hover_image":{"url":"","id":"","size":""},"background_hover_video_fallback":{"url":"","id":"","size":""},"background_hover_slideshow_gallery":[],"background_overlay_image":{"url":"","id":"","size":""},"background_overlay_video_fallback":{"url":"","id":"","size":""},"background_overlay_slideshow_gallery":[],"background_overlay_hover_image":{"url":"","id":"","size":""},"background_overlay_hover_video_fallback":{"url":"","id":"","size":""},"background_overlay_hover_slideshow_gallery":[]},"elements":[{"id":"6164412d","settings":{"content_width":"full","width":{"unit":"%","size":29,"sizes":[]},"width_mobile":{"unit":"%","size":13,"sizes":[]},"padding":{"unit":"px","top":"0","right":"0","bottom":"0","left":"0","isLinked":false},"background_image":{"url":"","id":"","size":""},"background_video_fallback":{"url":"","id":"","size":""},"background_slideshow_gallery":[],"background_hover_image":{"url":"","id":"","size":""},"background_hover_video_fallback":{"url":"","id":"","size":""},"background_hover_slideshow_gallery":[],"background_overlay_image":{"url":"","id":"","size":""},"background_overlay_video_fallback":{"url":"","id":"","size":""},"background_overlay_slideshow_gallery":[],"background_overlay_hover_image":{"url":"","id":"","size":""},"background_overlay_hover_video_fallback":{"url":"","id":"","size":""},"background_overlay_hover_slideshow_gallery":[]},"elements":[{"id":"e65a05a","settings":{"content_width":"full","title":"36K","__globals__":{"title_color":"globals\/colors?id=astglobalcolor5"},"_background_image":{"url":"","id":"","size":""},"_background_video_fallback":{"url":"","id":"","size":""},"_background_slideshow_gallery":[],"_background_hover_image":{"url":"","id":"","size":""},"_background_hover_video_fallback":{"url":"","id":"","size":""},"_background_hover_slideshow_gallery":[],"_mask_image":{"url":"","id":"","size":""}},"elements":[],"isInner":false,"widgetType":"heading","elType":"widget"}],"isInner":true,"elType":"container"},{"id":"530fc304","settings":{"content_width":"full","width":{"unit":"%","size":69,"sizes":[]},"width_mobile":{"unit":"%","size":76,"sizes":[]},"padding":{"unit":"px","top":"0","right":"0","bottom":"0","left":"0","isLinked":false},"background_image":{"url":"","id":"","size":""},"background_video_fallback":{"url":"","id":"","size":""},"background_slideshow_gallery":[],"background_hover_image":{"url":"","id":"","size":""},"background_hover_video_fallback":{"url":"","id":"","size":""},"background_hover_slideshow_gallery":[],"background_overlay_image":{"url":"","id":"","size":""},"background_overlay_video_fallback":{"url":"","id":"","size":""},"background_overlay_slideshow_gallery":[],"background_overlay_hover_image":{"url":"","id":"","size":""},"background_overlay_hover_video_fallback":{"url":"","id":"","size":""},"background_overlay_hover_slideshow_gallery":[]},"elements":[{"id":"7bec2aae","settings":{"content_width":"full","editor":"Satisfied clients around the USA","_padding":{"unit":"%","top":"0","right":"27","bottom":"0","left":"0","isLinked":false},"_padding_tablet":{"unit":"%","top":"0","right":"0","bottom":"0","left":"0","isLinked":false},"_padding_mobile":{"unit":"%","top":"","right":"","bottom":"","left":"","isLinked":true},"__globals__":{"text_color":"globals\/colors?id=astglobalcolor5"},"_background_image":{"url":"","id":"","size":""},"_background_video_fallback":{"url":"","id":"","size":""},"_background_slideshow_gallery":[],"_background_hover_image":{"url":"","id":"","size":""},"_background_hover_video_fallback":{"url":"","id":"","size":""},"_background_hover_slideshow_gallery":[],"_mask_image":{"url":"","id":"","size":""}},"elements":[],"isInner":false,"widgetType":"text-editor","elType":"widget"}],"isInner":true,"elType":"container"}],"isInner":true,"elType":"container"},{"id":"10209eee","settings":{"content_width":"full","flex_direction":"row","flex_align_items":"center","padding":{"unit":"px","top":"0","right":"0","bottom":"0","left":"0","isLinked":false},"flex_gap_tablet":{"column":"10","row":"0","isLinked":false,"unit":"px","size":10},"flex_gap_mobile":{"column":"8","row":"0","isLinked":false,"unit":"px","size":8},"width_tablet":{"unit":"%","size":33,"sizes":[]},"width_mobile":{"unit":"%","size":"","sizes":[]},"flex_align_items_tablet":"flex-start","flex_align_items_mobile":"center","background_image":{"url":"","id":"","size":""},"background_video_fallback":{"url":"","id":"","size":""},"background_slideshow_gallery":[],"background_hover_image":{"url":"","id":"","size":""},"background_hover_video_fallback":{"url":"","id":"","size":""},"background_hover_slideshow_gallery":[],"background_overlay_image":{"url":"","id":"","size":""},"background_overlay_video_fallback":{"url":"","id":"","size":""},"background_overlay_slideshow_gallery":[],"background_overlay_hover_image":{"url":"","id":"","size":""},"background_overlay_hover_video_fallback":{"url":"","id":"","size":""},"background_overlay_hover_slideshow_gallery":[]},"elements":[{"id":"99c913b","settings":{"content_width":"full","width":{"unit":"%","size":28,"sizes":[]},"width_mobile":{"unit":"%","size":13,"sizes":[]},"padding":{"unit":"px","top":"0","right":"0","bottom":"0","left":"0","isLinked":false},"background_image":{"url":"","id":"","size":""},"background_video_fallback":{"url":"","id":"","size":""},"background_slideshow_gallery":[],"background_hover_image":{"url":"","id":"","size":""},"background_hover_video_fallback":{"url":"","id":"","size":""},"background_hover_slideshow_gallery":[],"background_overlay_image":{"url":"","id":"","size":""},"background_overlay_video_fallback":{"url":"","id":"","size":""},"background_overlay_slideshow_gallery":[],"background_overlay_hover_image":{"url":"","id":"","size":""},"background_overlay_hover_video_fallback":{"url":"","id":"","size":""},"background_overlay_hover_slideshow_gallery":[]},"elements":[{"id":"49a179cc","settings":{"content_width":"full","title":"642","__globals__":{"title_color":"globals\/colors?id=astglobalcolor5"},"_background_image":{"url":"","id":"","size":""},"_background_video_fallback":{"url":"","id":"","size":""},"_background_slideshow_gallery":[],"_background_hover_image":{"url":"","id":"","size":""},"_background_hover_video_fallback":{"url":"","id":"","size":""},"_background_hover_slideshow_gallery":[],"_mask_image":{"url":"","id":"","size":""}},"elements":[],"isInner":false,"widgetType":"heading","elType":"widget"}],"isInner":true,"elType":"container"},{"id":"194ad80d","settings":{"content_width":"full","width":{"unit":"%","size":68,"sizes":[]},"width_mobile":{"unit":"%","size":75,"sizes":[]},"padding":{"unit":"px","top":"0","right":"0","bottom":"0","left":"0","isLinked":false},"background_image":{"url":"","id":"","size":""},"background_video_fallback":{"url":"","id":"","size":""},"background_slideshow_gallery":[],"background_hover_image":{"url":"","id":"","size":""},"background_hover_video_fallback":{"url":"","id":"","size":""},"background_hover_slideshow_gallery":[],"background_overlay_image":{"url":"","id":"","size":""},"background_overlay_video_fallback":{"url":"","id":"","size":""},"background_overlay_slideshow_gallery":[],"background_overlay_hover_image":{"url":"","id":"","size":""},"background_overlay_hover_video_fallback":{"url":"","id":"","size":""},"background_overlay_hover_slideshow_gallery":[]},"elements":[{"id":"44ec19e1","settings":{"content_width":"full","editor":"Project completed in 12 States","_padding":{"unit":"%","top":"0","right":"32","bottom":"0","left":"0","isLinked":false},"_padding_tablet":{"unit":"%","top":"0","right":"0","bottom":"0","left":"0","isLinked":true},"_padding_mobile":{"unit":"%","top":"","right":"","bottom":"","left":"","isLinked":true},"__globals__":{"text_color":"globals\/colors?id=astglobalcolor5"},"_background_image":{"url":"","id":"","size":""},"_background_video_fallback":{"url":"","id":"","size":""},"_background_slideshow_gallery":[],"_background_hover_image":{"url":"","id":"","size":""},"_background_hover_video_fallback":{"url":"","id":"","size":""},"_background_hover_slideshow_gallery":[],"_mask_image":{"url":"","id":"","size":""}},"elements":[],"isInner":false,"widgetType":"text-editor","elType":"widget"}],"isInner":true,"elType":"container"}],"isInner":true,"elType":"container"}],"isInner":true,"elType":"container"}],"isInner":false,"elType":"container"},{"id":"17931530","settings":{"flex_direction":"column","boxed_width":{"unit":"px","size":1200,"sizes":[]},"flex_gap":{"column":"0","row":"12","isLinked":false,"unit":"px","size":0},"background_background":"classic","padding":{"unit":"px","top":"120","right":"40","bottom":"120","left":"40","isLinked":false},"__globals__":{"background_color":"globals\/colors?id=astglobalcolor7"},"padding_tablet":{"unit":"px","top":"50","right":"32","bottom":"80","left":"32","isLinked":false},"padding_mobile":{"unit":"px","top":"50","right":"24","bottom":"64","left":"24","isLinked":false},"background_image":{"url":"","id":"","size":""},"background_video_fallback":{"url":"","id":"","size":""},"background_slideshow_gallery":[],"background_hover_image":{"url":"","id":"","size":""},"background_hover_video_fallback":{"url":"","id":"","size":""},"background_hover_slideshow_gallery":[],"background_overlay_image":{"url":"","id":"","size":""},"background_overlay_video_fallback":{"url":"","id":"","size":""},"background_overlay_slideshow_gallery":[],"background_overlay_hover_image":{"url":"","id":"","size":""},"background_overlay_hover_video_fallback":{"url":"","id":"","size":""},"background_overlay_hover_slideshow_gallery":[]},"elements":[{"id":"f80bd75","settings":{"content_width":"full","selected_icon":{"value":"fas fa-leaf","library":"fa-solid"},"title_text":"Our Process","description_text":"","title_size":"p","position":"left","content_vertical_alignment":"middle","icon_space":{"unit":"px","size":6,"sizes":[]},"title_bottom_space":{"unit":"px","size":0,"sizes":[]},"icon_size":{"unit":"px","size":15,"sizes":[]},"title_typography_typography":"custom","title_typography_font_weight":"500","title_typography_text_transform":"uppercase","__globals__":{"title_color":"globals\/colors?id=astglobalcolor5","primary_color":"globals\/colors?id=astglobalcolor5"},"title_typography_letter_spacing":{"unit":"px","size":1,"sizes":[]},"_flex_align_self":"flex-start","position_mobile":"left","_background_image":{"url":"","id":"","size":""},"_background_video_fallback":{"url":"","id":"","size":""},"_background_slideshow_gallery":[],"_background_hover_image":{"url":"","id":"","size":""},"_background_hover_video_fallback":{"url":"","id":"","size":""},"_background_hover_slideshow_gallery":[],"_mask_image":{"url":"","id":"","size":""}},"elements":[],"isInner":false,"widgetType":"icon-box","elType":"widget"},{"id":"25d96186","settings":{"content_width":"full","title":"Steps to Your Dream Outdoor Space","_padding":{"unit":"%","top":"0","right":"45","bottom":"0","left":"0","isLinked":false},"_padding_tablet":{"unit":"%","top":"0","right":"30","bottom":"0","left":"0","isLinked":false},"_padding_mobile":{"unit":"%","top":"0","right":"0","bottom":"0","left":"0","isLinked":false},"__globals__":{"title_color":"globals\/colors?id=astglobalcolor5"},"_background_image":{"url":"","id":"","size":""},"_background_video_fallback":{"url":"","id":"","size":""},"_background_slideshow_gallery":[],"_background_hover_image":{"url":"","id":"","size":""},"_background_hover_video_fallback":{"url":"","id":"","size":""},"_background_hover_slideshow_gallery":[],"_mask_image":{"url":"","id":"","size":""}},"elements":[],"isInner":false,"widgetType":"heading","elType":"widget"},{"id":"1e34ed83","settings":{"content_width":"full","flex_direction":"row","flex_align_items":"stretch","margin":{"unit":"px","top":"68","right":"0","bottom":"0","left":"0","isLinked":false},"padding":{"unit":"px","top":"0","right":"0","bottom":"0","left":"0","isLinked":false},"margin_tablet":{"unit":"px","top":"48","right":"0","bottom":"0","left":"0","isLinked":false},"margin_mobile":{"unit":"px","top":"33","right":"0","bottom":"0","left":"0","isLinked":false},"background_image":{"url":"","id":"","size":""},"background_video_fallback":{"url":"","id":"","size":""},"background_slideshow_gallery":[],"background_hover_image":{"url":"","id":"","size":""},"background_hover_video_fallback":{"url":"","id":"","size":""},"background_hover_slideshow_gallery":[],"background_overlay_image":{"url":"","id":"","size":""},"background_overlay_video_fallback":{"url":"","id":"","size":""},"background_overlay_slideshow_gallery":[],"background_overlay_hover_image":{"url":"","id":"","size":""},"background_overlay_hover_video_fallback":{"url":"","id":"","size":""},"background_overlay_hover_slideshow_gallery":[]},"elements":[{"id":"14ecba35","settings":{"content_width":"full","selected_icon":{"value":{"id":35,"url":"https:\/\/athena.dev.ananass.fr\/wp-content\/uploads\/2025\/08\/consultation-1.svg"},"library":"svg"},"title_text":"1. Consult","description_text":"We begin with a personalized consultation to capture your vision and needs.","title_size":"h4","text_align":"center","icon_space":{"unit":"px","size":12,"sizes":[]},"title_bottom_space":{"unit":"px","size":12,"sizes":[]},"icon_size":{"unit":"px","size":48,"sizes":[]},"_padding":{"unit":"px","top":"32","right":"32","bottom":"32","left":"32","isLinked":true},"_background_background":"classic","_border_radius":{"unit":"px","top":"24","right":"24","bottom":"24","left":"24","isLinked":true},"__globals__":{"_background_color":"globals\/colors?id=astglobalcolor4"},"_border_radius_mobile":{"unit":"px","top":"12","right":"12","bottom":"12","left":"12","isLinked":true},"_background_image":{"url":"","id":"","size":""},"_background_video_fallback":{"url":"","id":"","size":""},"_background_slideshow_gallery":[],"_background_hover_image":{"url":"","id":"","size":""},"_background_hover_video_fallback":{"url":"","id":"","size":""},"_background_hover_slideshow_gallery":[],"_mask_image":{"url":"","id":"","size":""}},"elements":[],"isInner":false,"widgetType":"icon-box","elType":"widget"},{"id":"3f3c029d","settings":{"content_width":"full","selected_icon":{"value":{"id":35,"url":"https:\/\/athena.dev.ananass.fr\/wp-content\/uploads\/2025\/08\/consultation-1.svg"},"library":"svg"},"title_text":"2. Design","description_text":"Our experts craft a detailed plan with eco-friendly practices for your approval.","title_size":"h4","text_align":"center","icon_space":{"unit":"px","size":12,"sizes":[]},"title_bottom_space":{"unit":"px","size":12,"sizes":[]},"icon_size":{"unit":"px","size":48,"sizes":[]},"_padding":{"unit":"px","top":"32","right":"32","bottom":"32","left":"32","isLinked":true},"_background_background":"classic","_border_radius":{"unit":"px","top":"24","right":"24","bottom":"24","left":"24","isLinked":true},"__globals__":{"_background_color":"globals\/colors?id=astglobalcolor4"},"_border_radius_mobile":{"unit":"px","top":"12","right":"12","bottom":"12","left":"12","isLinked":true},"_background_image":{"url":"","id":"","size":""},"_background_video_fallback":{"url":"","id":"","size":""},"_background_slideshow_gallery":[],"_background_hover_image":{"url":"","id":"","size":""},"_background_hover_video_fallback":{"url":"","id":"","size":""},"_background_hover_slideshow_gallery":[],"_mask_image":{"url":"","id":"","size":""}},"elements":[],"isInner":false,"widgetType":"icon-box","elType":"widget"},{"id":"274abfb1","settings":{"content_width":"full","selected_icon":{"value":{"id":35,"url":"https:\/\/athena.dev.ananass.fr\/wp-content\/uploads\/2025\/08\/consultation-1.svg"},"library":"svg"},"title_text":"3. Execute","description_text":"Our skilled team transforms your space with precision and care.","title_size":"h4","text_align":"center","icon_space":{"unit":"px","size":12,"sizes":[]},"title_bottom_space":{"unit":"px","size":12,"sizes":[]},"icon_size":{"unit":"px","size":48,"sizes":[]},"_padding":{"unit":"px","top":"32","right":"32","bottom":"32","left":"32","isLinked":true},"_background_background":"classic","_border_radius":{"unit":"px","top":"24","right":"24","bottom":"24","left":"24","isLinked":true},"__globals__":{"_background_color":"globals\/colors?id=astglobalcolor4"},"_border_radius_mobile":{"unit":"px","top":"12","right":"12","bottom":"12","left":"12","isLinked":true},"_background_image":{"url":"","id":"","size":""},"_background_video_fallback":{"url":"","id":"","size":""},"_background_slideshow_gallery":[],"_background_hover_image":{"url":"","id":"","size":""},"_background_hover_video_fallback":{"url":"","id":"","size":""},"_background_hover_slideshow_gallery":[],"_mask_image":{"url":"","id":"","size":""}},"elements":[],"isInner":false,"widgetType":"icon-box","elType":"widget"}],"isInner":true,"elType":"container"}],"isInner":false,"elType":"container"},{"id":"5c2b9de7","settings":{"flex_direction":"row","flex_gap":{"unit":"px","size":48,"column":"48","row":"48","isLinked":true},"boxed_width":{"unit":"px","size":1200,"sizes":[]},"flex_align_items":"center","padding":{"unit":"px","top":"120","right":"40","bottom":"120","left":"40","isLinked":false},"flex_align_items_tablet":"flex-start","flex_gap_mobile":{"column":"0","row":"40","isLinked":false,"unit":"px","size":0},"padding_tablet":{"unit":"px","top":"80","right":"32","bottom":"80","left":"32","isLinked":false},"padding_mobile":{"unit":"px","top":"64","right":"24","bottom":"64","left":"24","isLinked":false},"flex_gap_tablet":{"column":"24","row":"0","isLinked":false,"unit":"px","size":24},"background_image":{"url":"","id":"","size":""},"background_video_fallback":{"url":"","id":"","size":""},"background_slideshow_gallery":[],"background_hover_image":{"url":"","id":"","size":""},"background_hover_video_fallback":{"url":"","id":"","size":""},"background_hover_slideshow_gallery":[],"background_overlay_image":{"url":"","id":"","size":""},"background_overlay_video_fallback":{"url":"","id":"","size":""},"background_overlay_slideshow_gallery":[],"background_overlay_hover_image":{"url":"","id":"","size":""},"background_overlay_hover_video_fallback":{"url":"","id":"","size":""},"background_overlay_hover_slideshow_gallery":[]},"elements":[{"id":"4eb2bec6","settings":{"flex_direction":"column","content_width":"full","width":{"unit":"%","size":"50"},"padding":{"unit":"px","top":"0","right":"0","bottom":"0","left":"0","isLinked":false},"background_image":{"url":"","id":"","size":""},"background_video_fallback":{"url":"","id":"","size":""},"background_slideshow_gallery":[],"background_hover_image":{"url":"","id":"","size":""},"background_hover_video_fallback":{"url":"","id":"","size":""},"background_hover_slideshow_gallery":[],"background_overlay_image":{"url":"","id":"","size":""},"background_overlay_video_fallback":{"url":"","id":"","size":""},"background_overlay_slideshow_gallery":[],"background_overlay_hover_image":{"url":"","id":"","size":""},"background_overlay_hover_video_fallback":{"url":"","id":"","size":""},"background_overlay_hover_slideshow_gallery":[]},"elements":[{"id":"438ba2e3","settings":{"content_width":"full","image":{"id":36,"url":"https:\/\/athena.dev.ananass.fr\/wp-content\/uploads\/2025\/08\/mission-vission.jpg"},"image_size":"full","image_border_radius":{"unit":"px","top":"24","right":"24","bottom":"24","left":"24","isLinked":true},"image_border_radius_mobile":{"unit":"px","top":"12","right":"12","bottom":"12","left":"12","isLinked":true},"_background_image":{"url":"","id":"","size":""},"_background_video_fallback":{"url":"","id":"","size":""},"_background_slideshow_gallery":[],"_background_hover_image":{"url":"","id":"","size":""},"_background_hover_video_fallback":{"url":"","id":"","size":""},"_background_hover_slideshow_gallery":[],"_mask_image":{"url":"","id":"","size":""}},"elements":[],"isInner":false,"widgetType":"image","elType":"widget"}],"isInner":true,"elType":"container"},{"id":"6757fee3","settings":{"flex_direction":"column","content_width":"full","width":{"unit":"%","size":"50"},"flex_gap":{"column":"0","row":"0","isLinked":false,"unit":"px","size":0},"padding":{"unit":"px","top":"0","right":"0","bottom":"0","left":"0","isLinked":false},"background_image":{"url":"","id":"","size":""},"background_video_fallback":{"url":"","id":"","size":""},"background_slideshow_gallery":[],"background_hover_image":{"url":"","id":"","size":""},"background_hover_video_fallback":{"url":"","id":"","size":""},"background_hover_slideshow_gallery":[],"background_overlay_image":{"url":"","id":"","size":""},"background_overlay_video_fallback":{"url":"","id":"","size":""},"background_overlay_slideshow_gallery":[],"background_overlay_hover_image":{"url":"","id":"","size":""},"background_overlay_hover_video_fallback":{"url":"","id":"","size":""},"background_overlay_hover_slideshow_gallery":[]},"elements":[{"id":"70368381","settings":{"content_width":"full","selected_icon":{"value":"fas fa-leaf","library":"fa-solid"},"title_text":"The Goal","description_text":"","title_size":"p","position":"left","content_vertical_alignment":"middle","icon_space":{"unit":"px","size":6,"sizes":[]},"title_bottom_space":{"unit":"px","size":0,"sizes":[]},"icon_size":{"unit":"px","size":15,"sizes":[]},"title_typography_typography":"custom","title_typography_font_weight":"500","title_typography_text_transform":"uppercase","__globals__":{"title_color":"globals\/colors?id=astglobalcolor2","primary_color":"globals\/colors?id=astglobalcolor2"},"title_typography_letter_spacing":{"unit":"px","size":1,"sizes":[]},"_flex_align_self":"flex-start","position_mobile":"left","_background_image":{"url":"","id":"","size":""},"_background_video_fallback":{"url":"","id":"","size":""},"_background_slideshow_gallery":[],"_background_hover_image":{"url":"","id":"","size":""},"_background_hover_video_fallback":{"url":"","id":"","size":""},"_background_hover_slideshow_gallery":[],"_mask_image":{"url":"","id":"","size":""}},"elements":[],"isInner":false,"widgetType":"icon-box","elType":"widget"},{"id":"f7befbd","settings":{"content_width":"full","title":"Our Mission","_margin":{"unit":"px","top":"12","right":"0","bottom":"16","left":"0","isLinked":false},"_margin_mobile":{"unit":"px","top":"12","right":"0","bottom":"15","left":"0","isLinked":false},"_background_image":{"url":"","id":"","size":""},"_background_video_fallback":{"url":"","id":"","size":""},"_background_slideshow_gallery":[],"_background_hover_image":{"url":"","id":"","size":""},"_background_hover_video_fallback":{"url":"","id":"","size":""},"_background_hover_slideshow_gallery":[],"_mask_image":{"url":"","id":"","size":""}},"elements":[],"isInner":false,"widgetType":"heading","elType":"widget"},{"id":"633029bd","settings":{"content_width":"full","editor":"To transform outdoor spaces into beautiful, functional, and sustainable environments that enhance our clients' lifestyles while respecting the natural world. We are committed to delivering exceptional service and innovative solutions through our passion for gardening and landscaping.","_margin":{"unit":"px","top":"0","right":"0","bottom":"50","left":"0","isLinked":false},"_margin_tablet":{"unit":"px","top":"0","right":"0","bottom":"30","left":"0","isLinked":false},"_background_image":{"url":"","id":"","size":""},"_background_video_fallback":{"url":"","id":"","size":""},"_background_slideshow_gallery":[],"_background_hover_image":{"url":"","id":"","size":""},"_background_hover_video_fallback":{"url":"","id":"","size":""},"_background_hover_slideshow_gallery":[],"_mask_image":{"url":"","id":"","size":""}},"elements":[],"isInner":false,"widgetType":"text-editor","elType":"widget"},{"id":"10a20481","settings":{"content_width":"full","text":"Divider","gap":{"unit":"px","size":0,"sizes":[]},"_margin":{"unit":"px","top":"0","right":"0","bottom":"50","left":"0","isLinked":false},"__globals__":{"color":"globals\/colors?id=astglobalcolor3"},"_margin_tablet":{"unit":"px","top":"0","right":"0","bottom":"30","left":"0","isLinked":false},"icon":{"value":"fas fa-star","library":"fa-solid"},"_background_image":{"url":"","id":"","size":""},"_background_video_fallback":{"url":"","id":"","size":""},"_background_slideshow_gallery":[],"_background_hover_image":{"url":"","id":"","size":""},"_background_hover_video_fallback":{"url":"","id":"","size":""},"_background_hover_slideshow_gallery":[],"_mask_image":{"url":"","id":"","size":""}},"elements":[],"isInner":false,"widgetType":"divider","elType":"widget"},{"id":"4c55eab4","settings":{"content_width":"full","selected_icon":{"value":"fas fa-leaf","library":"fa-solid"},"title_text":"The Outlook","description_text":"","title_size":"p","position":"left","content_vertical_alignment":"middle","icon_space":{"unit":"px","size":6,"sizes":[]},"title_bottom_space":{"unit":"px","size":0,"sizes":[]},"icon_size":{"unit":"px","size":15,"sizes":[]},"title_typography_typography":"custom","title_typography_font_weight":"500","title_typography_text_transform":"uppercase","__globals__":{"title_color":"globals\/colors?id=astglobalcolor2","primary_color":"globals\/colors?id=astglobalcolor2"},"title_typography_letter_spacing":{"unit":"px","size":1,"sizes":[]},"_flex_align_self":"flex-start","position_mobile":"left","_background_image":{"url":"","id":"","size":""},"_background_video_fallback":{"url":"","id":"","size":""},"_background_slideshow_gallery":[],"_background_hover_image":{"url":"","id":"","size":""},"_background_hover_video_fallback":{"url":"","id":"","size":""},"_background_hover_slideshow_gallery":[],"_mask_image":{"url":"","id":"","size":""}},"elements":[],"isInner":false,"widgetType":"icon-box","elType":"widget"},{"id":"18d3bb1","settings":{"content_width":"full","title":"Our Vission","_margin":{"unit":"px","top":"12","right":"0","bottom":"16","left":"0","isLinked":false},"_margin_mobile":{"unit":"px","top":"12","right":"0","bottom":"15","left":"0","isLinked":false},"_background_image":{"url":"","id":"","size":""},"_background_video_fallback":{"url":"","id":"","size":""},"_background_slideshow_gallery":[],"_background_hover_image":{"url":"","id":"","size":""},"_background_hover_video_fallback":{"url":"","id":"","size":""},"_background_hover_slideshow_gallery":[],"_mask_image":{"url":"","id":"","size":""}},"elements":[],"isInner":false,"widgetType":"heading","elType":"widget"},{"id":"c3d3465","settings":{"content_width":"full","editor":"To be the leading provider of eco-friendly gardening and landscaping services, inspiring communities to embrace sustainable practices and appreciate the beauty of nature in their everyday lives. We envision a future where every outdoor space reflects harmony between human creativity and the natural environment.","_margin":{"unit":"px","top":"0","right":"0","bottom":"0","left":"0","isLinked":false},"_background_image":{"url":"","id":"","size":""},"_background_video_fallback":{"url":"","id":"","size":""},"_background_slideshow_gallery":[],"_background_hover_image":{"url":"","id":"","size":""},"_background_hover_video_fallback":{"url":"","id":"","size":""},"_background_hover_slideshow_gallery":[],"_mask_image":{"url":"","id":"","size":""}},"elements":[],"isInner":false,"widgetType":"text-editor","elType":"widget"}],"isInner":true,"elType":"container"}],"isInner":false,"elType":"container"},{"id":"4c5aea09","settings":{"flex_direction":"column","boxed_width":{"unit":"px","size":1200,"sizes":[]},"flex_gap":{"column":"0","row":"12","isLinked":false,"unit":"px","size":0},"background_background":"classic","padding":{"unit":"px","top":"120","right":"40","bottom":"120","left":"40","isLinked":false},"__globals__":{"background_color":"globals\/colors?id=astglobalcolor4"},"padding_tablet":{"unit":"px","top":"80","right":"32","bottom":"80","left":"32","isLinked":false},"padding_mobile":{"unit":"px","top":"64","right":"24","bottom":"64","left":"24","isLinked":false},"background_image":{"url":"","id":"","size":""},"background_video_fallback":{"url":"","id":"","size":""},"background_slideshow_gallery":[],"background_hover_image":{"url":"","id":"","size":""},"background_hover_video_fallback":{"url":"","id":"","size":""},"background_hover_slideshow_gallery":[],"background_overlay_image":{"url":"","id":"","size":""},"background_overlay_video_fallback":{"url":"","id":"","size":""},"background_overlay_slideshow_gallery":[],"background_overlay_hover_image":{"url":"","id":"","size":""},"background_overlay_hover_video_fallback":{"url":"","id":"","size":""},"background_overlay_hover_slideshow_gallery":[]},"elements":[{"id":"657436fb","settings":{"content_width":"full","selected_icon":{"value":"fas fa-leaf","library":"fa-solid"},"title_text":"The Team","description_text":"","title_size":"p","position":"left","content_vertical_alignment":"middle","icon_space":{"unit":"px","size":6,"sizes":[]},"title_bottom_space":{"unit":"px","size":0,"sizes":[]},"icon_size":{"unit":"px","size":15,"sizes":[]},"title_typography_typography":"custom","title_typography_font_weight":"500","title_typography_text_transform":"uppercase","__globals__":{"title_color":"globals\/colors?id=astglobalcolor2","primary_color":"globals\/colors?id=astglobalcolor2"},"title_typography_letter_spacing":{"unit":"px","size":1,"sizes":[]},"_flex_align_self":"center","position_mobile":"left","_background_image":{"url":"","id":"","size":""},"_background_video_fallback":{"url":"","id":"","size":""},"_background_slideshow_gallery":[],"_background_hover_image":{"url":"","id":"","size":""},"_background_hover_video_fallback":{"url":"","id":"","size":""},"_background_hover_slideshow_gallery":[],"_mask_image":{"url":"","id":"","size":""}},"elements":[],"isInner":false,"widgetType":"icon-box","elType":"widget"},{"id":"94fd354","settings":{"content_width":"full","title":"Meet Our Team","align":"center","_background_image":{"url":"","id":"","size":""},"_background_video_fallback":{"url":"","id":"","size":""},"_background_slideshow_gallery":[],"_background_hover_image":{"url":"","id":"","size":""},"_background_hover_video_fallback":{"url":"","id":"","size":""},"_background_hover_slideshow_gallery":[],"_mask_image":{"url":"","id":"","size":""}},"elements":[],"isInner":false,"widgetType":"heading","elType":"widget"},{"id":"39b33cab","settings":{"container_type":"grid","presetTitle":"Grid","presetIcon":"eicon-container-grid","content_width":"full","grid_rows_grid":{"unit":"fr","size":1,"sizes":[]},"padding":{"unit":"px","top":"0","right":"0","bottom":"0","left":"0","isLinked":false},"grid_gaps_mobile":{"column":"0","row":"40","isLinked":false,"unit":"px"},"margin":{"unit":"px","top":"68","right":"0","bottom":"0","left":"0","isLinked":false},"margin_tablet":{"unit":"px","top":"48","right":"0","bottom":"0","left":"0","isLinked":false},"margin_mobile":{"unit":"px","top":"38","right":"0","bottom":"0","left":"0","isLinked":false},"background_image":{"url":"","id":"","size":""},"background_video_fallback":{"url":"","id":"","size":""},"background_slideshow_gallery":[],"background_hover_image":{"url":"","id":"","size":""},"background_hover_video_fallback":{"url":"","id":"","size":""},"background_hover_slideshow_gallery":[],"background_overlay_image":{"url":"","id":"","size":""},"background_overlay_video_fallback":{"url":"","id":"","size":""},"background_overlay_slideshow_gallery":[],"background_overlay_hover_image":{"url":"","id":"","size":""},"background_overlay_hover_video_fallback":{"url":"","id":"","size":""},"background_overlay_hover_slideshow_gallery":[]},"elements":[{"id":"6d252be2","settings":{"content_width":"full","flex_gap":{"column":"0","row":"0","isLinked":false,"unit":"px","size":0},"padding":{"unit":"px","top":"0","right":"0","bottom":"0","left":"0","isLinked":false},"background_image":{"url":"","id":"","size":""},"background_video_fallback":{"url":"","id":"","size":""},"background_slideshow_gallery":[],"background_hover_image":{"url":"","id":"","size":""},"background_hover_video_fallback":{"url":"","id":"","size":""},"background_hover_slideshow_gallery":[],"background_overlay_image":{"url":"","id":"","size":""},"background_overlay_video_fallback":{"url":"","id":"","size":""},"background_overlay_slideshow_gallery":[],"background_overlay_hover_image":{"url":"","id":"","size":""},"background_overlay_hover_video_fallback":{"url":"","id":"","size":""},"background_overlay_hover_slideshow_gallery":[]},"elements":[{"id":"52e6bf50","settings":{"content_width":"full","image":{"id":37,"url":"https:\/\/athena.dev.ananass.fr\/wp-content\/uploads\/2025\/08\/team-01.jpg"},"image_border_radius":{"unit":"px","top":"24","right":"24","bottom":"24","left":"24","isLinked":true},"_margin":{"unit":"px","top":"0","right":"0","bottom":"20","left":"0","isLinked":false},"_background_image":{"url":"","id":"","size":""},"_background_video_fallback":{"url":"","id":"","size":""},"_background_slideshow_gallery":[],"_background_hover_image":{"url":"","id":"","size":""},"_background_hover_video_fallback":{"url":"","id":"","size":""},"_background_hover_slideshow_gallery":[],"_mask_image":{"url":"","id":"","size":""}},"elements":[],"isInner":false,"widgetType":"image","elType":"widget"},{"id":"6f0f0e4c","settings":{"content_width":"full","title":"Matthew Cole","header_size":"h5","_margin":{"unit":"px","top":"0","right":"0","bottom":"6","left":"0","isLinked":false},"_background_image":{"url":"","id":"","size":""},"_background_video_fallback":{"url":"","id":"","size":""},"_background_slideshow_gallery":[],"_background_hover_image":{"url":"","id":"","size":""},"_background_hover_video_fallback":{"url":"","id":"","size":""},"_background_hover_slideshow_gallery":[],"_mask_image":{"url":"","id":"","size":""}},"elements":[],"isInner":false,"widgetType":"heading","elType":"widget"},{"id":"5938ffdc","settings":{"content_width":"full","editor":"Founder","_margin":{"unit":"px","top":"0","right":"0","bottom":"12","left":"0","isLinked":false},"_background_image":{"url":"","id":"","size":""},"_background_video_fallback":{"url":"","id":"","size":""},"_background_slideshow_gallery":[],"_background_hover_image":{"url":"","id":"","size":""},"_background_hover_video_fallback":{"url":"","id":"","size":""},"_background_hover_slideshow_gallery":[],"_mask_image":{"url":"","id":"","size":""}},"elements":[],"isInner":false,"widgetType":"text-editor","elType":"widget"},{"id":"62b9abf1","settings":{"content_width":"full","selected_icon":{"value":"fab fa-linkedin","library":"fa-brands"},"link":{"url":"#","is_external":"","nofollow":"","custom_attributes":""},"align":"left","size":{"unit":"px","size":28,"sizes":[]},"size_mobile":{"unit":"px","size":24,"sizes":[]},"_margin":{"unit":"px","top":"0","right":"0","bottom":"0","left":"0","isLinked":true},"_padding":{"unit":"px","top":"0","right":"0","bottom":"0","left":"0","isLinked":true},"__globals__":{"primary_color":"globals\/colors?id=astglobalcolor2","hover_primary_color":"globals\/colors?id=astglobalcolor1"},"_background_image":{"url":"","id":"","size":""},"_background_video_fallback":{"url":"","id":"","size":""},"_background_slideshow_gallery":[],"_background_hover_image":{"url":"","id":"","size":""},"_background_hover_video_fallback":{"url":"","id":"","size":""},"_background_hover_slideshow_gallery":[],"_mask_image":{"url":"","id":"","size":""}},"elements":[],"isInner":false,"widgetType":"icon","elType":"widget"}],"isInner":true,"elType":"container"},{"id":"57de67c7","settings":{"content_width":"full","flex_gap":{"column":"0","row":"0","isLinked":true,"unit":"px","size":0},"padding":{"unit":"px","top":"0","right":"0","bottom":"0","left":"0","isLinked":false},"background_image":{"url":"","id":"","size":""},"background_video_fallback":{"url":"","id":"","size":""},"background_slideshow_gallery":[],"background_hover_image":{"url":"","id":"","size":""},"background_hover_video_fallback":{"url":"","id":"","size":""},"background_hover_slideshow_gallery":[],"background_overlay_image":{"url":"","id":"","size":""},"background_overlay_video_fallback":{"url":"","id":"","size":""},"background_overlay_slideshow_gallery":[],"background_overlay_hover_image":{"url":"","id":"","size":""},"background_overlay_hover_video_fallback":{"url":"","id":"","size":""},"background_overlay_hover_slideshow_gallery":[]},"elements":[{"id":"71e9acc2","settings":{"content_width":"full","image":{"id":38,"url":"https:\/\/athena.dev.ananass.fr\/wp-content\/uploads\/2025\/08\/team-02.jpg"},"image_border_radius":{"unit":"px","top":"24","right":"24","bottom":"24","left":"24","isLinked":true},"_margin":{"unit":"px","top":"0","right":"0","bottom":"20","left":"0","isLinked":false},"_background_image":{"url":"","id":"","size":""},"_background_video_fallback":{"url":"","id":"","size":""},"_background_slideshow_gallery":[],"_background_hover_image":{"url":"","id":"","size":""},"_background_hover_video_fallback":{"url":"","id":"","size":""},"_background_hover_slideshow_gallery":[],"_mask_image":{"url":"","id":"","size":""}},"elements":[],"isInner":false,"widgetType":"image","elType":"widget"},{"id":"5706e293","settings":{"content_width":"full","title":"Juan Soto","header_size":"h5","_margin":{"unit":"px","top":"0","right":"0","bottom":"6","left":"0","isLinked":false},"_background_image":{"url":"","id":"","size":""},"_background_video_fallback":{"url":"","id":"","size":""},"_background_slideshow_gallery":[],"_background_hover_image":{"url":"","id":"","size":""},"_background_hover_video_fallback":{"url":"","id":"","size":""},"_background_hover_slideshow_gallery":[],"_mask_image":{"url":"","id":"","size":""}},"elements":[],"isInner":false,"widgetType":"heading","elType":"widget"},{"id":"1b9480f1","settings":{"content_width":"full","editor":"Co-Founder","_margin":{"unit":"px","top":"0","right":"0","bottom":"12","left":"0","isLinked":false},"_background_image":{"url":"","id":"","size":""},"_background_video_fallback":{"url":"","id":"","size":""},"_background_slideshow_gallery":[],"_background_hover_image":{"url":"","id":"","size":""},"_background_hover_video_fallback":{"url":"","id":"","size":""},"_background_hover_slideshow_gallery":[],"_mask_image":{"url":"","id":"","size":""}},"elements":[],"isInner":false,"widgetType":"text-editor","elType":"widget"},{"id":"3340e28c","settings":{"content_width":"full","selected_icon":{"value":"fab fa-linkedin","library":"fa-brands"},"link":{"url":"#","is_external":"","nofollow":"","custom_attributes":""},"align":"left","size":{"unit":"px","size":28,"sizes":[]},"size_mobile":{"unit":"px","size":24,"sizes":[]},"_margin":{"unit":"px","top":"0","right":"0","bottom":"0","left":"0","isLinked":true},"_padding":{"unit":"px","top":"0","right":"0","bottom":"0","left":"0","isLinked":true},"__globals__":{"primary_color":"globals\/colors?id=astglobalcolor2","hover_primary_color":"globals\/colors?id=astglobalcolor1"},"_background_image":{"url":"","id":"","size":""},"_background_video_fallback":{"url":"","id":"","size":""},"_background_slideshow_gallery":[],"_background_hover_image":{"url":"","id":"","size":""},"_background_hover_video_fallback":{"url":"","id":"","size":""},"_background_hover_slideshow_gallery":[],"_mask_image":{"url":"","id":"","size":""}},"elements":[],"isInner":false,"widgetType":"icon","elType":"widget"}],"isInner":true,"elType":"container"},{"id":"6dd2c61","settings":{"content_width":"full","flex_gap":{"column":"0","row":"0","isLinked":false,"unit":"px","size":0},"padding":{"unit":"px","top":"0","right":"0","bottom":"0","left":"0","isLinked":false},"background_image":{"url":"","id":"","size":""},"background_video_fallback":{"url":"","id":"","size":""},"background_slideshow_gallery":[],"background_hover_image":{"url":"","id":"","size":""},"background_hover_video_fallback":{"url":"","id":"","size":""},"background_hover_slideshow_gallery":[],"background_overlay_image":{"url":"","id":"","size":""},"background_overlay_video_fallback":{"url":"","id":"","size":""},"background_overlay_slideshow_gallery":[],"background_overlay_hover_image":{"url":"","id":"","size":""},"background_overlay_hover_video_fallback":{"url":"","id":"","size":""},"background_overlay_hover_slideshow_gallery":[]},"elements":[{"id":"4c1e2553","settings":{"content_width":"full","image":{"id":39,"url":"https:\/\/athena.dev.ananass.fr\/wp-content\/uploads\/2025\/08\/team-03.jpg"},"image_border_radius":{"unit":"px","top":"24","right":"24","bottom":"24","left":"24","isLinked":true},"_margin":{"unit":"px","top":"0","right":"0","bottom":"20","left":"0","isLinked":false},"_background_image":{"url":"","id":"","size":""},"_background_video_fallback":{"url":"","id":"","size":""},"_background_slideshow_gallery":[],"_background_hover_image":{"url":"","id":"","size":""},"_background_hover_video_fallback":{"url":"","id":"","size":""},"_background_hover_slideshow_gallery":[],"_mask_image":{"url":"","id":"","size":""}},"elements":[],"isInner":false,"widgetType":"image","elType":"widget"},{"id":"98b06a4","settings":{"content_width":"full","title":"Benjamin Shaw","header_size":"h5","_margin":{"unit":"px","top":"0","right":"0","bottom":"6","left":"0","isLinked":false},"_background_image":{"url":"","id":"","size":""},"_background_video_fallback":{"url":"","id":"","size":""},"_background_slideshow_gallery":[],"_background_hover_image":{"url":"","id":"","size":""},"_background_hover_video_fallback":{"url":"","id":"","size":""},"_background_hover_slideshow_gallery":[],"_mask_image":{"url":"","id":"","size":""}},"elements":[],"isInner":false,"widgetType":"heading","elType":"widget"},{"id":"a792ad4","settings":{"content_width":"full","editor":"COO","_margin":{"unit":"px","top":"0","right":"0","bottom":"12","left":"0","isLinked":false},"_background_image":{"url":"","id":"","size":""},"_background_video_fallback":{"url":"","id":"","size":""},"_background_slideshow_gallery":[],"_background_hover_image":{"url":"","id":"","size":""},"_background_hover_video_fallback":{"url":"","id":"","size":""},"_background_hover_slideshow_gallery":[],"_mask_image":{"url":"","id":"","size":""}},"elements":[],"isInner":false,"widgetType":"text-editor","elType":"widget"},{"id":"3556fc76","settings":{"content_width":"full","selected_icon":{"value":"fab fa-linkedin","library":"fa-brands"},"link":{"url":"#","is_external":"","nofollow":"","custom_attributes":""},"align":"left","size":{"unit":"px","size":28,"sizes":[]},"size_mobile":{"unit":"px","size":24,"sizes":[]},"_margin":{"unit":"px","top":"0","right":"0","bottom":"0","left":"0","isLinked":true},"_padding":{"unit":"px","top":"0","right":"0","bottom":"0","left":"0","isLinked":true},"__globals__":{"primary_color":"globals\/colors?id=astglobalcolor2","hover_primary_color":"globals\/colors?id=astglobalcolor1"},"_background_image":{"url":"","id":"","size":""},"_background_video_fallback":{"url":"","id":"","size":""},"_background_slideshow_gallery":[],"_background_hover_image":{"url":"","id":"","size":""},"_background_hover_video_fallback":{"url":"","id":"","size":""},"_background_hover_slideshow_gallery":[],"_mask_image":{"url":"","id":"","size":""}},"elements":[],"isInner":false,"widgetType":"icon","elType":"widget"}],"isInner":true,"elType":"container"}],"isInner":true,"elType":"container"}],"isInner":false,"elType":"container"},{"id":"254f9bb2","settings":{"container_type":"grid","grid_columns_grid":{"unit":"fr","size":"2"},"grid_rows_grid":{"unit":"fr","size":"1"},"grid_rows_grid_mobile":{"unit":"fr","size":"1"},"boxed_width":{"unit":"px","size":1200,"sizes":[]},"grid_gaps":{"column":"48","row":"0","isLinked":false,"unit":"px"},"grid_align_items":"center","padding":{"unit":"px","top":"120","right":"40","bottom":"120","left":"40","isLinked":false},"grid_gaps_tablet":{"column":"24","row":"0","isLinked":false,"unit":"px"},"grid_gaps_mobile":{"column":"0","row":"40","isLinked":false,"unit":"px"},"padding_tablet":{"unit":"px","top":"80","right":"32","bottom":"80","left":"32","isLinked":false},"padding_mobile":{"unit":"px","top":"64","right":"24","bottom":"64","left":"24","isLinked":false},"background_image":{"url":"","id":"","size":""},"background_video_fallback":{"url":"","id":"","size":""},"background_slideshow_gallery":[],"background_hover_image":{"url":"","id":"","size":""},"background_hover_video_fallback":{"url":"","id":"","size":""},"background_hover_slideshow_gallery":[],"background_overlay_image":{"url":"","id":"","size":""},"background_overlay_video_fallback":{"url":"","id":"","size":""},"background_overlay_slideshow_gallery":[],"background_overlay_hover_image":{"url":"","id":"","size":""},"background_overlay_hover_video_fallback":{"url":"","id":"","size":""},"background_overlay_hover_slideshow_gallery":[]},"elements":[{"id":"28679331","settings":{"content_width":"full","image":{"id":40,"url":"https:\/\/athena.dev.ananass.fr\/wp-content\/uploads\/2025\/08\/community.jpg"},"image_size":"full","image_border_radius":{"unit":"px","top":"24","right":"24","bottom":"24","left":"24","isLinked":true},"_background_image":{"url":"","id":"","size":""},"_background_video_fallback":{"url":"","id":"","size":""},"_background_slideshow_gallery":[],"_background_hover_image":{"url":"","id":"","size":""},"_background_hover_video_fallback":{"url":"","id":"","size":""},"_background_hover_slideshow_gallery":[],"_mask_image":{"url":"","id":"","size":""}},"elements":[],"isInner":false,"widgetType":"image","elType":"widget"},{"id":"349f348e","settings":{"content_width":"full","padding":{"unit":"px","top":"0","right":"0","bottom":"0","left":"0","isLinked":false},"flex_gap_mobile":{"column":"0","row":"12","isLinked":false,"unit":"px","size":0},"background_image":{"url":"","id":"","size":""},"background_video_fallback":{"url":"","id":"","size":""},"background_slideshow_gallery":[],"background_hover_image":{"url":"","id":"","size":""},"background_hover_video_fallback":{"url":"","id":"","size":""},"background_hover_slideshow_gallery":[],"background_overlay_image":{"url":"","id":"","size":""},"background_overlay_video_fallback":{"url":"","id":"","size":""},"background_overlay_slideshow_gallery":[],"background_overlay_hover_image":{"url":"","id":"","size":""},"background_overlay_hover_video_fallback":{"url":"","id":"","size":""},"background_overlay_hover_slideshow_gallery":[]},"elements":[{"id":"38622190","settings":{"content_width":"full","selected_icon":{"value":"fas fa-leaf","library":"fa-solid"},"title_text":"Giving Back","description_text":"","title_size":"p","position":"left","content_vertical_alignment":"middle","icon_space":{"unit":"px","size":6,"sizes":[]},"title_bottom_space":{"unit":"px","size":0,"sizes":[]},"icon_size":{"unit":"px","size":15,"sizes":[]},"title_typography_typography":"custom","title_typography_font_weight":"500","title_typography_text_transform":"uppercase","__globals__":{"title_color":"globals\/colors?id=astglobalcolor2","primary_color":"globals\/colors?id=astglobalcolor2"},"title_typography_letter_spacing":{"unit":"px","size":1,"sizes":[]},"_flex_align_self":"flex-start","position_mobile":"left","_background_image":{"url":"","id":"","size":""},"_background_video_fallback":{"url":"","id":"","size":""},"_background_slideshow_gallery":[],"_background_hover_image":{"url":"","id":"","size":""},"_background_hover_video_fallback":{"url":"","id":"","size":""},"_background_hover_slideshow_gallery":[],"_mask_image":{"url":"","id":"","size":""}},"elements":[],"isInner":false,"widgetType":"icon-box","elType":"widget"},{"id":"7ead7059","settings":{"content_width":"full","title":"Community Involvement","_margin_mobile":{"unit":"px","top":"0","right":"0","bottom":"6","left":"0","isLinked":false},"_background_image":{"url":"","id":"","size":""},"_background_video_fallback":{"url":"","id":"","size":""},"_background_slideshow_gallery":[],"_background_hover_image":{"url":"","id":"","size":""},"_background_hover_video_fallback":{"url":"","id":"","size":""},"_background_hover_slideshow_gallery":[],"_mask_image":{"url":"","id":"","size":""}},"elements":[],"isInner":false,"widgetType":"heading","elType":"widget"},{"id":"43d4111d","settings":{"content_width":"full","editor":"We believe in supporting our community and giving back through various initiatives. Whether it\u2019s volunteering for local garden projects or sponsoring environmental education programs, we are dedicated to making a positive impact.","_background_image":{"url":"","id":"","size":""},"_background_video_fallback":{"url":"","id":"","size":""},"_background_slideshow_gallery":[],"_background_hover_image":{"url":"","id":"","size":""},"_background_hover_video_fallback":{"url":"","id":"","size":""},"_background_hover_slideshow_gallery":[],"_mask_image":{"url":"","id":"","size":""}},"elements":[],"isInner":false,"widgetType":"text-editor","elType":"widget"}],"isInner":true,"elType":"container"}],"isInner":false,"elType":"container"},{"id":"62ada58","settings":{"flex_direction":"column","boxed_width":{"unit":"px","size":1200,"sizes":[]},"flex_align_items":"flex-end","background_background":"classic","background_image":{"id":9,"url":"https:\/\/athena.dev.ananass.fr\/wp-content\/uploads\/2025\/08\/footer-bg.jpg"},"background_repeat":"no-repeat","background_size":"cover","background_overlay_background":"gradient","background_overlay_color_stop":{"unit":"%","size":74,"sizes":[]},"background_overlay_color_b_stop":{"unit":"%","size":47,"sizes":[]},"background_overlay_gradient_angle":{"unit":"deg","size":184,"sizes":[]},"background_overlay_opacity":{"unit":"px","size":0.24,"sizes":[]},"padding":{"unit":"px","top":"120","right":"40","bottom":"120","left":"40","isLinked":false},"__globals__":{"background_overlay_color":"globals\/colors?id=astglobalcolor2","background_overlay_color_b":"globals\/colors?id=astglobalcolor2"},"flex_gap_mobile":{"column":"0","row":"15","isLinked":false,"unit":"px","size":0},"padding_tablet":{"unit":"px","top":"80","right":"32","bottom":"80","left":"32","isLinked":false},"padding_mobile":{"unit":"px","top":"64","right":"24","bottom":"64","left":"24","isLinked":false},"background_video_fallback":{"url":"","id":"","size":""},"background_slideshow_gallery":[],"background_hover_image":{"url":"","id":"","size":""},"background_hover_video_fallback":{"url":"","id":"","size":""},"background_hover_slideshow_gallery":[],"background_overlay_image":{"url":"","id":"","size":""},"background_overlay_video_fallback":{"url":"","id":"","size":""},"background_overlay_slideshow_gallery":[],"background_overlay_hover_image":{"url":"","id":"","size":""},"background_overlay_hover_video_fallback":{"url":"","id":"","size":""},"background_overlay_hover_slideshow_gallery":[]},"elements":[{"id":"26c6a891","settings":{"content_width":"full","width":{"unit":"%","size":50,"sizes":[]},"padding":{"unit":"px","top":"0","right":"0","bottom":"0","left":"0","isLinked":false},"background_image":{"url":"","id":"","size":""},"background_video_fallback":{"url":"","id":"","size":""},"background_slideshow_gallery":[],"background_hover_image":{"url":"","id":"","size":""},"background_hover_video_fallback":{"url":"","id":"","size":""},"background_hover_slideshow_gallery":[],"background_overlay_image":{"url":"","id":"","size":""},"background_overlay_video_fallback":{"url":"","id":"","size":""},"background_overlay_slideshow_gallery":[],"background_overlay_hover_image":{"url":"","id":"","size":""},"background_overlay_hover_video_fallback":{"url":"","id":"","size":""},"background_overlay_hover_slideshow_gallery":[]},"elements":[{"id":"27ebb099","settings":{"content_width":"full","title":"Ready to transform your outdoor space?","__globals__":{"title_color":"globals\/colors?id=astglobalcolor5"},"_background_image":{"url":"","id":"","size":""},"_background_video_fallback":{"url":"","id":"","size":""},"_background_slideshow_gallery":[],"_background_hover_image":{"url":"","id":"","size":""},"_background_hover_video_fallback":{"url":"","id":"","size":""},"_background_hover_slideshow_gallery":[],"_mask_image":{"url":"","id":"","size":""}},"elements":[],"isInner":false,"widgetType":"heading","elType":"widget"},{"id":"7366e63c","settings":{"content_width":"full","editor":"Contact us today to schedule a consultation or to learn more about our services.","__globals__":{"text_color":"globals\/colors?id=astglobalcolor5"},"_background_image":{"url":"","id":"","size":""},"_background_video_fallback":{"url":"","id":"","size":""},"_background_slideshow_gallery":[],"_background_hover_image":{"url":"","id":"","size":""},"_background_hover_video_fallback":{"url":"","id":"","size":""},"_background_hover_slideshow_gallery":[],"_mask_image":{"url":"","id":"","size":""}},"elements":[],"isInner":false,"widgetType":"text-editor","elType":"widget"},{"id":"4883f50c","settings":{"content_width":"full","text":"Get A Free Quote","_margin":{"unit":"px","top":"20","right":"0","bottom":"0","left":"0","isLinked":false},"_margin_tablet":{"unit":"px","top":"10","right":"0","bottom":"0","left":"0","isLinked":false},"_margin_mobile":{"unit":"px","top":"12","right":"0","bottom":"0","left":"0","isLinked":false},"selected_icon":{"value":"","library":""},"background_video_fallback":{"url":"","id":"","size":""},"background_slideshow_gallery":[],"button_background_hover_video_fallback":{"url":"","id":"","size":""},"button_background_hover_slideshow_gallery":[],"_background_image":{"url":"","id":"","size":""},"_background_video_fallback":{"url":"","id":"","size":""},"_background_slideshow_gallery":[],"_background_hover_image":{"url":"","id":"","size":""},"_background_hover_video_fallback":{"url":"","id":"","size":""},"_background_hover_slideshow_gallery":[],"_mask_image":{"url":"","id":"","size":""}},"elements":[],"isInner":false,"widgetType":"button","elType":"widget"}],"isInner":true,"elType":"container"}],"isInner":false,"elType":"container"}],"settings":{"template":"elementor_header_footer","astra_sites_main_color":"var(--ast-global-color-0)","astra_sites_heading_base_color":"var(--ast-global-color-2)","astra_sites_link_color":"var(--ast-global-color-0)","astra_sites_link_hover_color":"var(--ast-global-color-1)","astra_sites_text_color":"var(--ast-global-color-3)","astra_sites_body_typography":"custom","astra_sites_body_font_size":{"unit":"px","size":16},"astra_sites_body_font_family":"Karla","astra_sites_body_font_weight":"400","astra_sites_heading_1_typography":"custom","astra_sites_heading_1_font_size":{"unit":"px","size":74},"astra_sites_heading_1_font_size_tablet":{"unit":"px","size":48},"astra_sites_heading_1_font_size_mobile":{"unit":"px","size":36},"astra_sites_default_heading_font_family":"'Bricolage Grotesque', sans-serif","astra_sites_heading_1_font_family":"'Bricolage Grotesque'","astra_sites_heading_1_font_weight":"600","astra_sites_heading_2_typography":"custom","astra_sites_heading_2_font_size":{"unit":"px","size":54},"astra_sites_heading_2_font_size_tablet":{"unit":"px","size":32},"astra_sites_heading_2_font_size_mobile":{"unit":"px","size":28},"astra_sites_heading_2_font_family":"'Bricolage Grotesque'","astra_sites_heading_2_font_weight":"600","astra_sites_heading_3_typography":"custom","astra_sites_heading_3_font_size":{"unit":"px","size":42},"astra_sites_heading_3_font_size_tablet":{"unit":"px","size":26},"astra_sites_heading_3_font_size_mobile":{"unit":"px","size":22},"astra_sites_heading_3_font_family":"'Bricolage Grotesque'","astra_sites_heading_3_font_weight":"600","astra_sites_heading_4_typography":"custom","astra_sites_heading_4_font_size":{"unit":"px","size":32},"astra_sites_heading_4_font_size_tablet":{"unit":"px","size":22},"astra_sites_heading_4_font_size_mobile":{"unit":"px","size":20},"astra_sites_heading_4_font_family":"'Bricolage Grotesque'","astra_sites_heading_4_font_weight":"600","astra_sites_heading_5_typography":"custom","astra_sites_heading_5_font_size":{"unit":"px","size":24},"astra_sites_heading_5_font_size_tablet":{"unit":"px","size":20},"astra_sites_heading_5_font_size_mobile":{"unit":"px","size":18},"astra_sites_heading_5_font_family":"'Bricolage Grotesque'","astra_sites_heading_5_font_weight":"600","astra_sites_heading_6_typography":"custom","astra_sites_heading_6_font_size":{"unit":"px","size":18},"astra_sites_heading_6_font_size_tablet":{"unit":"px","size":16},"astra_sites_heading_6_font_size_mobile":{"unit":"px","size":16},"astra_sites_heading_6_font_family":"'Bricolage Grotesque'","astra_sites_heading_6_font_weight":"600","astra_sites_page_setting_enable":""},"metadata":{"surerank_seo_checks":"s:1485:\"a:11:{s:14:\"h2_subheadings\";a:2:{s:6:\"status\";s:7:\"success\";s:7:\"message\";s:40:\"La page contient au moins un sous-titre.\";}s:14:\"image_alt_text\";a:4:{s:6:\"status\";s:7:\"success\";s:11:\"description\";a:1:{i:0;s:53:\"Les images sur le post\/la page ont des attributs alt.\";}s:7:\"message\";s:54:\"Toutes les images de cette page ont des attributs alt.\";s:11:\"show_images\";b:0;}s:13:\"media_present\";a:2:{s:6:\"status\";s:7:\"success\";s:7:\"message\";s:69:\"Cette page inclut des images ou des vid\u00e9os pour enrichir le contenu.\";}s:13:\"links_present\";a:2:{s:6:\"status\";s:7:\"success\";s:7:\"message\";s:37:\"Des liens sont pr\u00e9sents sur la page.\";}s:10:\"url_length\";a:2:{s:6:\"status\";s:7:\"success\";s:7:\"message\";s:54:\"L'URL de la page est courte et conviviale pour le SEO.\";}s:19:\"search_engine_title\";a:2:{s:6:\"status\";s:7:\"success\";s:7:\"message\";s:77:\"Le titre du moteur de recherche est pr\u00e9sent et fait moins de 60 caract\u00e8res.\";}s:25:\"search_engine_description\";a:2:{s:6:\"status\";s:7:\"success\";s:7:\"message\";s:85:\"La description du moteur de recherche est pr\u00e9sente et fait moins de 160 caract\u00e8res.\";}s:13:\"canonical_url\";a:2:{s:6:\"status\";s:7:\"success\";s:7:\"message\";s:46:\"La balise canonique est pr\u00e9sente sur la page.\";}s:9:\"all_links\";a:1:{i:0;s:3:\"\"#\"\";}s:15:\"open_graph_tags\";a:2:{s:6:\"status\";s:7:\"success\";s:7:\"message\";s:51:\"Les balises Open Graph sont pr\u00e9sentes sur la page.\";}s:12:\"broken_links\";a:2:{s:6:\"status\";s:7:\"success\";s:7:\"message\";s:38:\"Aucun lien bris\u00e9 trouv\u00e9 sur la page.\";}}\";","surerank_seo_checks_last_updated":"1755729686","site-sidebar-layout":"no-sidebar","ast-site-content-layout":"full-width-container","site-content-style":"unboxed","site-sidebar-style":"unboxed","theme-transparent-header-meta":"enabled","ast-title-bar-display":"disabled","ast-featured-img":"disabled","astra-main-page-id":"94317","ast_self_id_94317":"1"}}