{"content":[{"id":"111fca10","settings":{"flex_direction":"column","boxed_width":{"unit":"px","size":1200,"sizes":[]},"min_height":{"unit":"vh","size":65,"sizes":[]},"min_height_tablet":{"unit":"vh","size":"","sizes":[]},"min_height_mobile":{"unit":"vh","size":1,"sizes":[]},"flex_justify_content":"center","flex_align_items":"flex-start","background_background":"classic","background_image":{"id":44,"url":"https:\/\/athena.dev.ananass.fr\/wp-content\/uploads\/2025\/08\/services-hero-bg.jpg"},"background_position":"center center","background_repeat":"no-repeat","background_size":"cover","background_overlay_background":"gradient","background_overlay_opacity":{"unit":"px","size":0.65,"sizes":[]},"padding":{"unit":"px","top":"140","right":"40","bottom":"100","left":"40","isLinked":false},"__globals__":{"background_overlay_color":"globals\/colors?id=astglobalcolor2","background_overlay_color_b":"globals\/colors?id=astglobalcolor2"},"flex_gap_mobile":{"column":"0","row":"12","isLinked":false,"unit":"px","size":0},"padding_tablet":{"unit":"px","top":"100","right":"32","bottom":"100","left":"32","isLinked":false},"padding_mobile":{"unit":"px","top":"120","right":"24","bottom":"64","left":"24","isLinked":false},"background_video_fallback":{"url":"","id":"","size":""},"background_slideshow_gallery":[],"background_hover_image":{"url":"","id":"","size":""},"background_hover_video_fallback":{"url":"","id":"","size":""},"background_hover_slideshow_gallery":[],"background_overlay_image":{"url":"","id":"","size":""},"background_overlay_video_fallback":{"url":"","id":"","size":""},"background_overlay_slideshow_gallery":[],"background_overlay_hover_image":{"url":"","id":"","size":""},"background_overlay_hover_video_fallback":{"url":"","id":"","size":""},"background_overlay_hover_slideshow_gallery":[]},"elements":[{"id":"a9f1f19","settings":{"content_width":"full","title":"Our Services","header_size":"h1","__globals__":{"title_color":"globals\/colors?id=astglobalcolor5"},"_background_image":{"url":"","id":"","size":""},"_background_video_fallback":{"url":"","id":"","size":""},"_background_slideshow_gallery":[],"_background_hover_image":{"url":"","id":"","size":""},"_background_hover_video_fallback":{"url":"","id":"","size":""},"_background_hover_slideshow_gallery":[],"_mask_image":{"url":"","id":"","size":""}},"elements":[],"isInner":false,"widgetType":"heading","elType":"widget"},{"id":"1f7b1897","settings":{"content_width":"full","editor":"From Innovative Design to Meticulous Maintenance, We Deliver Exceptional Results Tailored to your vision.","_margin":{"unit":"px","top":"0","right":"0","bottom":"0","left":"0","isLinked":false},"_padding":{"unit":"%","top":"0","right":"45","bottom":"0","left":"0","isLinked":false},"_padding_tablet":{"unit":"%","top":"0","right":"20","bottom":"0","left":"0","isLinked":false},"_padding_mobile":{"unit":"%","top":"0","right":"0","bottom":"0","left":"0","isLinked":false},"__globals__":{"text_color":"globals\/colors?id=astglobalcolor5"},"_background_image":{"url":"","id":"","size":""},"_background_video_fallback":{"url":"","id":"","size":""},"_background_slideshow_gallery":[],"_background_hover_image":{"url":"","id":"","size":""},"_background_hover_video_fallback":{"url":"","id":"","size":""},"_background_hover_slideshow_gallery":[],"_mask_image":{"url":"","id":"","size":""}},"elements":[],"isInner":false,"widgetType":"text-editor","elType":"widget"}],"isInner":false,"elType":"container"},{"id":"6cd71ea0","settings":{"flex_direction":"column","boxed_width":{"unit":"px","size":1200,"sizes":[]},"flex_gap":{"column":"0","row":"12","isLinked":false,"unit":"px","size":0},"background_background":"classic","padding":{"unit":"px","top":"120","right":"40","bottom":"120","left":"40","isLinked":false},"__globals__":{"background_color":"globals\/colors?id=astglobalcolor4"},"padding_tablet":{"unit":"px","top":"80","right":"32","bottom":"80","left":"32","isLinked":false},"padding_mobile":{"unit":"px","top":"64","right":"24","bottom":"64","left":"24","isLinked":false},"background_image":{"url":"","id":"","size":""},"background_video_fallback":{"url":"","id":"","size":""},"background_slideshow_gallery":[],"background_hover_image":{"url":"","id":"","size":""},"background_hover_video_fallback":{"url":"","id":"","size":""},"background_hover_slideshow_gallery":[],"background_overlay_image":{"url":"","id":"","size":""},"background_overlay_video_fallback":{"url":"","id":"","size":""},"background_overlay_slideshow_gallery":[],"background_overlay_hover_image":{"url":"","id":"","size":""},"background_overlay_hover_video_fallback":{"url":"","id":"","size":""},"background_overlay_hover_slideshow_gallery":[]},"elements":[{"id":"30ae27be","settings":{"content_width":"full","selected_icon":{"value":"fas fa-leaf","library":"fa-solid"},"title_text":"All Services","description_text":"","title_size":"p","position":"left","content_vertical_alignment":"middle","icon_space":{"unit":"px","size":6,"sizes":[]},"title_bottom_space":{"unit":"px","size":0,"sizes":[]},"icon_size":{"unit":"px","size":15,"sizes":[]},"title_typography_typography":"custom","title_typography_font_weight":"500","title_typography_text_transform":"uppercase","__globals__":{"title_color":"globals\/colors?id=astglobalcolor2","primary_color":"globals\/colors?id=astglobalcolor2"},"title_typography_letter_spacing":{"unit":"px","size":1,"sizes":[]},"_flex_align_self":"center","position_mobile":"left","_background_image":{"url":"","id":"","size":""},"_background_video_fallback":{"url":"","id":"","size":""},"_background_slideshow_gallery":[],"_background_hover_image":{"url":"","id":"","size":""},"_background_hover_video_fallback":{"url":"","id":"","size":""},"_background_hover_slideshow_gallery":[],"_mask_image":{"url":"","id":"","size":""}},"elements":[],"isInner":false,"widgetType":"icon-box","elType":"widget"},{"id":"7a05b817","settings":{"content_width":"full","title":"Our Full Range of Services","align":"center","_margin":{"unit":"px","top":"0","right":"0","bottom":"6","left":"0","isLinked":false},"_background_image":{"url":"","id":"","size":""},"_background_video_fallback":{"url":"","id":"","size":""},"_background_slideshow_gallery":[],"_background_hover_image":{"url":"","id":"","size":""},"_background_hover_video_fallback":{"url":"","id":"","size":""},"_background_hover_slideshow_gallery":[],"_mask_image":{"url":"","id":"","size":""}},"elements":[],"isInner":false,"widgetType":"heading","elType":"widget"},{"id":"506d55d3","settings":{"content_width":"full","editor":"Explore our comprehensive range of gardening and landscaping services designed to enhance the beauty and functionality of your outdoor spaces.","align":"center","_padding":{"unit":"%","top":"0","right":"20","bottom":"0","left":"20","isLinked":false},"_padding_tablet":{"unit":"%","top":"0","right":"10","bottom":"0","left":"10","isLinked":false},"_padding_mobile":{"unit":"%","top":"0","right":"0","bottom":"0","left":"0","isLinked":false},"_background_image":{"url":"","id":"","size":""},"_background_video_fallback":{"url":"","id":"","size":""},"_background_slideshow_gallery":[],"_background_hover_image":{"url":"","id":"","size":""},"_background_hover_video_fallback":{"url":"","id":"","size":""},"_background_hover_slideshow_gallery":[],"_mask_image":{"url":"","id":"","size":""}},"elements":[],"isInner":false,"widgetType":"text-editor","elType":"widget"},{"id":"19941ef2","settings":{"container_type":"grid","presetTitle":"Grid","presetIcon":"eicon-container-grid","content_width":"full","grid_columns_grid":{"unit":"fr","size":2,"sizes":[]},"grid_rows_grid":{"unit":"fr","size":3,"sizes":[]},"grid_gaps":{"column":"20","row":"180","isLinked":false,"unit":"px"},"margin":{"unit":"px","top":"180","right":"0","bottom":"0","left":"0","isLinked":false},"padding":{"unit":"px","top":"0","right":"0","bottom":"0","left":"0","isLinked":false},"grid_gaps_tablet":{"column":"20","row":"132","isLinked":false,"unit":"px"},"margin_tablet":{"unit":"px","top":"120","right":"0","bottom":"0","left":"0","isLinked":false},"background_image":{"url":"","id":"","size":""},"background_video_fallback":{"url":"","id":"","size":""},"background_slideshow_gallery":[],"background_hover_image":{"url":"","id":"","size":""},"background_hover_video_fallback":{"url":"","id":"","size":""},"background_hover_slideshow_gallery":[],"background_overlay_image":{"url":"","id":"","size":""},"background_overlay_video_fallback":{"url":"","id":"","size":""},"background_overlay_slideshow_gallery":[],"background_overlay_hover_image":{"url":"","id":"","size":""},"background_overlay_hover_video_fallback":{"url":"","id":"","size":""},"background_overlay_hover_slideshow_gallery":[]},"elements":[{"id":"3776aed0","settings":{"content_width":"full","flex_gap":{"column":"0","row":"30","isLinked":false,"unit":"px","size":0},"background_background":"classic","border_border":"solid","border_width":{"unit":"px","top":"1","right":"1","bottom":"1","left":"1","isLinked":true},"border_radius":{"unit":"px","top":"24","right":"24","bottom":"24","left":"24","isLinked":true},"padding":{"unit":"px","top":"0","right":"24","bottom":"24","left":"24","isLinked":false},"__globals__":{"background_color":"globals\/colors?id=astglobalcolor5","border_color":"globals\/colors?id=astglobalcolor6"},"border_radius_mobile":{"unit":"px","top":"12","right":"12","bottom":"12","left":"12","isLinked":true},"background_image":{"url":"","id":"","size":""},"background_video_fallback":{"url":"","id":"","size":""},"background_slideshow_gallery":[],"background_hover_image":{"url":"","id":"","size":""},"background_hover_video_fallback":{"url":"","id":"","size":""},"background_hover_slideshow_gallery":[],"background_overlay_image":{"url":"","id":"","size":""},"background_overlay_video_fallback":{"url":"","id":"","size":""},"background_overlay_slideshow_gallery":[],"background_overlay_hover_image":{"url":"","id":"","size":""},"background_overlay_hover_video_fallback":{"url":"","id":"","size":""},"background_overlay_hover_slideshow_gallery":[]},"elements":[{"id":"382ca4a5","settings":{"content_width":"full","image":{"id":45,"url":"https:\/\/athena.dev.ananass.fr\/wp-content\/uploads\/2025\/08\/services-1.jpg"},"image_size":"full","image_border_radius":{"unit":"px","top":"24","right":"24","bottom":"24","left":"24","isLinked":true},"_margin":{"unit":"px","top":"-120","right":"0","bottom":"0","left":"0","isLinked":false},"image_border_radius_mobile":{"unit":"px","top":"12","right":"12","bottom":"12","left":"12","isLinked":true},"_margin_tablet":{"unit":"px","top":"-80","right":"0","bottom":"0","left":"0","isLinked":false},"_background_image":{"url":"","id":"","size":""},"_background_video_fallback":{"url":"","id":"","size":""},"_background_slideshow_gallery":[],"_background_hover_image":{"url":"","id":"","size":""},"_background_hover_video_fallback":{"url":"","id":"","size":""},"_background_hover_slideshow_gallery":[],"_mask_image":{"url":"","id":"","size":""}},"elements":[],"isInner":false,"widgetType":"image","elType":"widget"},{"id":"3ca5fe6","settings":{"content_width":"full","selected_icon":{"value":{"id":16,"url":"https:\/\/athena.dev.ananass.fr\/wp-content\/uploads\/2025\/08\/design.svg"},"library":"svg"},"title_text":"Garden Design & Planning","description_text":"We design personalized, breathtaking gardens that perfectly reflect your vision & lifestyle. Working closely, we meticulously craft and integrate every element into a outdoor sanctuary.","title_size":"h5","text_align":"left","icon_space":{"unit":"px","size":10,"sizes":[]},"title_bottom_space":{"unit":"px","size":12,"sizes":[]},"icon_size":{"unit":"px","size":40,"sizes":[]},"__globals__":{"primary_color":"globals\/colors?id=astglobalcolor2"},"_background_image":{"url":"","id":"","size":""},"_background_video_fallback":{"url":"","id":"","size":""},"_background_slideshow_gallery":[],"_background_hover_image":{"url":"","id":"","size":""},"_background_hover_video_fallback":{"url":"","id":"","size":""},"_background_hover_slideshow_gallery":[],"_mask_image":{"url":"","id":"","size":""}},"elements":[],"isInner":false,"widgetType":"icon-box","elType":"widget"}],"isInner":true,"elType":"container"},{"id":"6f13bf3c","settings":{"content_width":"full","flex_gap":{"column":"0","row":"30","isLinked":false,"unit":"px","size":0},"background_background":"classic","border_border":"solid","border_width":{"unit":"px","top":"1","right":"1","bottom":"1","left":"1","isLinked":true},"border_radius":{"unit":"px","top":"24","right":"24","bottom":"24","left":"24","isLinked":true},"padding":{"unit":"px","top":"0","right":"24","bottom":"24","left":"24","isLinked":false},"__globals__":{"background_color":"globals\/colors?id=astglobalcolor5","border_color":"globals\/colors?id=astglobalcolor6"},"border_radius_mobile":{"unit":"px","top":"12","right":"12","bottom":"12","left":"12","isLinked":true},"background_image":{"url":"","id":"","size":""},"background_video_fallback":{"url":"","id":"","size":""},"background_slideshow_gallery":[],"background_hover_image":{"url":"","id":"","size":""},"background_hover_video_fallback":{"url":"","id":"","size":""},"background_hover_slideshow_gallery":[],"background_overlay_image":{"url":"","id":"","size":""},"background_overlay_video_fallback":{"url":"","id":"","size":""},"background_overlay_slideshow_gallery":[],"background_overlay_hover_image":{"url":"","id":"","size":""},"background_overlay_hover_video_fallback":{"url":"","id":"","size":""},"background_overlay_hover_slideshow_gallery":[]},"elements":[{"id":"12ae7274","settings":{"content_width":"full","image":{"id":46,"url":"https:\/\/athena.dev.ananass.fr\/wp-content\/uploads\/2025\/08\/services-2.jpg"},"image_size":"full","image_border_radius":{"unit":"px","top":"24","right":"24","bottom":"24","left":"24","isLinked":true},"_margin":{"unit":"px","top":"-120","right":"0","bottom":"0","left":"0","isLinked":false},"image_border_radius_mobile":{"unit":"px","top":"12","right":"12","bottom":"12","left":"12","isLinked":true},"_margin_tablet":{"unit":"px","top":"-80","right":"0","bottom":"0","left":"0","isLinked":false},"_background_image":{"url":"","id":"","size":""},"_background_video_fallback":{"url":"","id":"","size":""},"_background_slideshow_gallery":[],"_background_hover_image":{"url":"","id":"","size":""},"_background_hover_video_fallback":{"url":"","id":"","size":""},"_background_hover_slideshow_gallery":[],"_mask_image":{"url":"","id":"","size":""}},"elements":[],"isInner":false,"widgetType":"image","elType":"widget"},{"id":"3a55f002","settings":{"content_width":"full","selected_icon":{"value":{"id":18,"url":"https:\/\/athena.dev.ananass.fr\/wp-content\/uploads\/2025\/08\/gardener.svg"},"library":"svg"},"title_text":"Lawn Care & Maintenance","description_text":"Our lawn care and maintenance services ensure your grass remains lush and healthy throughout the year. Trust us to keep your lawn looking pristine and inviting.","title_size":"h5","text_align":"left","icon_space":{"unit":"px","size":10,"sizes":[]},"title_bottom_space":{"unit":"px","size":12,"sizes":[]},"icon_size":{"unit":"px","size":40,"sizes":[]},"__globals__":{"primary_color":"globals\/colors?id=astglobalcolor2"},"_background_image":{"url":"","id":"","size":""},"_background_video_fallback":{"url":"","id":"","size":""},"_background_slideshow_gallery":[],"_background_hover_image":{"url":"","id":"","size":""},"_background_hover_video_fallback":{"url":"","id":"","size":""},"_background_hover_slideshow_gallery":[],"_mask_image":{"url":"","id":"","size":""}},"elements":[],"isInner":false,"widgetType":"icon-box","elType":"widget"}],"isInner":true,"elType":"container"},{"id":"7d63089a","settings":{"content_width":"full","flex_gap":{"column":"0","row":"30","isLinked":false,"unit":"px","size":0},"background_background":"classic","border_border":"solid","border_width":{"unit":"px","top":"1","right":"1","bottom":"1","left":"1","isLinked":true},"border_radius":{"unit":"px","top":"24","right":"24","bottom":"24","left":"24","isLinked":true},"padding":{"unit":"px","top":"0","right":"24","bottom":"24","left":"24","isLinked":false},"__globals__":{"background_color":"globals\/colors?id=astglobalcolor5","border_color":"globals\/colors?id=astglobalcolor6"},"border_radius_mobile":{"unit":"px","top":"12","right":"12","bottom":"12","left":"12","isLinked":true},"background_image":{"url":"","id":"","size":""},"background_video_fallback":{"url":"","id":"","size":""},"background_slideshow_gallery":[],"background_hover_image":{"url":"","id":"","size":""},"background_hover_video_fallback":{"url":"","id":"","size":""},"background_hover_slideshow_gallery":[],"background_overlay_image":{"url":"","id":"","size":""},"background_overlay_video_fallback":{"url":"","id":"","size":""},"background_overlay_slideshow_gallery":[],"background_overlay_hover_image":{"url":"","id":"","size":""},"background_overlay_hover_video_fallback":{"url":"","id":"","size":""},"background_overlay_hover_slideshow_gallery":[]},"elements":[{"id":"2bf65b72","settings":{"content_width":"full","image":{"id":47,"url":"https:\/\/athena.dev.ananass.fr\/wp-content\/uploads\/2025\/08\/services-3.jpg"},"image_size":"full","image_border_radius":{"unit":"px","top":"24","right":"24","bottom":"24","left":"24","isLinked":true},"_margin":{"unit":"px","top":"-120","right":"0","bottom":"0","left":"0","isLinked":false},"image_border_radius_mobile":{"unit":"px","top":"12","right":"12","bottom":"12","left":"12","isLinked":true},"_margin_tablet":{"unit":"px","top":"-80","right":"0","bottom":"0","left":"0","isLinked":false},"_background_image":{"url":"","id":"","size":""},"_background_video_fallback":{"url":"","id":"","size":""},"_background_slideshow_gallery":[],"_background_hover_image":{"url":"","id":"","size":""},"_background_hover_video_fallback":{"url":"","id":"","size":""},"_background_hover_slideshow_gallery":[],"_mask_image":{"url":"","id":"","size":""}},"elements":[],"isInner":false,"widgetType":"image","elType":"widget"},{"id":"1095d7e5","settings":{"content_width":"full","selected_icon":{"value":{"id":20,"url":"https:\/\/athena.dev.ananass.fr\/wp-content\/uploads\/2025\/08\/bench.svg"},"library":"svg"},"title_text":"Landscape Architecture","description_text":"Add enduring beauty and functionality to your outdoor spaces with our hardscaping solutions. Our craftsmanship ensures each feature is both durable and aesthetically pleasing.","title_size":"h5","text_align":"left","icon_space":{"unit":"px","size":10,"sizes":[]},"title_bottom_space":{"unit":"px","size":12,"sizes":[]},"icon_size":{"unit":"px","size":40,"sizes":[]},"__globals__":{"primary_color":"globals\/colors?id=astglobalcolor2"},"_background_image":{"url":"","id":"","size":""},"_background_video_fallback":{"url":"","id":"","size":""},"_background_slideshow_gallery":[],"_background_hover_image":{"url":"","id":"","size":""},"_background_hover_video_fallback":{"url":"","id":"","size":""},"_background_hover_slideshow_gallery":[],"_mask_image":{"url":"","id":"","size":""}},"elements":[],"isInner":false,"widgetType":"icon-box","elType":"widget"}],"isInner":true,"elType":"container"},{"id":"50fe891a","settings":{"content_width":"full","flex_gap":{"column":"0","row":"30","isLinked":false,"unit":"px","size":0},"background_background":"classic","border_border":"solid","border_width":{"unit":"px","top":"1","right":"1","bottom":"1","left":"1","isLinked":true},"border_radius":{"unit":"px","top":"24","right":"24","bottom":"24","left":"24","isLinked":true},"padding":{"unit":"px","top":"0","right":"24","bottom":"24","left":"24","isLinked":false},"__globals__":{"background_color":"globals\/colors?id=astglobalcolor5","border_color":"globals\/colors?id=astglobalcolor6"},"border_radius_mobile":{"unit":"px","top":"12","right":"12","bottom":"12","left":"12","isLinked":true},"background_image":{"url":"","id":"","size":""},"background_video_fallback":{"url":"","id":"","size":""},"background_slideshow_gallery":[],"background_hover_image":{"url":"","id":"","size":""},"background_hover_video_fallback":{"url":"","id":"","size":""},"background_hover_slideshow_gallery":[],"background_overlay_image":{"url":"","id":"","size":""},"background_overlay_video_fallback":{"url":"","id":"","size":""},"background_overlay_slideshow_gallery":[],"background_overlay_hover_image":{"url":"","id":"","size":""},"background_overlay_hover_video_fallback":{"url":"","id":"","size":""},"background_overlay_hover_slideshow_gallery":[]},"elements":[{"id":"3b560d38","settings":{"content_width":"full","image":{"id":48,"url":"https:\/\/athena.dev.ananass.fr\/wp-content\/uploads\/2025\/08\/services-4.jpg"},"image_size":"full","image_border_radius":{"unit":"px","top":"24","right":"24","bottom":"24","left":"24","isLinked":true},"_margin":{"unit":"px","top":"-120","right":"0","bottom":"0","left":"0","isLinked":false},"image_border_radius_mobile":{"unit":"px","top":"12","right":"12","bottom":"12","left":"12","isLinked":true},"_margin_tablet":{"unit":"px","top":"-80","right":"0","bottom":"0","left":"0","isLinked":false},"_background_image":{"url":"","id":"","size":""},"_background_video_fallback":{"url":"","id":"","size":""},"_background_slideshow_gallery":[],"_background_hover_image":{"url":"","id":"","size":""},"_background_hover_video_fallback":{"url":"","id":"","size":""},"_background_hover_slideshow_gallery":[],"_mask_image":{"url":"","id":"","size":""}},"elements":[],"isInner":false,"widgetType":"image","elType":"widget"},{"id":"6b6f64c","settings":{"content_width":"full","selected_icon":{"value":{"id":49,"url":"https:\/\/athena.dev.ananass.fr\/wp-content\/uploads\/2025\/08\/flower-1.svg"},"library":"svg"},"title_text":"Seasonal Planting Services","description_text":"Expertly planting seasonal flowers, shrubs, & perennials that thrive locally for continuous color. Enjoy a garden that evolves each season, unveiling fresh blooms & surprises year-round.","title_size":"h5","text_align":"left","icon_space":{"unit":"px","size":10,"sizes":[]},"title_bottom_space":{"unit":"px","size":12,"sizes":[]},"icon_size":{"unit":"px","size":40,"sizes":[]},"__globals__":{"primary_color":"globals\/colors?id=astglobalcolor2"},"_background_image":{"url":"","id":"","size":""},"_background_video_fallback":{"url":"","id":"","size":""},"_background_slideshow_gallery":[],"_background_hover_image":{"url":"","id":"","size":""},"_background_hover_video_fallback":{"url":"","id":"","size":""},"_background_hover_slideshow_gallery":[],"_mask_image":{"url":"","id":"","size":""}},"elements":[],"isInner":false,"widgetType":"icon-box","elType":"widget"}],"isInner":true,"elType":"container"},{"id":"175537f6","settings":{"content_width":"full","flex_gap":{"column":"0","row":"30","isLinked":false,"unit":"px","size":0},"background_background":"classic","border_border":"solid","border_width":{"unit":"px","top":"1","right":"1","bottom":"1","left":"1","isLinked":true},"border_radius":{"unit":"px","top":"24","right":"24","bottom":"24","left":"24","isLinked":true},"padding":{"unit":"px","top":"0","right":"24","bottom":"24","left":"24","isLinked":false},"__globals__":{"background_color":"globals\/colors?id=astglobalcolor5","border_color":"globals\/colors?id=astglobalcolor6"},"border_radius_mobile":{"unit":"px","top":"12","right":"12","bottom":"12","left":"12","isLinked":true},"background_image":{"url":"","id":"","size":""},"background_video_fallback":{"url":"","id":"","size":""},"background_slideshow_gallery":[],"background_hover_image":{"url":"","id":"","size":""},"background_hover_video_fallback":{"url":"","id":"","size":""},"background_hover_slideshow_gallery":[],"background_overlay_image":{"url":"","id":"","size":""},"background_overlay_video_fallback":{"url":"","id":"","size":""},"background_overlay_slideshow_gallery":[],"background_overlay_hover_image":{"url":"","id":"","size":""},"background_overlay_hover_video_fallback":{"url":"","id":"","size":""},"background_overlay_hover_slideshow_gallery":[]},"elements":[{"id":"14e70da","settings":{"content_width":"full","image":{"id":50,"url":"https:\/\/athena.dev.ananass.fr\/wp-content\/uploads\/2025\/08\/services-5.jpg"},"image_size":"full","image_border_radius":{"unit":"px","top":"24","right":"24","bottom":"24","left":"24","isLinked":true},"_margin":{"unit":"px","top":"-120","right":"0","bottom":"0","left":"0","isLinked":false},"image_border_radius_mobile":{"unit":"px","top":"12","right":"12","bottom":"12","left":"12","isLinked":true},"_margin_tablet":{"unit":"px","top":"-80","right":"0","bottom":"0","left":"0","isLinked":false},"_background_image":{"url":"","id":"","size":""},"_background_video_fallback":{"url":"","id":"","size":""},"_background_slideshow_gallery":[],"_background_hover_image":{"url":"","id":"","size":""},"_background_hover_video_fallback":{"url":"","id":"","size":""},"_background_hover_slideshow_gallery":[],"_mask_image":{"url":"","id":"","size":""}},"elements":[],"isInner":false,"widgetType":"image","elType":"widget"},{"id":"28dae765","settings":{"content_width":"full","selected_icon":{"value":{"id":51,"url":"https:\/\/athena.dev.ananass.fr\/wp-content\/uploads\/2025\/08\/water-sprinkler.svg"},"library":"svg"},"title_text":"Irrigation Systems","description_text":"Keep your gardens healthy & vibrant with our advanced irrigation systems. We design & install watering solutions that conserve resources while providing optimal hydration for your plants.","title_size":"h5","text_align":"left","icon_space":{"unit":"px","size":10,"sizes":[]},"title_bottom_space":{"unit":"px","size":12,"sizes":[]},"icon_size":{"unit":"px","size":40,"sizes":[]},"__globals__":{"primary_color":"globals\/colors?id=astglobalcolor2"},"_background_image":{"url":"","id":"","size":""},"_background_video_fallback":{"url":"","id":"","size":""},"_background_slideshow_gallery":[],"_background_hover_image":{"url":"","id":"","size":""},"_background_hover_video_fallback":{"url":"","id":"","size":""},"_background_hover_slideshow_gallery":[],"_mask_image":{"url":"","id":"","size":""}},"elements":[],"isInner":false,"widgetType":"icon-box","elType":"widget"}],"isInner":true,"elType":"container"},{"id":"419ca572","settings":{"content_width":"full","flex_gap":{"column":"0","row":"30","isLinked":false,"unit":"px","size":0},"background_background":"classic","border_border":"solid","border_width":{"unit":"px","top":"1","right":"1","bottom":"1","left":"1","isLinked":true},"border_radius":{"unit":"px","top":"24","right":"24","bottom":"24","left":"24","isLinked":true},"padding":{"unit":"px","top":"0","right":"24","bottom":"24","left":"24","isLinked":false},"__globals__":{"background_color":"globals\/colors?id=astglobalcolor5","border_color":"globals\/colors?id=astglobalcolor6"},"border_radius_mobile":{"unit":"px","top":"12","right":"12","bottom":"12","left":"12","isLinked":true},"background_image":{"url":"","id":"","size":""},"background_video_fallback":{"url":"","id":"","size":""},"background_slideshow_gallery":[],"background_hover_image":{"url":"","id":"","size":""},"background_hover_video_fallback":{"url":"","id":"","size":""},"background_hover_slideshow_gallery":[],"background_overlay_image":{"url":"","id":"","size":""},"background_overlay_video_fallback":{"url":"","id":"","size":""},"background_overlay_slideshow_gallery":[],"background_overlay_hover_image":{"url":"","id":"","size":""},"background_overlay_hover_video_fallback":{"url":"","id":"","size":""},"background_overlay_hover_slideshow_gallery":[]},"elements":[{"id":"7a0a85b6","settings":{"content_width":"full","image":{"id":52,"url":"https:\/\/athena.dev.ananass.fr\/wp-content\/uploads\/2025\/08\/services-6.jpg"},"image_size":"full","image_border_radius":{"unit":"px","top":"24","right":"24","bottom":"24","left":"24","isLinked":true},"_margin":{"unit":"px","top":"-120","right":"0","bottom":"0","left":"0","isLinked":false},"image_border_radius_mobile":{"unit":"px","top":"12","right":"12","bottom":"12","left":"12","isLinked":true},"_margin_tablet":{"unit":"px","top":"-80","right":"0","bottom":"0","left":"0","isLinked":false},"_background_image":{"url":"","id":"","size":""},"_background_video_fallback":{"url":"","id":"","size":""},"_background_slideshow_gallery":[],"_background_hover_image":{"url":"","id":"","size":""},"_background_hover_video_fallback":{"url":"","id":"","size":""},"_background_hover_slideshow_gallery":[],"_mask_image":{"url":"","id":"","size":""}},"elements":[],"isInner":false,"widgetType":"image","elType":"widget"},{"id":"67c0365d","settings":{"content_width":"full","selected_icon":{"value":{"id":22,"url":"https:\/\/athena.dev.ananass.fr\/wp-content\/uploads\/2025\/08\/plants.svg"},"library":"svg"},"title_text":"Outdoor Lighting","description_text":"Illuminate your property with our custom outdoor lighting solutions. We design and install strategic lighting that highlights key features and enhances safety.","title_size":"h5","text_align":"left","icon_space":{"unit":"px","size":10,"sizes":[]},"title_bottom_space":{"unit":"px","size":12,"sizes":[]},"icon_size":{"unit":"px","size":40,"sizes":[]},"__globals__":{"primary_color":"globals\/colors?id=astglobalcolor2"},"_background_image":{"url":"","id":"","size":""},"_background_video_fallback":{"url":"","id":"","size":""},"_background_slideshow_gallery":[],"_background_hover_image":{"url":"","id":"","size":""},"_background_hover_video_fallback":{"url":"","id":"","size":""},"_background_hover_slideshow_gallery":[],"_mask_image":{"url":"","id":"","size":""}},"elements":[],"isInner":false,"widgetType":"icon-box","elType":"widget"}],"isInner":true,"elType":"container"}],"isInner":true,"elType":"container"}],"isInner":false,"elType":"container"},{"id":"7bf35677","settings":{"flex_direction":"row","flex_gap":{"unit":"px","size":48,"column":"48","row":"48","isLinked":true},"boxed_width":{"unit":"px","size":1200,"sizes":[]},"flex_align_items":"center","padding":{"unit":"px","top":"120","right":"40","bottom":"120","left":"40","isLinked":false},"flex_align_items_tablet":"flex-start","flex_gap_mobile":{"column":"0","row":"40","isLinked":false,"unit":"px","size":0},"padding_tablet":{"unit":"px","top":"80","right":"32","bottom":"80","left":"32","isLinked":false},"padding_mobile":{"unit":"px","top":"64","right":"24","bottom":"64","left":"24","isLinked":false},"background_image":{"url":"","id":"","size":""},"background_video_fallback":{"url":"","id":"","size":""},"background_slideshow_gallery":[],"background_hover_image":{"url":"","id":"","size":""},"background_hover_video_fallback":{"url":"","id":"","size":""},"background_hover_slideshow_gallery":[],"background_overlay_image":{"url":"","id":"","size":""},"background_overlay_video_fallback":{"url":"","id":"","size":""},"background_overlay_slideshow_gallery":[],"background_overlay_hover_image":{"url":"","id":"","size":""},"background_overlay_hover_video_fallback":{"url":"","id":"","size":""},"background_overlay_hover_slideshow_gallery":[]},"elements":[{"id":"288ca80","settings":{"flex_direction":"column","content_width":"full","width":{"unit":"%","size":"50"},"flex_align_items":"flex-end","flex_gap":{"column":"0","row":"0","isLinked":false,"unit":"px","size":0},"padding":{"unit":"px","top":"0","right":"0","bottom":"0","left":"0","isLinked":false},"flex_justify_content_tablet":"flex-start","background_image":{"url":"","id":"","size":""},"background_video_fallback":{"url":"","id":"","size":""},"background_slideshow_gallery":[],"background_hover_image":{"url":"","id":"","size":""},"background_hover_video_fallback":{"url":"","id":"","size":""},"background_hover_slideshow_gallery":[],"background_overlay_image":{"url":"","id":"","size":""},"background_overlay_video_fallback":{"url":"","id":"","size":""},"background_overlay_slideshow_gallery":[],"background_overlay_hover_image":{"url":"","id":"","size":""},"background_overlay_hover_video_fallback":{"url":"","id":"","size":""},"background_overlay_hover_slideshow_gallery":[]},"elements":[{"id":"65ef2406","settings":{"content_width":"full","image":{"id":53,"url":"https:\/\/athena.dev.ananass.fr\/wp-content\/uploads\/2025\/08\/legacy.jpg"},"image_size":"full","image_border_radius":{"unit":"px","top":"24","right":"24","bottom":"24","left":"24","isLinked":true},"_margin":{"unit":"px","top":"0","right":"20","bottom":"0","left":"0","isLinked":false},"image_border_radius_mobile":{"unit":"px","top":"12","right":"12","bottom":"12","left":"12","isLinked":true},"_background_image":{"url":"","id":"","size":""},"_background_video_fallback":{"url":"","id":"","size":""},"_background_slideshow_gallery":[],"_background_hover_image":{"url":"","id":"","size":""},"_background_hover_video_fallback":{"url":"","id":"","size":""},"_background_hover_slideshow_gallery":[],"_mask_image":{"url":"","id":"","size":""}},"elements":[],"isInner":false,"widgetType":"image","elType":"widget"},{"id":"6d576977","settings":{"content_width":"full","width":{"unit":"%","size":40,"sizes":[]},"flex_gap":{"column":"0","row":"0","isLinked":false,"unit":"px","size":0},"background_background":"classic","border_border":"solid","border_width":{"unit":"px","top":"8","right":"0","bottom":"0","left":"8","isLinked":false},"border_radius":{"unit":"px","top":"24","right":"24","bottom":"24","left":"24","isLinked":true},"box_shadow_box_shadow":{"horizontal":-8,"vertical":-8,"blur":0,"spread":0,"color":"rgba(0,0,0,0.5)"},"margin":{"unit":"px","top":"-90","right":"0","bottom":"0","left":"0","isLinked":false},"padding":{"unit":"px","top":"48","right":"48","bottom":"48","left":"48","isLinked":true},"__globals__":{"background_color":"globals\/colors?id=astglobalcolor2","border_color":"globals\/colors?id=astglobalcolor5"},"width_tablet":{"unit":"%","size":54,"sizes":[]},"width_mobile":{"unit":"%","size":60,"sizes":[]},"border_radius_mobile":{"unit":"px","top":"24","right":"24","bottom":"24","left":"24","isLinked":true},"padding_tablet":{"unit":"px","top":"30","right":"30","bottom":"30","left":"30","isLinked":true},"background_image":{"url":"","id":"","size":""},"background_video_fallback":{"url":"","id":"","size":""},"background_slideshow_gallery":[],"background_hover_image":{"url":"","id":"","size":""},"background_hover_video_fallback":{"url":"","id":"","size":""},"background_hover_slideshow_gallery":[],"background_overlay_image":{"url":"","id":"","size":""},"background_overlay_video_fallback":{"url":"","id":"","size":""},"background_overlay_slideshow_gallery":[],"background_overlay_hover_image":{"url":"","id":"","size":""},"background_overlay_hover_video_fallback":{"url":"","id":"","size":""},"background_overlay_hover_slideshow_gallery":[]},"elements":[{"id":"221653b1","settings":{"content_width":"full","title":"25+","align":"center","__globals__":{"title_color":"globals\/colors?id=astglobalcolor5"},"_background_image":{"url":"","id":"","size":""},"_background_video_fallback":{"url":"","id":"","size":""},"_background_slideshow_gallery":[],"_background_hover_image":{"url":"","id":"","size":""},"_background_hover_video_fallback":{"url":"","id":"","size":""},"_background_hover_slideshow_gallery":[],"_mask_image":{"url":"","id":"","size":""}},"elements":[],"isInner":false,"widgetType":"heading","elType":"widget"},{"id":"47ab32c4","settings":{"content_width":"full","editor":"Years of Experience","align":"center","__globals__":{"text_color":"globals\/colors?id=astglobalcolor5"},"_background_image":{"url":"","id":"","size":""},"_background_video_fallback":{"url":"","id":"","size":""},"_background_slideshow_gallery":[],"_background_hover_image":{"url":"","id":"","size":""},"_background_hover_video_fallback":{"url":"","id":"","size":""},"_background_hover_slideshow_gallery":[],"_mask_image":{"url":"","id":"","size":""}},"elements":[],"isInner":false,"widgetType":"text-editor","elType":"widget"}],"isInner":true,"elType":"container"}],"isInner":true,"elType":"container"},{"id":"1ab286ac","settings":{"flex_direction":"column","content_width":"full","width":{"unit":"%","size":"50"},"flex_gap":{"column":"0","row":"12","isLinked":false,"unit":"px","size":0},"padding":{"unit":"px","top":"0","right":"0","bottom":"0","left":"0","isLinked":false},"background_image":{"url":"","id":"","size":""},"background_video_fallback":{"url":"","id":"","size":""},"background_slideshow_gallery":[],"background_hover_image":{"url":"","id":"","size":""},"background_hover_video_fallback":{"url":"","id":"","size":""},"background_hover_slideshow_gallery":[],"background_overlay_image":{"url":"","id":"","size":""},"background_overlay_video_fallback":{"url":"","id":"","size":""},"background_overlay_slideshow_gallery":[],"background_overlay_hover_image":{"url":"","id":"","size":""},"background_overlay_hover_video_fallback":{"url":"","id":"","size":""},"background_overlay_hover_slideshow_gallery":[]},"elements":[{"id":"10299192","settings":{"content_width":"full","selected_icon":{"value":"fas fa-leaf","library":"fa-solid"},"title_text":"Our Legacy","description_text":"","title_size":"p","position":"left","content_vertical_alignment":"middle","text_align":"left","icon_space":{"unit":"px","size":6,"sizes":[]},"title_bottom_space":{"unit":"px","size":0,"sizes":[]},"icon_size":{"unit":"px","size":15,"sizes":[]},"title_typography_typography":"custom","title_typography_font_weight":"500","title_typography_text_transform":"uppercase","__globals__":{"title_color":"globals\/colors?id=astglobalcolor2","primary_color":"globals\/colors?id=astglobalcolor2"},"title_typography_letter_spacing":{"unit":"px","size":1,"sizes":[]},"position_mobile":"left","_background_image":{"url":"","id":"","size":""},"_background_video_fallback":{"url":"","id":"","size":""},"_background_slideshow_gallery":[],"_background_hover_image":{"url":"","id":"","size":""},"_background_hover_video_fallback":{"url":"","id":"","size":""},"_background_hover_slideshow_gallery":[],"_mask_image":{"url":"","id":"","size":""}},"elements":[],"isInner":false,"widgetType":"icon-box","elType":"widget"},{"id":"44a5b472","settings":{"content_width":"full","title":"Decades of Trusted Excellence","_margin":{"unit":"px","top":"0","right":"0","bottom":"6","left":"0","isLinked":false},"_background_image":{"url":"","id":"","size":""},"_background_video_fallback":{"url":"","id":"","size":""},"_background_slideshow_gallery":[],"_background_hover_image":{"url":"","id":"","size":""},"_background_hover_video_fallback":{"url":"","id":"","size":""},"_background_hover_slideshow_gallery":[],"_mask_image":{"url":"","id":"","size":""}},"elements":[],"isInner":false,"widgetType":"heading","elType":"widget"},{"id":"4bc0db16","settings":{"content_width":"full","editor":"Our extensive expertise allows us to tackle projects of any size and complexity, always delivering results that exceed expectations. Trust us to bring your outdoor dreams to life with a commitment to excellence that stands the test of time.","_background_image":{"url":"","id":"","size":""},"_background_video_fallback":{"url":"","id":"","size":""},"_background_slideshow_gallery":[],"_background_hover_image":{"url":"","id":"","size":""},"_background_hover_video_fallback":{"url":"","id":"","size":""},"_background_hover_slideshow_gallery":[],"_mask_image":{"url":"","id":"","size":""}},"elements":[],"isInner":false,"widgetType":"text-editor","elType":"widget"},{"id":"24f4ed93","settings":{"content_width":"full","icon_list":[{"text":"Superior Workmanship","selected_icon":{"value":"fas fa-check-circle","library":"fa-solid"},"_id":"89bca57","link":{"url":"","is_external":"","nofollow":"","custom_attributes":""}},{"text":"Transparent Practices","selected_icon":{"value":"fas fa-check-circle","library":"fa-solid"},"_id":"0d1c8d9","link":{"url":"","is_external":"","nofollow":"","custom_attributes":""}},{"text":"Creative Solutions","selected_icon":{"value":"fas fa-check-circle","library":"fa-solid"},"_id":"3cc3df7","link":{"url":"","is_external":"","nofollow":"","custom_attributes":""}}],"icon_size":{"unit":"px","size":16,"sizes":[]},"icon_typography_typography":"custom","icon_typography_font_size":{"unit":"px","size":18,"sizes":[]},"icon_typography_font_weight":"500","_margin":{"unit":"px","top":"24","right":"0","bottom":"24","left":"0","isLinked":false},"__globals__":{"icon_color":"globals\/colors?id=astglobalcolor1","text_color":"globals\/colors?id=astglobalcolor2"},"_margin_mobile":{"unit":"px","top":"8","right":"0","bottom":"12","left":"0","isLinked":false},"_background_image":{"url":"","id":"","size":""},"_background_video_fallback":{"url":"","id":"","size":""},"_background_slideshow_gallery":[],"_background_hover_image":{"url":"","id":"","size":""},"_background_hover_video_fallback":{"url":"","id":"","size":""},"_background_hover_slideshow_gallery":[],"_mask_image":{"url":"","id":"","size":""}},"elements":[],"isInner":false,"widgetType":"icon-list","elType":"widget"},{"id":"2161b34a","settings":{"content_width":"full","text":"Call Us Now","selected_icon":{"value":"fas fa-chevron-right","library":"fa-solid"},"icon_align":"row-reverse","icon_indent":{"unit":"px","size":8,"sizes":[]},"background_color":"#02010100","border_border":"solid","border_width":{"unit":"px","top":"2","right":"2","bottom":"2","left":"2","isLinked":true},"__globals__":{"button_text_color":"globals\/colors?id=astglobalcolor2","border_color":"globals\/colors?id=astglobalcolor2","hover_color":"globals\/colors?id=astglobalcolor2","button_background_hover_color":"globals\/colors?id=astglobalcolor1","button_hover_border_color":"globals\/colors?id=astglobalcolor1"},"background_video_fallback":{"url":"","id":"","size":""},"background_slideshow_gallery":[],"button_background_hover_video_fallback":{"url":"","id":"","size":""},"button_background_hover_slideshow_gallery":[],"_background_image":{"url":"","id":"","size":""},"_background_video_fallback":{"url":"","id":"","size":""},"_background_slideshow_gallery":[],"_background_hover_image":{"url":"","id":"","size":""},"_background_hover_video_fallback":{"url":"","id":"","size":""},"_background_hover_slideshow_gallery":[],"_mask_image":{"url":"","id":"","size":""}},"elements":[],"isInner":false,"widgetType":"button","elType":"widget"}],"isInner":true,"elType":"container"}],"isInner":false,"elType":"container"},{"id":"1c2d10ee","settings":{"flex_direction":"column","boxed_width":{"unit":"px","size":1200,"sizes":[]},"flex_align_items":"flex-end","background_background":"classic","background_image":{"id":9,"url":"https:\/\/athena.dev.ananass.fr\/wp-content\/uploads\/2025\/08\/footer-bg.jpg"},"background_repeat":"no-repeat","background_size":"cover","background_overlay_background":"gradient","background_overlay_color_stop":{"unit":"%","size":74,"sizes":[]},"background_overlay_color_b_stop":{"unit":"%","size":47,"sizes":[]},"background_overlay_gradient_angle":{"unit":"deg","size":184,"sizes":[]},"background_overlay_opacity":{"unit":"px","size":0.24,"sizes":[]},"padding":{"unit":"px","top":"120","right":"40","bottom":"120","left":"40","isLinked":false},"__globals__":{"background_overlay_color":"globals\/colors?id=astglobalcolor2","background_overlay_color_b":"globals\/colors?id=astglobalcolor2"},"padding_tablet":{"unit":"px","top":"80","right":"32","bottom":"80","left":"32","isLinked":false},"padding_mobile":{"unit":"px","top":"64","right":"24","bottom":"64","left":"24","isLinked":false},"background_video_fallback":{"url":"","id":"","size":""},"background_slideshow_gallery":[],"background_hover_image":{"url":"","id":"","size":""},"background_hover_video_fallback":{"url":"","id":"","size":""},"background_hover_slideshow_gallery":[],"background_overlay_image":{"url":"","id":"","size":""},"background_overlay_video_fallback":{"url":"","id":"","size":""},"background_overlay_slideshow_gallery":[],"background_overlay_hover_image":{"url":"","id":"","size":""},"background_overlay_hover_video_fallback":{"url":"","id":"","size":""},"background_overlay_hover_slideshow_gallery":[]},"elements":[{"id":"1766747c","settings":{"content_width":"full","width":{"unit":"%","size":50,"sizes":[]},"padding":{"unit":"px","top":"0","right":"0","bottom":"0","left":"0","isLinked":false},"flex_gap_mobile":{"column":"0","row":"15","isLinked":false,"unit":"px","size":0},"background_image":{"url":"","id":"","size":""},"background_video_fallback":{"url":"","id":"","size":""},"background_slideshow_gallery":[],"background_hover_image":{"url":"","id":"","size":""},"background_hover_video_fallback":{"url":"","id":"","size":""},"background_hover_slideshow_gallery":[],"background_overlay_image":{"url":"","id":"","size":""},"background_overlay_video_fallback":{"url":"","id":"","size":""},"background_overlay_slideshow_gallery":[],"background_overlay_hover_image":{"url":"","id":"","size":""},"background_overlay_hover_video_fallback":{"url":"","id":"","size":""},"background_overlay_hover_slideshow_gallery":[]},"elements":[{"id":"6a5bb8a9","settings":{"content_width":"full","title":"Ready to transform your outdoor space?","__globals__":{"title_color":"globals\/colors?id=astglobalcolor5"},"_background_image":{"url":"","id":"","size":""},"_background_video_fallback":{"url":"","id":"","size":""},"_background_slideshow_gallery":[],"_background_hover_image":{"url":"","id":"","size":""},"_background_hover_video_fallback":{"url":"","id":"","size":""},"_background_hover_slideshow_gallery":[],"_mask_image":{"url":"","id":"","size":""}},"elements":[],"isInner":false,"widgetType":"heading","elType":"widget"},{"id":"56f847e0","settings":{"content_width":"full","editor":"Contact us today to schedule a consultation or to learn more about our services.","__globals__":{"text_color":"globals\/colors?id=astglobalcolor5"},"_background_image":{"url":"","id":"","size":""},"_background_video_fallback":{"url":"","id":"","size":""},"_background_slideshow_gallery":[],"_background_hover_image":{"url":"","id":"","size":""},"_background_hover_video_fallback":{"url":"","id":"","size":""},"_background_hover_slideshow_gallery":[],"_mask_image":{"url":"","id":"","size":""}},"elements":[],"isInner":false,"widgetType":"text-editor","elType":"widget"},{"id":"19c2863","settings":{"content_width":"full","text":"Get A Free Quote","_margin":{"unit":"px","top":"20","right":"0","bottom":"0","left":"0","isLinked":false},"_margin_tablet":{"unit":"px","top":"10","right":"0","bottom":"0","left":"0","isLinked":false},"_margin_mobile":{"unit":"px","top":"12","right":"0","bottom":"0","left":"0","isLinked":false},"selected_icon":{"value":"","library":""},"background_video_fallback":{"url":"","id":"","size":""},"background_slideshow_gallery":[],"button_background_hover_video_fallback":{"url":"","id":"","size":""},"button_background_hover_slideshow_gallery":[],"_background_image":{"url":"","id":"","size":""},"_background_video_fallback":{"url":"","id":"","size":""},"_background_slideshow_gallery":[],"_background_hover_image":{"url":"","id":"","size":""},"_background_hover_video_fallback":{"url":"","id":"","size":""},"_background_hover_slideshow_gallery":[],"_mask_image":{"url":"","id":"","size":""}},"elements":[],"isInner":false,"widgetType":"button","elType":"widget"}],"isInner":true,"elType":"container"}],"isInner":false,"elType":"container"}],"settings":{"template":"default","astra_sites_main_color":"var(--ast-global-color-0)","astra_sites_heading_base_color":"var(--ast-global-color-2)","astra_sites_link_color":"var(--ast-global-color-0)","astra_sites_link_hover_color":"var(--ast-global-color-1)","astra_sites_text_color":"var(--ast-global-color-3)","astra_sites_body_typography":"custom","astra_sites_body_font_size":{"unit":"px","size":16},"astra_sites_body_font_family":"Karla","astra_sites_body_font_weight":"400","astra_sites_heading_1_typography":"custom","astra_sites_heading_1_font_size":{"unit":"px","size":74},"astra_sites_heading_1_font_size_tablet":{"unit":"px","size":48},"astra_sites_heading_1_font_size_mobile":{"unit":"px","size":36},"astra_sites_default_heading_font_family":"'Bricolage Grotesque', sans-serif","astra_sites_heading_1_font_family":"'Bricolage Grotesque'","astra_sites_heading_1_font_weight":"600","astra_sites_heading_2_typography":"custom","astra_sites_heading_2_font_size":{"unit":"px","size":54},"astra_sites_heading_2_font_size_tablet":{"unit":"px","size":32},"astra_sites_heading_2_font_size_mobile":{"unit":"px","size":28},"astra_sites_heading_2_font_family":"'Bricolage Grotesque'","astra_sites_heading_2_font_weight":"600","astra_sites_heading_3_typography":"custom","astra_sites_heading_3_font_size":{"unit":"px","size":42},"astra_sites_heading_3_font_size_tablet":{"unit":"px","size":26},"astra_sites_heading_3_font_size_mobile":{"unit":"px","size":22},"astra_sites_heading_3_font_family":"'Bricolage Grotesque'","astra_sites_heading_3_font_weight":"600","astra_sites_heading_4_typography":"custom","astra_sites_heading_4_font_size":{"unit":"px","size":32},"astra_sites_heading_4_font_size_tablet":{"unit":"px","size":22},"astra_sites_heading_4_font_size_mobile":{"unit":"px","size":20},"astra_sites_heading_4_font_family":"'Bricolage Grotesque'","astra_sites_heading_4_font_weight":"600","astra_sites_heading_5_typography":"custom","astra_sites_heading_5_font_size":{"unit":"px","size":24},"astra_sites_heading_5_font_size_tablet":{"unit":"px","size":20},"astra_sites_heading_5_font_size_mobile":{"unit":"px","size":18},"astra_sites_heading_5_font_family":"'Bricolage Grotesque'","astra_sites_heading_5_font_weight":"600","astra_sites_heading_6_typography":"custom","astra_sites_heading_6_font_size":{"unit":"px","size":18},"astra_sites_heading_6_font_size_tablet":{"unit":"px","size":16},"astra_sites_heading_6_font_size_mobile":{"unit":"px","size":16},"astra_sites_heading_6_font_family":"'Bricolage Grotesque'","astra_sites_heading_6_font_weight":"600","astra_sites_page_setting_enable":""},"metadata":{"surerank_seo_checks":"s:1485:\"a:11:{s:14:\"h2_subheadings\";a:2:{s:6:\"status\";s:7:\"success\";s:7:\"message\";s:40:\"La page contient au moins un sous-titre.\";}s:14:\"image_alt_text\";a:4:{s:6:\"status\";s:7:\"success\";s:11:\"description\";a:1:{i:0;s:53:\"Les images sur le post\/la page ont des attributs alt.\";}s:7:\"message\";s:54:\"Toutes les images de cette page ont des attributs alt.\";s:11:\"show_images\";b:0;}s:13:\"media_present\";a:2:{s:6:\"status\";s:7:\"success\";s:7:\"message\";s:69:\"Cette page inclut des images ou des vid\u00e9os pour enrichir le contenu.\";}s:13:\"links_present\";a:2:{s:6:\"status\";s:7:\"success\";s:7:\"message\";s:37:\"Des liens sont pr\u00e9sents sur la page.\";}s:10:\"url_length\";a:2:{s:6:\"status\";s:7:\"success\";s:7:\"message\";s:54:\"L'URL de la page est courte et conviviale pour le SEO.\";}s:19:\"search_engine_title\";a:2:{s:6:\"status\";s:7:\"success\";s:7:\"message\";s:77:\"Le titre du moteur de recherche est pr\u00e9sent et fait moins de 60 caract\u00e8res.\";}s:25:\"search_engine_description\";a:2:{s:6:\"status\";s:7:\"success\";s:7:\"message\";s:85:\"La description du moteur de recherche est pr\u00e9sente et fait moins de 160 caract\u00e8res.\";}s:13:\"canonical_url\";a:2:{s:6:\"status\";s:7:\"success\";s:7:\"message\";s:46:\"La balise canonique est pr\u00e9sente sur la page.\";}s:9:\"all_links\";a:1:{i:0;s:3:\"\"#\"\";}s:15:\"open_graph_tags\";a:2:{s:6:\"status\";s:7:\"success\";s:7:\"message\";s:51:\"Les balises Open Graph sont pr\u00e9sentes sur la page.\";}s:12:\"broken_links\";a:2:{s:6:\"status\";s:7:\"success\";s:7:\"message\";s:38:\"Aucun lien bris\u00e9 trouv\u00e9 sur la page.\";}}\";","surerank_seo_checks_last_updated":"1755729686","site-sidebar-layout":"no-sidebar","ast-site-content-layout":"full-width-container","site-content-style":"unboxed","site-sidebar-style":"unboxed","theme-transparent-header-meta":"enabled","ast-title-bar-display":"disabled","ast-featured-img":"disabled","astra-main-page-id":"94321","ast_self_id_94321":"1"}}