{"content":[{"id":"446e6efc","settings":{"flex_direction":"column","boxed_width":{"unit":"px","size":1200,"sizes":[]},"min_height":{"unit":"vh","size":65,"sizes":[]},"min_height_tablet":{"unit":"vh","size":"","sizes":[]},"min_height_mobile":{"unit":"vh","size":0,"sizes":[]},"flex_justify_content":"center","background_background":"classic","background_image":{"id":57,"url":"https:\/\/athena.dev.ananass.fr\/wp-content\/uploads\/2025\/08\/projects-hero-bg.jpg"},"background_position":"center center","background_repeat":"no-repeat","background_size":"cover","background_overlay_background":"gradient","background_overlay_opacity":{"unit":"px","size":0.65,"sizes":[]},"padding":{"unit":"px","top":"140","right":"40","bottom":"100","left":"40","isLinked":false},"__globals__":{"background_overlay_color":"globals\/colors?id=astglobalcolor2","background_overlay_color_b":"globals\/colors?id=astglobalcolor2"},"flex_gap_mobile":{"column":"0","row":"12","isLinked":false,"unit":"px","size":0},"padding_tablet":{"unit":"px","top":"100","right":"32","bottom":"100","left":"32","isLinked":false},"padding_mobile":{"unit":"px","top":"120","right":"24","bottom":"64","left":"24","isLinked":false},"background_video_fallback":{"url":"","id":"","size":""},"background_slideshow_gallery":[],"background_hover_image":{"url":"","id":"","size":""},"background_hover_video_fallback":{"url":"","id":"","size":""},"background_hover_slideshow_gallery":[],"background_overlay_image":{"url":"","id":"","size":""},"background_overlay_video_fallback":{"url":"","id":"","size":""},"background_overlay_slideshow_gallery":[],"background_overlay_hover_image":{"url":"","id":"","size":""},"background_overlay_hover_video_fallback":{"url":"","id":"","size":""},"background_overlay_hover_slideshow_gallery":[]},"elements":[{"id":"2b9260a","settings":{"content_width":"full","title":"Our Projects","header_size":"h1","__globals__":{"title_color":"globals\/colors?id=astglobalcolor5"},"_background_image":{"url":"","id":"","size":""},"_background_video_fallback":{"url":"","id":"","size":""},"_background_slideshow_gallery":[],"_background_hover_image":{"url":"","id":"","size":""},"_background_hover_video_fallback":{"url":"","id":"","size":""},"_background_hover_slideshow_gallery":[],"_mask_image":{"url":"","id":"","size":""}},"elements":[],"isInner":false,"widgetType":"heading","elType":"widget"},{"id":"68b9dc75","settings":{"content_width":"full","editor":"From small urban gardens to sprawling estates, each project reflects our commitment to quality and innovation.","_margin":{"unit":"px","top":"0","right":"0","bottom":"0","left":"0","isLinked":false},"_padding":{"unit":"%","top":"0","right":"50","bottom":"0","left":"0","isLinked":false},"_padding_tablet":{"unit":"%","top":"0","right":"20","bottom":"0","left":"0","isLinked":false},"_padding_mobile":{"unit":"%","top":"0","right":"0","bottom":"0","left":"0","isLinked":false},"__globals__":{"text_color":"globals\/colors?id=astglobalcolor5"},"_background_image":{"url":"","id":"","size":""},"_background_video_fallback":{"url":"","id":"","size":""},"_background_slideshow_gallery":[],"_background_hover_image":{"url":"","id":"","size":""},"_background_hover_video_fallback":{"url":"","id":"","size":""},"_background_hover_slideshow_gallery":[],"_mask_image":{"url":"","id":"","size":""}},"elements":[],"isInner":false,"widgetType":"text-editor","elType":"widget"}],"isInner":false,"elType":"container"},{"id":"506224bf","settings":{"flex_direction":"column","boxed_width":{"unit":"px","size":1200,"sizes":[]},"flex_gap":{"column":"0","row":"12","isLinked":false,"unit":"px","size":0},"background_background":"classic","padding":{"unit":"px","top":"120","right":"40","bottom":"120","left":"40","isLinked":false},"__globals__":{"background_color":"globals\/colors?id=astglobalcolor4"},"padding_tablet":{"unit":"px","top":"80","right":"32","bottom":"80","left":"32","isLinked":false},"padding_mobile":{"unit":"px","top":"64","right":"24","bottom":"64","left":"24","isLinked":false},"background_image":{"url":"","id":"","size":""},"background_video_fallback":{"url":"","id":"","size":""},"background_slideshow_gallery":[],"background_hover_image":{"url":"","id":"","size":""},"background_hover_video_fallback":{"url":"","id":"","size":""},"background_hover_slideshow_gallery":[],"background_overlay_image":{"url":"","id":"","size":""},"background_overlay_video_fallback":{"url":"","id":"","size":""},"background_overlay_slideshow_gallery":[],"background_overlay_hover_image":{"url":"","id":"","size":""},"background_overlay_hover_video_fallback":{"url":"","id":"","size":""},"background_overlay_hover_slideshow_gallery":[]},"elements":[{"id":"1174a5e8","settings":{"content_width":"full","selected_icon":{"value":"fas fa-leaf","library":"fa-solid"},"title_text":"Our Projects","description_text":"","title_size":"p","position":"left","content_vertical_alignment":"middle","icon_space":{"unit":"px","size":6,"sizes":[]},"title_bottom_space":{"unit":"px","size":0,"sizes":[]},"icon_size":{"unit":"px","size":15,"sizes":[]},"title_typography_typography":"custom","title_typography_font_weight":"500","title_typography_text_transform":"uppercase","__globals__":{"title_color":"globals\/colors?id=astglobalcolor2","primary_color":"globals\/colors?id=astglobalcolor2"},"title_typography_letter_spacing":{"unit":"px","size":1,"sizes":[]},"_flex_align_self":"center","position_mobile":"left","_background_image":{"url":"","id":"","size":""},"_background_video_fallback":{"url":"","id":"","size":""},"_background_slideshow_gallery":[],"_background_hover_image":{"url":"","id":"","size":""},"_background_hover_video_fallback":{"url":"","id":"","size":""},"_background_hover_slideshow_gallery":[],"_mask_image":{"url":"","id":"","size":""}},"elements":[],"isInner":false,"widgetType":"icon-box","elType":"widget"},{"id":"2ce661a5","settings":{"content_width":"full","title":"Our Stunning Projects","align":"center","_margin":{"unit":"px","top":"0","right":"0","bottom":"6","left":"0","isLinked":false},"_background_image":{"url":"","id":"","size":""},"_background_video_fallback":{"url":"","id":"","size":""},"_background_slideshow_gallery":[],"_background_hover_image":{"url":"","id":"","size":""},"_background_hover_video_fallback":{"url":"","id":"","size":""},"_background_hover_slideshow_gallery":[],"_mask_image":{"url":"","id":"","size":""}},"elements":[],"isInner":false,"widgetType":"heading","elType":"widget"},{"id":"513e91d7","settings":{"container_type":"grid","presetTitle":"Grid","presetIcon":"eicon-container-grid","content_width":"full","grid_rows_grid":{"unit":"fr","size":3,"sizes":[]},"margin":{"unit":"px","top":"68","right":"0","bottom":"0","left":"0","isLinked":false},"padding":{"unit":"px","top":"0","right":"0","bottom":"0","left":"0","isLinked":false},"margin_tablet":{"unit":"px","top":"48","right":"0","bottom":"0","left":"0","isLinked":false},"margin_mobile":{"unit":"px","top":"34","right":"0","bottom":"0","left":"0","isLinked":false},"background_image":{"url":"","id":"","size":""},"background_video_fallback":{"url":"","id":"","size":""},"background_slideshow_gallery":[],"background_hover_image":{"url":"","id":"","size":""},"background_hover_video_fallback":{"url":"","id":"","size":""},"background_hover_slideshow_gallery":[],"background_overlay_image":{"url":"","id":"","size":""},"background_overlay_video_fallback":{"url":"","id":"","size":""},"background_overlay_slideshow_gallery":[],"background_overlay_hover_image":{"url":"","id":"","size":""},"background_overlay_hover_video_fallback":{"url":"","id":"","size":""},"background_overlay_hover_slideshow_gallery":[]},"elements":[{"id":"74177b6a","settings":{"content_width":"full","image":{"id":58,"url":"https:\/\/athena.dev.ananass.fr\/wp-content\/uploads\/2025\/08\/projects-1.jpg"},"image_size":"full","image_border_radius":{"unit":"px","top":"24","right":"24","bottom":"24","left":"24","isLinked":true},"image_border_radius_mobile":{"unit":"px","top":"12","right":"12","bottom":"12","left":"12","isLinked":true},"_background_image":{"url":"","id":"","size":""},"_background_video_fallback":{"url":"","id":"","size":""},"_background_slideshow_gallery":[],"_background_hover_image":{"url":"","id":"","size":""},"_background_hover_video_fallback":{"url":"","id":"","size":""},"_background_hover_slideshow_gallery":[],"_mask_image":{"url":"","id":"","size":""}},"elements":[],"isInner":false,"widgetType":"image","elType":"widget"},{"id":"7ad56f63","settings":{"content_width":"full","image":{"id":59,"url":"https:\/\/athena.dev.ananass.fr\/wp-content\/uploads\/2025\/08\/projects-2.jpg"},"image_size":"full","image_border_radius":{"unit":"px","top":"24","right":"24","bottom":"24","left":"24","isLinked":true},"image_border_radius_mobile":{"unit":"px","top":"12","right":"12","bottom":"12","left":"12","isLinked":true},"_background_image":{"url":"","id":"","size":""},"_background_video_fallback":{"url":"","id":"","size":""},"_background_slideshow_gallery":[],"_background_hover_image":{"url":"","id":"","size":""},"_background_hover_video_fallback":{"url":"","id":"","size":""},"_background_hover_slideshow_gallery":[],"_mask_image":{"url":"","id":"","size":""}},"elements":[],"isInner":false,"widgetType":"image","elType":"widget"},{"id":"1947a23a","settings":{"content_width":"full","image":{"id":60,"url":"https:\/\/athena.dev.ananass.fr\/wp-content\/uploads\/2025\/08\/projects-3.jpg"},"image_size":"full","image_border_radius":{"unit":"px","top":"24","right":"24","bottom":"24","left":"24","isLinked":true},"image_border_radius_mobile":{"unit":"px","top":"12","right":"12","bottom":"12","left":"12","isLinked":true},"_background_image":{"url":"","id":"","size":""},"_background_video_fallback":{"url":"","id":"","size":""},"_background_slideshow_gallery":[],"_background_hover_image":{"url":"","id":"","size":""},"_background_hover_video_fallback":{"url":"","id":"","size":""},"_background_hover_slideshow_gallery":[],"_mask_image":{"url":"","id":"","size":""}},"elements":[],"isInner":false,"widgetType":"image","elType":"widget"},{"id":"49123a0e","settings":{"content_width":"full","image":{"id":61,"url":"https:\/\/athena.dev.ananass.fr\/wp-content\/uploads\/2025\/08\/projects-4.jpg"},"image_size":"full","image_border_radius":{"unit":"px","top":"24","right":"24","bottom":"24","left":"24","isLinked":true},"image_border_radius_mobile":{"unit":"px","top":"12","right":"12","bottom":"12","left":"12","isLinked":true},"_background_image":{"url":"","id":"","size":""},"_background_video_fallback":{"url":"","id":"","size":""},"_background_slideshow_gallery":[],"_background_hover_image":{"url":"","id":"","size":""},"_background_hover_video_fallback":{"url":"","id":"","size":""},"_background_hover_slideshow_gallery":[],"_mask_image":{"url":"","id":"","size":""}},"elements":[],"isInner":false,"widgetType":"image","elType":"widget"},{"id":"4cd053e7","settings":{"content_width":"full","image":{"id":62,"url":"https:\/\/athena.dev.ananass.fr\/wp-content\/uploads\/2025\/08\/projects-5.jpg"},"image_size":"full","image_border_radius":{"unit":"px","top":"24","right":"24","bottom":"24","left":"24","isLinked":true},"image_border_radius_mobile":{"unit":"px","top":"12","right":"12","bottom":"12","left":"12","isLinked":true},"_background_image":{"url":"","id":"","size":""},"_background_video_fallback":{"url":"","id":"","size":""},"_background_slideshow_gallery":[],"_background_hover_image":{"url":"","id":"","size":""},"_background_hover_video_fallback":{"url":"","id":"","size":""},"_background_hover_slideshow_gallery":[],"_mask_image":{"url":"","id":"","size":""}},"elements":[],"isInner":false,"widgetType":"image","elType":"widget"},{"id":"68c94463","settings":{"content_width":"full","image":{"id":63,"url":"https:\/\/athena.dev.ananass.fr\/wp-content\/uploads\/2025\/08\/projects-6.jpg"},"image_size":"full","image_border_radius":{"unit":"px","top":"24","right":"24","bottom":"24","left":"24","isLinked":true},"image_border_radius_mobile":{"unit":"px","top":"12","right":"12","bottom":"12","left":"12","isLinked":true},"_background_image":{"url":"","id":"","size":""},"_background_video_fallback":{"url":"","id":"","size":""},"_background_slideshow_gallery":[],"_background_hover_image":{"url":"","id":"","size":""},"_background_hover_video_fallback":{"url":"","id":"","size":""},"_background_hover_slideshow_gallery":[],"_mask_image":{"url":"","id":"","size":""}},"elements":[],"isInner":false,"widgetType":"image","elType":"widget"},{"id":"333106f4","settings":{"content_width":"full","image":{"id":64,"url":"https:\/\/athena.dev.ananass.fr\/wp-content\/uploads\/2025\/08\/projects-7.jpg"},"image_size":"full","image_border_radius":{"unit":"px","top":"24","right":"24","bottom":"24","left":"24","isLinked":true},"image_border_radius_mobile":{"unit":"px","top":"12","right":"12","bottom":"12","left":"12","isLinked":true},"_background_image":{"url":"","id":"","size":""},"_background_video_fallback":{"url":"","id":"","size":""},"_background_slideshow_gallery":[],"_background_hover_image":{"url":"","id":"","size":""},"_background_hover_video_fallback":{"url":"","id":"","size":""},"_background_hover_slideshow_gallery":[],"_mask_image":{"url":"","id":"","size":""}},"elements":[],"isInner":false,"widgetType":"image","elType":"widget"},{"id":"e78b131","settings":{"content_width":"full","image":{"id":65,"url":"https:\/\/athena.dev.ananass.fr\/wp-content\/uploads\/2025\/08\/projects-8.jpg"},"image_size":"full","image_border_radius":{"unit":"px","top":"24","right":"24","bottom":"24","left":"24","isLinked":true},"image_border_radius_mobile":{"unit":"px","top":"12","right":"12","bottom":"12","left":"12","isLinked":true},"_background_image":{"url":"","id":"","size":""},"_background_video_fallback":{"url":"","id":"","size":""},"_background_slideshow_gallery":[],"_background_hover_image":{"url":"","id":"","size":""},"_background_hover_video_fallback":{"url":"","id":"","size":""},"_background_hover_slideshow_gallery":[],"_mask_image":{"url":"","id":"","size":""}},"elements":[],"isInner":false,"widgetType":"image","elType":"widget"},{"id":"59bf1412","settings":{"content_width":"full","image":{"id":59,"url":"https:\/\/athena.dev.ananass.fr\/wp-content\/uploads\/2025\/08\/projects-2.jpg"},"image_size":"full","image_border_radius":{"unit":"px","top":"24","right":"24","bottom":"24","left":"24","isLinked":true},"image_border_radius_mobile":{"unit":"px","top":"12","right":"12","bottom":"12","left":"12","isLinked":true},"_background_image":{"url":"","id":"","size":""},"_background_video_fallback":{"url":"","id":"","size":""},"_background_slideshow_gallery":[],"_background_hover_image":{"url":"","id":"","size":""},"_background_hover_video_fallback":{"url":"","id":"","size":""},"_background_hover_slideshow_gallery":[],"_mask_image":{"url":"","id":"","size":""}},"elements":[],"isInner":false,"widgetType":"image","elType":"widget"}],"isInner":true,"elType":"container"}],"isInner":false,"elType":"container"},{"id":"2a86e869","settings":{"flex_direction":"column","boxed_width":{"unit":"px","size":1200,"sizes":[]},"flex_align_items":"flex-end","background_background":"classic","background_image":{"id":9,"url":"https:\/\/athena.dev.ananass.fr\/wp-content\/uploads\/2025\/08\/footer-bg.jpg"},"background_overlay_background":"gradient","background_overlay_color_stop":{"unit":"%","size":74,"sizes":[]},"background_overlay_color_b_stop":{"unit":"%","size":47,"sizes":[]},"background_overlay_gradient_angle":{"unit":"deg","size":184,"sizes":[]},"background_overlay_opacity":{"unit":"px","size":0.24,"sizes":[]},"padding":{"unit":"px","top":"120","right":"40","bottom":"120","left":"40","isLinked":false},"__globals__":{"background_overlay_color":"globals\/colors?id=astglobalcolor2","background_overlay_color_b":"globals\/colors?id=astglobalcolor2"},"padding_tablet":{"unit":"px","top":"80","right":"32","bottom":"80","left":"32","isLinked":false},"padding_mobile":{"unit":"px","top":"64","right":"24","bottom":"64","left":"24","isLinked":false},"background_video_fallback":{"url":"","id":"","size":""},"background_slideshow_gallery":[],"background_hover_image":{"url":"","id":"","size":""},"background_hover_video_fallback":{"url":"","id":"","size":""},"background_hover_slideshow_gallery":[],"background_overlay_image":{"url":"","id":"","size":""},"background_overlay_video_fallback":{"url":"","id":"","size":""},"background_overlay_slideshow_gallery":[],"background_overlay_hover_image":{"url":"","id":"","size":""},"background_overlay_hover_video_fallback":{"url":"","id":"","size":""},"background_overlay_hover_slideshow_gallery":[]},"elements":[{"id":"6bbd1f83","settings":{"content_width":"full","width":{"unit":"%","size":50,"sizes":[]},"padding":{"unit":"px","top":"0","right":"0","bottom":"0","left":"0","isLinked":false},"flex_gap_mobile":{"column":"0","row":"15","isLinked":false,"unit":"px","size":0},"background_image":{"url":"","id":"","size":""},"background_video_fallback":{"url":"","id":"","size":""},"background_slideshow_gallery":[],"background_hover_image":{"url":"","id":"","size":""},"background_hover_video_fallback":{"url":"","id":"","size":""},"background_hover_slideshow_gallery":[],"background_overlay_image":{"url":"","id":"","size":""},"background_overlay_video_fallback":{"url":"","id":"","size":""},"background_overlay_slideshow_gallery":[],"background_overlay_hover_image":{"url":"","id":"","size":""},"background_overlay_hover_video_fallback":{"url":"","id":"","size":""},"background_overlay_hover_slideshow_gallery":[]},"elements":[{"id":"22ce1b23","settings":{"content_width":"full","title":"Ready to transform your outdoor space?","__globals__":{"title_color":"globals\/colors?id=astglobalcolor5"},"_background_image":{"url":"","id":"","size":""},"_background_video_fallback":{"url":"","id":"","size":""},"_background_slideshow_gallery":[],"_background_hover_image":{"url":"","id":"","size":""},"_background_hover_video_fallback":{"url":"","id":"","size":""},"_background_hover_slideshow_gallery":[],"_mask_image":{"url":"","id":"","size":""}},"elements":[],"isInner":false,"widgetType":"heading","elType":"widget"},{"id":"2afc8c81","settings":{"content_width":"full","editor":"Contact us today to schedule a consultation or to learn more about our services.","__globals__":{"text_color":"globals\/colors?id=astglobalcolor5"},"_background_image":{"url":"","id":"","size":""},"_background_video_fallback":{"url":"","id":"","size":""},"_background_slideshow_gallery":[],"_background_hover_image":{"url":"","id":"","size":""},"_background_hover_video_fallback":{"url":"","id":"","size":""},"_background_hover_slideshow_gallery":[],"_mask_image":{"url":"","id":"","size":""}},"elements":[],"isInner":false,"widgetType":"text-editor","elType":"widget"},{"id":"63e74b21","settings":{"content_width":"full","text":"Get A Free Quote","_margin":{"unit":"px","top":"20","right":"0","bottom":"0","left":"0","isLinked":false},"_margin_tablet":{"unit":"px","top":"10","right":"0","bottom":"0","left":"0","isLinked":false},"_margin_mobile":{"unit":"px","top":"12","right":"0","bottom":"0","left":"0","isLinked":false},"selected_icon":{"value":"","library":""},"background_video_fallback":{"url":"","id":"","size":""},"background_slideshow_gallery":[],"button_background_hover_video_fallback":{"url":"","id":"","size":""},"button_background_hover_slideshow_gallery":[],"_background_image":{"url":"","id":"","size":""},"_background_video_fallback":{"url":"","id":"","size":""},"_background_slideshow_gallery":[],"_background_hover_image":{"url":"","id":"","size":""},"_background_hover_video_fallback":{"url":"","id":"","size":""},"_background_hover_slideshow_gallery":[],"_mask_image":{"url":"","id":"","size":""}},"elements":[],"isInner":false,"widgetType":"button","elType":"widget"}],"isInner":true,"elType":"container"}],"isInner":false,"elType":"container"}],"settings":{"template":"default","astra_sites_main_color":"var(--ast-global-color-0)","astra_sites_heading_base_color":"var(--ast-global-color-2)","astra_sites_link_color":"var(--ast-global-color-0)","astra_sites_link_hover_color":"var(--ast-global-color-1)","astra_sites_text_color":"var(--ast-global-color-3)","astra_sites_body_typography":"custom","astra_sites_body_font_size":{"unit":"px","size":16},"astra_sites_body_font_family":"Karla","astra_sites_body_font_weight":"400","astra_sites_heading_1_typography":"custom","astra_sites_heading_1_font_size":{"unit":"px","size":74},"astra_sites_heading_1_font_size_tablet":{"unit":"px","size":48},"astra_sites_heading_1_font_size_mobile":{"unit":"px","size":36},"astra_sites_default_heading_font_family":"'Bricolage Grotesque', sans-serif","astra_sites_heading_1_font_family":"'Bricolage Grotesque'","astra_sites_heading_1_font_weight":"600","astra_sites_heading_2_typography":"custom","astra_sites_heading_2_font_size":{"unit":"px","size":54},"astra_sites_heading_2_font_size_tablet":{"unit":"px","size":32},"astra_sites_heading_2_font_size_mobile":{"unit":"px","size":28},"astra_sites_heading_2_font_family":"'Bricolage Grotesque'","astra_sites_heading_2_font_weight":"600","astra_sites_heading_3_typography":"custom","astra_sites_heading_3_font_size":{"unit":"px","size":42},"astra_sites_heading_3_font_size_tablet":{"unit":"px","size":26},"astra_sites_heading_3_font_size_mobile":{"unit":"px","size":22},"astra_sites_heading_3_font_family":"'Bricolage Grotesque'","astra_sites_heading_3_font_weight":"600","astra_sites_heading_4_typography":"custom","astra_sites_heading_4_font_size":{"unit":"px","size":32},"astra_sites_heading_4_font_size_tablet":{"unit":"px","size":22},"astra_sites_heading_4_font_size_mobile":{"unit":"px","size":20},"astra_sites_heading_4_font_family":"'Bricolage Grotesque'","astra_sites_heading_4_font_weight":"600","astra_sites_heading_5_typography":"custom","astra_sites_heading_5_font_size":{"unit":"px","size":24},"astra_sites_heading_5_font_size_tablet":{"unit":"px","size":20},"astra_sites_heading_5_font_size_mobile":{"unit":"px","size":18},"astra_sites_heading_5_font_family":"'Bricolage Grotesque'","astra_sites_heading_5_font_weight":"600","astra_sites_heading_6_typography":"custom","astra_sites_heading_6_font_size":{"unit":"px","size":18},"astra_sites_heading_6_font_size_tablet":{"unit":"px","size":16},"astra_sites_heading_6_font_size_mobile":{"unit":"px","size":16},"astra_sites_heading_6_font_family":"'Bricolage Grotesque'","astra_sites_heading_6_font_weight":"600","astra_sites_page_setting_enable":""},"metadata":{"surerank_seo_checks":"s:1485:\"a:11:{s:14:\"h2_subheadings\";a:2:{s:6:\"status\";s:7:\"success\";s:7:\"message\";s:40:\"La page contient au moins un sous-titre.\";}s:14:\"image_alt_text\";a:4:{s:6:\"status\";s:7:\"success\";s:11:\"description\";a:1:{i:0;s:53:\"Les images sur le post\/la page ont des attributs alt.\";}s:7:\"message\";s:54:\"Toutes les images de cette page ont des attributs alt.\";s:11:\"show_images\";b:0;}s:13:\"media_present\";a:2:{s:6:\"status\";s:7:\"success\";s:7:\"message\";s:69:\"Cette page inclut des images ou des vid\u00e9os pour enrichir le contenu.\";}s:13:\"links_present\";a:2:{s:6:\"status\";s:7:\"success\";s:7:\"message\";s:37:\"Des liens sont pr\u00e9sents sur la page.\";}s:10:\"url_length\";a:2:{s:6:\"status\";s:7:\"success\";s:7:\"message\";s:54:\"L'URL de la page est courte et conviviale pour le SEO.\";}s:19:\"search_engine_title\";a:2:{s:6:\"status\";s:7:\"success\";s:7:\"message\";s:77:\"Le titre du moteur de recherche est pr\u00e9sent et fait moins de 60 caract\u00e8res.\";}s:25:\"search_engine_description\";a:2:{s:6:\"status\";s:7:\"success\";s:7:\"message\";s:85:\"La description du moteur de recherche est pr\u00e9sente et fait moins de 160 caract\u00e8res.\";}s:13:\"canonical_url\";a:2:{s:6:\"status\";s:7:\"success\";s:7:\"message\";s:46:\"La balise canonique est pr\u00e9sente sur la page.\";}s:9:\"all_links\";a:1:{i:0;s:3:\"\"#\"\";}s:15:\"open_graph_tags\";a:2:{s:6:\"status\";s:7:\"success\";s:7:\"message\";s:51:\"Les balises Open Graph sont pr\u00e9sentes sur la page.\";}s:12:\"broken_links\";a:2:{s:6:\"status\";s:7:\"success\";s:7:\"message\";s:38:\"Aucun lien bris\u00e9 trouv\u00e9 sur la page.\";}}\";","surerank_seo_checks_last_updated":"1755729686","site-sidebar-layout":"no-sidebar","ast-site-content-layout":"full-width-container","site-content-style":"unboxed","site-sidebar-style":"unboxed","theme-transparent-header-meta":"enabled","ast-title-bar-display":"disabled","ast-featured-img":"disabled","astra-main-page-id":"94320","ast_self_id_94320":"1"}}