{"content":[{"id":"65c69464","settings":{"flex_direction":"column","boxed_width":{"unit":"px","size":1200,"sizes":[]},"min_height":{"unit":"vh","size":65,"sizes":[]},"min_height_tablet":{"unit":"vh","size":"","sizes":[]},"min_height_mobile":{"unit":"vh","size":0,"sizes":[]},"flex_justify_content":"center","flex_align_items":"flex-start","background_background":"classic","background_image":{"id":8,"url":"https:\/\/athena.dev.ananass.fr\/wp-content\/uploads\/2025\/08\/contact-hero-bg.jpg"},"background_position":"center center","background_repeat":"no-repeat","background_size":"cover","background_overlay_background":"gradient","background_overlay_opacity":{"unit":"px","size":0.65,"sizes":[]},"padding":{"unit":"px","top":"140","right":"40","bottom":"100","left":"40","isLinked":false},"__globals__":{"background_overlay_color":"globals\/colors?id=astglobalcolor2","background_overlay_color_b":"globals\/colors?id=astglobalcolor2"},"flex_gap_mobile":{"column":"0","row":"12","isLinked":false,"unit":"px","size":0},"padding_tablet":{"unit":"px","top":"100","right":"32","bottom":"100","left":"32","isLinked":false},"padding_mobile":{"unit":"px","top":"120","right":"24","bottom":"64","left":"24","isLinked":false},"background_video_fallback":{"url":"","id":"","size":""},"background_slideshow_gallery":[],"background_hover_image":{"url":"","id":"","size":""},"background_hover_video_fallback":{"url":"","id":"","size":""},"background_hover_slideshow_gallery":[],"background_overlay_image":{"url":"","id":"","size":""},"background_overlay_video_fallback":{"url":"","id":"","size":""},"background_overlay_slideshow_gallery":[],"background_overlay_hover_image":{"url":"","id":"","size":""},"background_overlay_hover_video_fallback":{"url":"","id":"","size":""},"background_overlay_hover_slideshow_gallery":[]},"elements":[{"id":"679e3628","settings":{"content_width":"full","title":"Contact Us ","header_size":"h1","__globals__":{"title_color":"globals\/colors?id=astglobalcolor5"},"_background_image":{"url":"","id":"","size":""},"_background_video_fallback":{"url":"","id":"","size":""},"_background_slideshow_gallery":[],"_background_hover_image":{"url":"","id":"","size":""},"_background_hover_video_fallback":{"url":"","id":"","size":""},"_background_hover_slideshow_gallery":[],"_mask_image":{"url":"","id":"","size":""}},"elements":[],"isInner":false,"widgetType":"heading","elType":"widget"},{"id":"24a5a6f9","settings":{"content_width":"full","editor":"Contact us Today to Schedule a Consultation or to Learn More about our Services.","_margin":{"unit":"px","top":"0","right":"0","bottom":"0","left":"0","isLinked":false},"_padding":{"unit":"%","top":"0","right":"40","bottom":"0","left":"0","isLinked":false},"_padding_tablet":{"unit":"%","top":"0","right":"20","bottom":"0","left":"0","isLinked":false},"_padding_mobile":{"unit":"%","top":"0","right":"0","bottom":"0","left":"0","isLinked":false},"__globals__":{"text_color":"globals\/colors?id=astglobalcolor5"},"_background_image":{"url":"","id":"","size":""},"_background_video_fallback":{"url":"","id":"","size":""},"_background_slideshow_gallery":[],"_background_hover_image":{"url":"","id":"","size":""},"_background_hover_video_fallback":{"url":"","id":"","size":""},"_background_hover_slideshow_gallery":[],"_mask_image":{"url":"","id":"","size":""}},"elements":[],"isInner":false,"widgetType":"text-editor","elType":"widget"}],"isInner":false,"elType":"container"},{"id":"29287c68","settings":{"flex_direction":"column","flex_gap":{"unit":"px","size":0,"column":"0","row":"0","isLinked":true},"boxed_width":{"unit":"px","size":1200,"sizes":[]},"padding":{"unit":"px","top":"120","right":"40","bottom":"120","left":"40","isLinked":false},"padding_tablet":{"unit":"px","top":"80","right":"32","bottom":"80","left":"32","isLinked":false},"padding_mobile":{"unit":"px","top":"64","right":"24","bottom":"64","left":"24","isLinked":false},"background_image":{"url":"","id":"","size":""},"background_video_fallback":{"url":"","id":"","size":""},"background_slideshow_gallery":[],"background_hover_image":{"url":"","id":"","size":""},"background_hover_video_fallback":{"url":"","id":"","size":""},"background_hover_slideshow_gallery":[],"background_overlay_image":{"url":"","id":"","size":""},"background_overlay_video_fallback":{"url":"","id":"","size":""},"background_overlay_slideshow_gallery":[],"background_overlay_hover_image":{"url":"","id":"","size":""},"background_overlay_hover_video_fallback":{"url":"","id":"","size":""},"background_overlay_hover_slideshow_gallery":[]},"elements":[{"id":"7841d95c","settings":{"content_width":"full","selected_icon":{"value":"fas fa-leaf","library":"fa-solid"},"title_text":"Map","description_text":"","title_size":"p","position":"left","content_vertical_alignment":"middle","icon_space":{"unit":"px","size":6,"sizes":[]},"title_bottom_space":{"unit":"px","size":0,"sizes":[]},"icon_size":{"unit":"px","size":15,"sizes":[]},"title_typography_typography":"custom","title_typography_font_weight":"500","title_typography_text_transform":"uppercase","__globals__":{"title_color":"globals\/colors?id=astglobalcolor2","primary_color":"globals\/colors?id=astglobalcolor2"},"title_typography_letter_spacing":{"unit":"px","size":1,"sizes":[]},"_flex_align_self":"center","position_mobile":"left","content_vertical_alignment_mobile":"middle","_background_image":{"url":"","id":"","size":""},"_background_video_fallback":{"url":"","id":"","size":""},"_background_slideshow_gallery":[],"_background_hover_image":{"url":"","id":"","size":""},"_background_hover_video_fallback":{"url":"","id":"","size":""},"_background_hover_slideshow_gallery":[],"_mask_image":{"url":"","id":"","size":""}},"elements":[],"isInner":false,"widgetType":"icon-box","elType":"widget"},{"id":"4a854b9e","settings":{"content_width":"full","title":"Find us on Google","align":"center","_margin":{"unit":"px","top":"0","right":"0","bottom":"6","left":"0","isLinked":false},"_background_image":{"url":"","id":"","size":""},"_background_video_fallback":{"url":"","id":"","size":""},"_background_slideshow_gallery":[],"_background_hover_image":{"url":"","id":"","size":""},"_background_hover_video_fallback":{"url":"","id":"","size":""},"_background_hover_slideshow_gallery":[],"_mask_image":{"url":"","id":"","size":""}},"elements":[],"isInner":false,"widgetType":"heading","elType":"widget"},{"id":"41d4d2f9","settings":{"content_width":"full","editor":"Locate and visit us or send us a message for next project!","align":"center","_background_image":{"url":"","id":"","size":""},"_background_video_fallback":{"url":"","id":"","size":""},"_background_slideshow_gallery":[],"_background_hover_image":{"url":"","id":"","size":""},"_background_hover_video_fallback":{"url":"","id":"","size":""},"_background_hover_slideshow_gallery":[],"_mask_image":{"url":"","id":"","size":""}},"elements":[],"isInner":false,"widgetType":"text-editor","elType":"widget"},{"id":"720ce11c","settings":{"content_width":"full","flex_direction":"row","margin":{"unit":"px","top":"68","right":"0","bottom":"0","left":"0","isLinked":false},"padding":{"unit":"px","top":"0","right":"0","bottom":"0","left":"0","isLinked":false},"flex_gap_mobile":{"column":"0","row":"35","isLinked":false,"unit":"px","size":0},"margin_tablet":{"unit":"px","top":"48","right":"0","bottom":"0","left":"0","isLinked":false},"margin_mobile":{"unit":"px","top":"40","right":"0","bottom":"0","left":"0","isLinked":false},"background_image":{"url":"","id":"","size":""},"background_video_fallback":{"url":"","id":"","size":""},"background_slideshow_gallery":[],"background_hover_image":{"url":"","id":"","size":""},"background_hover_video_fallback":{"url":"","id":"","size":""},"background_hover_slideshow_gallery":[],"background_overlay_image":{"url":"","id":"","size":""},"background_overlay_video_fallback":{"url":"","id":"","size":""},"background_overlay_slideshow_gallery":[],"background_overlay_hover_image":{"url":"","id":"","size":""},"background_overlay_hover_video_fallback":{"url":"","id":"","size":""},"background_overlay_hover_slideshow_gallery":[]},"elements":[{"id":"79af02d2","settings":{"flex_direction":"column","content_width":"full","width":{"unit":"%","size":"50"},"padding":{"unit":"px","top":"0","right":"0","bottom":"0","left":"0","isLinked":false},"background_image":{"url":"","id":"","size":""},"background_video_fallback":{"url":"","id":"","size":""},"background_slideshow_gallery":[],"background_hover_image":{"url":"","id":"","size":""},"background_hover_video_fallback":{"url":"","id":"","size":""},"background_hover_slideshow_gallery":[],"background_overlay_image":{"url":"","id":"","size":""},"background_overlay_video_fallback":{"url":"","id":"","size":""},"background_overlay_slideshow_gallery":[],"background_overlay_hover_image":{"url":"","id":"","size":""},"background_overlay_hover_video_fallback":{"url":"","id":"","size":""},"background_overlay_hover_slideshow_gallery":[]},"elements":[{"id":"1704c23f","settings":{"content_width":"full","address":"new york","zoom":{"unit":"px","size":8,"sizes":[]},"height":{"unit":"px","size":680,"sizes":[]},"_border_radius":{"unit":"px","top":"24","right":"24","bottom":"24","left":"24","isLinked":true},"height_tablet":{"unit":"px","size":650,"sizes":[]},"height_mobile":{"unit":"px","size":350,"sizes":[]},"_border_radius_mobile":{"unit":"px","top":"12","right":"12","bottom":"12","left":"12","isLinked":true},"_background_image":{"url":"","id":"","size":""},"_background_video_fallback":{"url":"","id":"","size":""},"_background_slideshow_gallery":[],"_background_hover_image":{"url":"","id":"","size":""},"_background_hover_video_fallback":{"url":"","id":"","size":""},"_background_hover_slideshow_gallery":[],"_mask_image":{"url":"","id":"","size":""}},"elements":[],"isInner":false,"widgetType":"google_maps","elType":"widget"}],"isInner":true,"elType":"container"},{"id":"b04fb5b","settings":{"flex_direction":"column","content_width":"full","width":{"unit":"%","size":"50"},"background_background":"classic","border_radius":{"unit":"px","top":"24","right":"24","bottom":"24","left":"24","isLinked":true},"padding":{"unit":"px","top":"40","right":"40","bottom":"40","left":"40","isLinked":true},"__globals__":{"background_color":"globals\/colors?id=astglobalcolor4"},"border_radius_mobile":{"unit":"px","top":"12","right":"12","bottom":"12","left":"12","isLinked":true},"padding_mobile":{"unit":"px","top":"24","right":"24","bottom":"4","left":"24","isLinked":false},"background_image":{"url":"","id":"","size":""},"background_video_fallback":{"url":"","id":"","size":""},"background_slideshow_gallery":[],"background_hover_image":{"url":"","id":"","size":""},"background_hover_video_fallback":{"url":"","id":"","size":""},"background_hover_slideshow_gallery":[],"background_overlay_image":{"url":"","id":"","size":""},"background_overlay_video_fallback":{"url":"","id":"","size":""},"background_overlay_slideshow_gallery":[],"background_overlay_hover_image":{"url":"","id":"","size":""},"background_overlay_hover_video_fallback":{"url":"","id":"","size":""},"background_overlay_hover_slideshow_gallery":[]},"elements":[{"id":"2d28e733","settings":{"content_width":"full","title":"Submit a Request","header_size":"h4","_background_image":{"url":"","id":"","size":""},"_background_video_fallback":{"url":"","id":"","size":""},"_background_slideshow_gallery":[],"_background_hover_image":{"url":"","id":"","size":""},"_background_hover_video_fallback":{"url":"","id":"","size":""},"_background_hover_slideshow_gallery":[],"_mask_image":{"url":"","id":"","size":""}},"elements":[],"isInner":false,"widgetType":"heading","elType":"widget"}],"isInner":true,"elType":"container"}],"isInner":true,"elType":"container"}],"isInner":false,"elType":"container"},{"id":"93db15b","settings":{"container_type":"grid","grid_columns_grid":{"unit":"fr","size":"3"},"grid_rows_grid":{"unit":"fr","size":"1"},"grid_rows_grid_mobile":{"unit":"fr","size":"1"},"boxed_width":{"unit":"px","size":1200,"sizes":[]},"background_background":"classic","padding":{"unit":"px","top":"100","right":"40","bottom":"100","left":"40","isLinked":false},"__globals__":{"background_color":"globals\/colors?id=astglobalcolor4"},"grid_gaps_mobile":{"column":"0","row":"30","isLinked":false,"unit":"px"},"padding_tablet":{"unit":"px","top":"80","right":"32","bottom":"80","left":"32","isLinked":false},"padding_mobile":{"unit":"px","top":"64","right":"24","bottom":"64","left":"24","isLinked":false},"background_image":{"url":"","id":"","size":""},"background_video_fallback":{"url":"","id":"","size":""},"background_slideshow_gallery":[],"background_hover_image":{"url":"","id":"","size":""},"background_hover_video_fallback":{"url":"","id":"","size":""},"background_hover_slideshow_gallery":[],"background_overlay_image":{"url":"","id":"","size":""},"background_overlay_video_fallback":{"url":"","id":"","size":""},"background_overlay_slideshow_gallery":[],"background_overlay_hover_image":{"url":"","id":"","size":""},"background_overlay_hover_video_fallback":{"url":"","id":"","size":""},"background_overlay_hover_slideshow_gallery":[]},"elements":[{"id":"31dc68d0","settings":{"content_width":"full","background_background":"classic","border_radius":{"unit":"px","top":"24","right":"24","bottom":"24","left":"24","isLinked":true},"padding":{"unit":"px","top":"40","right":"32","bottom":"40","left":"32","isLinked":false},"__globals__":{"background_color":"globals\/colors?id=astglobalcolor5"},"padding_tablet":{"unit":"px","top":"30","right":"30","bottom":"30","left":"30","isLinked":true},"padding_mobile":{"unit":"px","top":"24","right":"24","bottom":"24","left":"24","isLinked":true},"border_radius_mobile":{"unit":"px","top":"12","right":"12","bottom":"12","left":"12","isLinked":true},"background_image":{"url":"","id":"","size":""},"background_video_fallback":{"url":"","id":"","size":""},"background_slideshow_gallery":[],"background_hover_image":{"url":"","id":"","size":""},"background_hover_video_fallback":{"url":"","id":"","size":""},"background_hover_slideshow_gallery":[],"background_overlay_image":{"url":"","id":"","size":""},"background_overlay_video_fallback":{"url":"","id":"","size":""},"background_overlay_slideshow_gallery":[],"background_overlay_hover_image":{"url":"","id":"","size":""},"background_overlay_hover_video_fallback":{"url":"","id":"","size":""},"background_overlay_hover_slideshow_gallery":[]},"elements":[{"id":"f9da67c","settings":{"content_width":"full","selected_icon":{"value":"fas fa-phone-alt","library":"fa-solid"},"view":"stacked","title_text":"Make a Call","description_text":"Sales: +233 456 789 788 Service: +555-7890-123","title_size":"h4","text_align":"left","icon_space":{"unit":"px","size":20,"sizes":[]},"title_bottom_space":{"unit":"px","size":12,"sizes":[]},"icon_size":{"unit":"px","size":25,"sizes":[]},"icon_padding":{"unit":"px","size":15,"sizes":[]},"__globals__":{"primary_color":"globals\/colors?id=astglobalcolor3","secondary_color":"globals\/colors?id=astglobalcolor4"},"icon_space_mobile":{"unit":"px","size":15,"sizes":[]},"icon_size_tablet":{"unit":"px","size":22,"sizes":[]},"icon_size_mobile":{"unit":"px","size":16,"sizes":[]},"icon_padding_tablet":{"unit":"px","size":12,"sizes":[]},"icon_padding_mobile":{"unit":"px","size":12,"sizes":[]},"_background_image":{"url":"","id":"","size":""},"_background_video_fallback":{"url":"","id":"","size":""},"_background_slideshow_gallery":[],"_background_hover_image":{"url":"","id":"","size":""},"_background_hover_video_fallback":{"url":"","id":"","size":""},"_background_hover_slideshow_gallery":[],"_mask_image":{"url":"","id":"","size":""}},"elements":[],"isInner":false,"widgetType":"icon-box","elType":"widget"}],"isInner":true,"elType":"container"},{"id":"745afccb","settings":{"content_width":"full","background_background":"classic","border_radius":{"unit":"px","top":"24","right":"24","bottom":"24","left":"24","isLinked":true},"padding":{"unit":"px","top":"40","right":"32","bottom":"40","left":"32","isLinked":false},"__globals__":{"background_color":"globals\/colors?id=astglobalcolor5"},"padding_tablet":{"unit":"px","top":"30","right":"30","bottom":"30","left":"30","isLinked":true},"padding_mobile":{"unit":"px","top":"24","right":"24","bottom":"24","left":"24","isLinked":true},"border_radius_mobile":{"unit":"px","top":"12","right":"12","bottom":"12","left":"12","isLinked":true},"background_image":{"url":"","id":"","size":""},"background_video_fallback":{"url":"","id":"","size":""},"background_slideshow_gallery":[],"background_hover_image":{"url":"","id":"","size":""},"background_hover_video_fallback":{"url":"","id":"","size":""},"background_hover_slideshow_gallery":[],"background_overlay_image":{"url":"","id":"","size":""},"background_overlay_video_fallback":{"url":"","id":"","size":""},"background_overlay_slideshow_gallery":[],"background_overlay_hover_image":{"url":"","id":"","size":""},"background_overlay_hover_video_fallback":{"url":"","id":"","size":""},"background_overlay_hover_slideshow_gallery":[]},"elements":[{"id":"2b07d8a5","settings":{"content_width":"full","selected_icon":{"value":"fas fa-envelope","library":"fa-solid"},"view":"stacked","title_text":"Send Email","description_text":"Sales: Info@company.com Support: Info@company.com","title_size":"h4","text_align":"left","icon_space":{"unit":"px","size":20,"sizes":[]},"title_bottom_space":{"unit":"px","size":12,"sizes":[]},"icon_size":{"unit":"px","size":25,"sizes":[]},"icon_padding":{"unit":"px","size":15,"sizes":[]},"__globals__":{"primary_color":"globals\/colors?id=astglobalcolor3","secondary_color":"globals\/colors?id=astglobalcolor4"},"icon_space_mobile":{"unit":"px","size":15,"sizes":[]},"icon_size_tablet":{"unit":"px","size":22,"sizes":[]},"icon_size_mobile":{"unit":"px","size":16,"sizes":[]},"icon_padding_tablet":{"unit":"px","size":12,"sizes":[]},"icon_padding_mobile":{"unit":"px","size":12,"sizes":[]},"_background_image":{"url":"","id":"","size":""},"_background_video_fallback":{"url":"","id":"","size":""},"_background_slideshow_gallery":[],"_background_hover_image":{"url":"","id":"","size":""},"_background_hover_video_fallback":{"url":"","id":"","size":""},"_background_hover_slideshow_gallery":[],"_mask_image":{"url":"","id":"","size":""}},"elements":[],"isInner":false,"widgetType":"icon-box","elType":"widget"}],"isInner":true,"elType":"container"},{"id":"22343e7","settings":{"content_width":"full","background_background":"classic","border_radius":{"unit":"px","top":"24","right":"24","bottom":"24","left":"24","isLinked":true},"padding":{"unit":"px","top":"40","right":"32","bottom":"40","left":"32","isLinked":false},"__globals__":{"background_color":"globals\/colors?id=astglobalcolor5"},"padding_tablet":{"unit":"px","top":"30","right":"30","bottom":"30","left":"30","isLinked":true},"padding_mobile":{"unit":"px","top":"24","right":"24","bottom":"24","left":"24","isLinked":true},"border_radius_mobile":{"unit":"px","top":"12","right":"12","bottom":"12","left":"12","isLinked":true},"background_image":{"url":"","id":"","size":""},"background_video_fallback":{"url":"","id":"","size":""},"background_slideshow_gallery":[],"background_hover_image":{"url":"","id":"","size":""},"background_hover_video_fallback":{"url":"","id":"","size":""},"background_hover_slideshow_gallery":[],"background_overlay_image":{"url":"","id":"","size":""},"background_overlay_video_fallback":{"url":"","id":"","size":""},"background_overlay_slideshow_gallery":[],"background_overlay_hover_image":{"url":"","id":"","size":""},"background_overlay_hover_video_fallback":{"url":"","id":"","size":""},"background_overlay_hover_slideshow_gallery":[]},"elements":[{"id":"152e68e1","settings":{"content_width":"full","selected_icon":{"value":"fas fa-map-marker-alt","library":"fa-solid"},"view":"stacked","title_text":"Visit a Office","description_text":"455 West Orchard Street Kings Mountain, NC 280867","title_size":"h4","text_align":"left","icon_space":{"unit":"px","size":20,"sizes":[]},"title_bottom_space":{"unit":"px","size":12,"sizes":[]},"icon_size":{"unit":"px","size":25,"sizes":[]},"icon_padding":{"unit":"px","size":15,"sizes":[]},"__globals__":{"primary_color":"globals\/colors?id=astglobalcolor3","secondary_color":"globals\/colors?id=astglobalcolor4"},"icon_space_mobile":{"unit":"px","size":15,"sizes":[]},"icon_size_tablet":{"unit":"px","size":22,"sizes":[]},"icon_size_mobile":{"unit":"px","size":16,"sizes":[]},"icon_padding_tablet":{"unit":"px","size":12,"sizes":[]},"icon_padding_mobile":{"unit":"px","size":12,"sizes":[]},"_background_image":{"url":"","id":"","size":""},"_background_video_fallback":{"url":"","id":"","size":""},"_background_slideshow_gallery":[],"_background_hover_image":{"url":"","id":"","size":""},"_background_hover_video_fallback":{"url":"","id":"","size":""},"_background_hover_slideshow_gallery":[],"_mask_image":{"url":"","id":"","size":""}},"elements":[],"isInner":false,"widgetType":"icon-box","elType":"widget"}],"isInner":true,"elType":"container"}],"isInner":false,"elType":"container"},{"id":"44d61096","settings":{"flex_direction":"column","boxed_width":{"unit":"px","size":1200,"sizes":[]},"flex_align_items":"flex-end","background_background":"classic","background_image":{"id":9,"url":"https:\/\/athena.dev.ananass.fr\/wp-content\/uploads\/2025\/08\/footer-bg.jpg"},"background_repeat":"no-repeat","background_size":"cover","background_overlay_background":"gradient","background_overlay_color_stop":{"unit":"%","size":74,"sizes":[]},"background_overlay_color_b_stop":{"unit":"%","size":47,"sizes":[]},"background_overlay_gradient_angle":{"unit":"deg","size":184,"sizes":[]},"background_overlay_opacity":{"unit":"px","size":0.24,"sizes":[]},"padding":{"unit":"px","top":"120","right":"40","bottom":"120","left":"40","isLinked":false},"__globals__":{"background_overlay_color":"globals\/colors?id=astglobalcolor2","background_overlay_color_b":"globals\/colors?id=astglobalcolor2"},"padding_tablet":{"unit":"px","top":"80","right":"32","bottom":"80","left":"32","isLinked":false},"padding_mobile":{"unit":"px","top":"64","right":"24","bottom":"64","left":"24","isLinked":false},"background_video_fallback":{"url":"","id":"","size":""},"background_slideshow_gallery":[],"background_hover_image":{"url":"","id":"","size":""},"background_hover_video_fallback":{"url":"","id":"","size":""},"background_hover_slideshow_gallery":[],"background_overlay_image":{"url":"","id":"","size":""},"background_overlay_video_fallback":{"url":"","id":"","size":""},"background_overlay_slideshow_gallery":[],"background_overlay_hover_image":{"url":"","id":"","size":""},"background_overlay_hover_video_fallback":{"url":"","id":"","size":""},"background_overlay_hover_slideshow_gallery":[]},"elements":[{"id":"467cf73a","settings":{"content_width":"full","width":{"unit":"%","size":50,"sizes":[]},"padding":{"unit":"px","top":"0","right":"0","bottom":"0","left":"0","isLinked":false},"flex_gap_mobile":{"column":"0","row":"15","isLinked":false,"unit":"px","size":0},"background_image":{"url":"","id":"","size":""},"background_video_fallback":{"url":"","id":"","size":""},"background_slideshow_gallery":[],"background_hover_image":{"url":"","id":"","size":""},"background_hover_video_fallback":{"url":"","id":"","size":""},"background_hover_slideshow_gallery":[],"background_overlay_image":{"url":"","id":"","size":""},"background_overlay_video_fallback":{"url":"","id":"","size":""},"background_overlay_slideshow_gallery":[],"background_overlay_hover_image":{"url":"","id":"","size":""},"background_overlay_hover_video_fallback":{"url":"","id":"","size":""},"background_overlay_hover_slideshow_gallery":[]},"elements":[{"id":"72f608be","settings":{"content_width":"full","title":"Ready to transform your outdoor space?","__globals__":{"title_color":"globals\/colors?id=astglobalcolor5"},"_background_image":{"url":"","id":"","size":""},"_background_video_fallback":{"url":"","id":"","size":""},"_background_slideshow_gallery":[],"_background_hover_image":{"url":"","id":"","size":""},"_background_hover_video_fallback":{"url":"","id":"","size":""},"_background_hover_slideshow_gallery":[],"_mask_image":{"url":"","id":"","size":""}},"elements":[],"isInner":false,"widgetType":"heading","elType":"widget"},{"id":"3a6c14d2","settings":{"content_width":"full","editor":"Contact us today to schedule a consultation or to learn more about our services.","__globals__":{"text_color":"globals\/colors?id=astglobalcolor5"},"_background_image":{"url":"","id":"","size":""},"_background_video_fallback":{"url":"","id":"","size":""},"_background_slideshow_gallery":[],"_background_hover_image":{"url":"","id":"","size":""},"_background_hover_video_fallback":{"url":"","id":"","size":""},"_background_hover_slideshow_gallery":[],"_mask_image":{"url":"","id":"","size":""}},"elements":[],"isInner":false,"widgetType":"text-editor","elType":"widget"},{"id":"345e0eb8","settings":{"content_width":"full","text":"Get A Free Quote","_margin":{"unit":"px","top":"20","right":"0","bottom":"0","left":"0","isLinked":false},"_margin_tablet":{"unit":"px","top":"10","right":"0","bottom":"0","left":"0","isLinked":false},"_margin_mobile":{"unit":"px","top":"12","right":"0","bottom":"0","left":"0","isLinked":false},"selected_icon":{"value":"","library":""},"background_video_fallback":{"url":"","id":"","size":""},"background_slideshow_gallery":[],"button_background_hover_video_fallback":{"url":"","id":"","size":""},"button_background_hover_slideshow_gallery":[],"_background_image":{"url":"","id":"","size":""},"_background_video_fallback":{"url":"","id":"","size":""},"_background_slideshow_gallery":[],"_background_hover_image":{"url":"","id":"","size":""},"_background_hover_video_fallback":{"url":"","id":"","size":""},"_background_hover_slideshow_gallery":[],"_mask_image":{"url":"","id":"","size":""}},"elements":[],"isInner":false,"widgetType":"button","elType":"widget"}],"isInner":true,"elType":"container"}],"isInner":false,"elType":"container"}],"settings":{"template":"default","astra_sites_main_color":"var(--ast-global-color-0)","astra_sites_heading_base_color":"var(--ast-global-color-2)","astra_sites_link_color":"var(--ast-global-color-0)","astra_sites_link_hover_color":"var(--ast-global-color-1)","astra_sites_text_color":"var(--ast-global-color-3)","astra_sites_body_typography":"custom","astra_sites_body_font_size":{"unit":"px","size":16},"astra_sites_body_font_family":"Karla","astra_sites_body_font_weight":"400","astra_sites_heading_1_typography":"custom","astra_sites_heading_1_font_size":{"unit":"px","size":74},"astra_sites_heading_1_font_size_tablet":{"unit":"px","size":48},"astra_sites_heading_1_font_size_mobile":{"unit":"px","size":36},"astra_sites_default_heading_font_family":"'Bricolage Grotesque', sans-serif","astra_sites_heading_1_font_family":"'Bricolage Grotesque'","astra_sites_heading_1_font_weight":"600","astra_sites_heading_2_typography":"custom","astra_sites_heading_2_font_size":{"unit":"px","size":54},"astra_sites_heading_2_font_size_tablet":{"unit":"px","size":32},"astra_sites_heading_2_font_size_mobile":{"unit":"px","size":28},"astra_sites_heading_2_font_family":"'Bricolage Grotesque'","astra_sites_heading_2_font_weight":"600","astra_sites_heading_3_typography":"custom","astra_sites_heading_3_font_size":{"unit":"px","size":42},"astra_sites_heading_3_font_size_tablet":{"unit":"px","size":26},"astra_sites_heading_3_font_size_mobile":{"unit":"px","size":22},"astra_sites_heading_3_font_family":"'Bricolage Grotesque'","astra_sites_heading_3_font_weight":"600","astra_sites_heading_4_typography":"custom","astra_sites_heading_4_font_size":{"unit":"px","size":32},"astra_sites_heading_4_font_size_tablet":{"unit":"px","size":22},"astra_sites_heading_4_font_size_mobile":{"unit":"px","size":20},"astra_sites_heading_4_font_family":"'Bricolage Grotesque'","astra_sites_heading_4_font_weight":"600","astra_sites_heading_5_typography":"custom","astra_sites_heading_5_font_size":{"unit":"px","size":24},"astra_sites_heading_5_font_size_tablet":{"unit":"px","size":20},"astra_sites_heading_5_font_size_mobile":{"unit":"px","size":18},"astra_sites_heading_5_font_family":"'Bricolage Grotesque'","astra_sites_heading_5_font_weight":"600","astra_sites_heading_6_typography":"custom","astra_sites_heading_6_font_size":{"unit":"px","size":18},"astra_sites_heading_6_font_size_tablet":{"unit":"px","size":16},"astra_sites_heading_6_font_size_mobile":{"unit":"px","size":16},"astra_sites_heading_6_font_family":"'Bricolage Grotesque'","astra_sites_heading_6_font_weight":"600","astra_sites_page_setting_enable":""},"metadata":{"surerank_seo_checks":"s:1485:\"a:11:{s:14:\"h2_subheadings\";a:2:{s:6:\"status\";s:7:\"success\";s:7:\"message\";s:40:\"La page contient au moins un sous-titre.\";}s:14:\"image_alt_text\";a:4:{s:6:\"status\";s:7:\"success\";s:11:\"description\";a:1:{i:0;s:53:\"Les images sur le post\/la page ont des attributs alt.\";}s:7:\"message\";s:54:\"Toutes les images de cette page ont des attributs alt.\";s:11:\"show_images\";b:0;}s:13:\"media_present\";a:2:{s:6:\"status\";s:7:\"success\";s:7:\"message\";s:69:\"Cette page inclut des images ou des vid\u00e9os pour enrichir le contenu.\";}s:13:\"links_present\";a:2:{s:6:\"status\";s:7:\"success\";s:7:\"message\";s:37:\"Des liens sont pr\u00e9sents sur la page.\";}s:10:\"url_length\";a:2:{s:6:\"status\";s:7:\"success\";s:7:\"message\";s:54:\"L'URL de la page est courte et conviviale pour le SEO.\";}s:19:\"search_engine_title\";a:2:{s:6:\"status\";s:7:\"success\";s:7:\"message\";s:77:\"Le titre du moteur de recherche est pr\u00e9sent et fait moins de 60 caract\u00e8res.\";}s:25:\"search_engine_description\";a:2:{s:6:\"status\";s:7:\"success\";s:7:\"message\";s:85:\"La description du moteur de recherche est pr\u00e9sente et fait moins de 160 caract\u00e8res.\";}s:13:\"canonical_url\";a:2:{s:6:\"status\";s:7:\"success\";s:7:\"message\";s:46:\"La balise canonique est pr\u00e9sente sur la page.\";}s:9:\"all_links\";a:1:{i:0;s:3:\"\"#\"\";}s:15:\"open_graph_tags\";a:2:{s:6:\"status\";s:7:\"success\";s:7:\"message\";s:51:\"Les balises Open Graph sont pr\u00e9sentes sur la page.\";}s:12:\"broken_links\";a:2:{s:6:\"status\";s:7:\"success\";s:7:\"message\";s:38:\"Aucun lien bris\u00e9 trouv\u00e9 sur la page.\";}}\";","surerank_seo_checks_last_updated":"1755729687","site-sidebar-layout":"no-sidebar","ast-site-content-layout":"full-width-container","site-content-style":"unboxed","site-sidebar-style":"unboxed","theme-transparent-header-meta":"enabled","ast-title-bar-display":"disabled","ast-featured-img":"disabled","astra-main-page-id":"94318","ast_self_id_94318":"1"}}