{"content":[{"id":"777ccf65","settings":{"content_width":"full","min_height":{"unit":"vh","size":60,"sizes":[]},"min_height_tablet":{"unit":"vh","size":"","sizes":[]},"min_height_mobile":{"unit":"vh","size":"","sizes":[]},"flex_direction":"column","flex_justify_content":"center","flex_align_items":"center","background_background":"classic","padding":{"unit":"%","top":"0","right":"0","bottom":"0","left":"0","isLinked":true},"padding_tablet":{"unit":"%","top":"5","right":"5","bottom":"5","left":"5","isLinked":true},"padding_mobile":{"unit":"%","top":"5","right":"5","bottom":"5","left":"5","isLinked":false},"__globals__":{"background_color":"globals\/colors?id=9b0591c","background_overlay_color":"","background_overlay_color_b":"globals\/colors?id=primary","background_color_b":"globals\/colors?id=a2fb886","shape_divider_bottom_color":"globals\/colors?id=a2fb886"},"background_image":{"id":"13","url":"https:\/\/limitless.dev.ananass.fr\/wp-content\/uploads\/2025\/07\/pexels-pavel-danilyuk-7590980.jpg"},"background_position":"top center","background_repeat":"no-repeat","background_overlay_gradient_position":"bottom right","background_overlay_opacity":{"unit":"px","size":1,"sizes":[]},"background_size":"cover","background_image_tablet":{"url":"https:\/\/limitless.dev.ananass.fr\/wp-content\/uploads\/2023\/05\/pexels-pavel-danilyuk-7591312.jpg","id":1837,"size":"","alt":"","source":"library"},"background_overlay_color_b":"#FF5D00","_title":"Hero","background_color":"#262626","background_color_b":"#FFFFFF","background_slideshow_gallery":[{"id":"11","url":"https:\/\/limitless.dev.ananass.fr\/wp-content\/uploads\/2025\/07\/pexels-pavel-danilyuk-7590913.jpg"},{"id":"12","url":"https:\/\/limitless.dev.ananass.fr\/wp-content\/uploads\/2025\/07\/pexels-pavel-danilyuk-7590984.jpg"},{"id":"13","url":"https:\/\/limitless.dev.ananass.fr\/wp-content\/uploads\/2025\/07\/pexels-pavel-danilyuk-7590980.jpg"}],"background_overlay_image":{"url":"","id":"","size":"","alt":"","source":"library"},"background_overlay_repeat":"no-repeat","background_overlay_size":"contain","shape_divider_bottom_color":"#FFFFFF","shape_divider_bottom_height":{"unit":"px","size":95,"sizes":[]},"background_video_link":"https:\/\/youtu.be\/oVajOHQ-mwQ","background_slideshow_ken_burns":"yes","background_overlay_background":"gradient","flex_gap":{"unit":"px","size":0,"sizes":[],"column":"0","row":"0","isLinked":true},"background_bg_width":{"unit":"%","size":42,"sizes":[]},"background_image_mobile":{"url":"https:\/\/limitless.dev.ananass.fr\/wp-content\/uploads\/2023\/05\/pexels-pavel-danilyuk-7590913.jpg","id":1854,"size":"","alt":"","source":"library"},"background_size_mobile":"cover","background_slideshow_background_size":"cover","background_slideshow_background_position":"center center","background_overlay_position":"center center","css_classes":"content-scroll","background_overlay_color":"#26262652","background_overlay_color_stop":{"unit":"%","size":86,"sizes":[]},"background_overlay_color_b_stop":{"unit":"%","size":30,"sizes":[]},"background_overlay_gradient_angle":{"unit":"deg","size":190,"sizes":[]},"shape_divider_bottom":"pyramids","shape_divider_bottom_width":{"unit":"%","size":134,"sizes":[]}},"elements":[{"id":"17ea7014","settings":{"flex_direction":"row","flex_gap":{"unit":"px","size":0,"column":"0","row":"0","isLinked":true},"content_width":"full","min_height":{"unit":"vh","size":"","sizes":[]},"min_height_tablet":{"unit":"vh","size":"","sizes":[]},"min_height_mobile":{"unit":"vh","size":0,"sizes":[]},"padding":{"unit":"%","top":"5","right":"5","bottom":"5","left":"5","isLinked":false},"padding_tablet":{"unit":"%","top":"5","right":"5","bottom":"5","left":"5","isLinked":true},"padding_mobile":{"unit":"%","top":"","right":"","bottom":"","left":"","isLinked":true},"background_image":{"url":"","id":"","size":"","alt":"","source":"library"},"background_position":"center center","background_repeat":"no-repeat","background_size":"contain","background_overlay_color_b":"#FFFFFF00","background_overlay_color_b_stop":{"unit":"%","size":53,"sizes":[]},"background_overlay_gradient_type":"radial","background_overlay_opacity":{"unit":"px","size":1,"sizes":[]},"__globals__":{"background_overlay_color":"","background_overlay_color_b":""},"background_motion_fx_scale_direction":"in-out","background_overlay_image":{"url":"","id":"","size":"","alt":"","source":"library"},"background_overlay_position":"center center","background_overlay_repeat":"no-repeat","background_overlay_size":"contain","background_slideshow_background_size":"contain","background_slideshow_background_position":"center center","overlay_blend_mode":"multiply","animation_duration":"fast","flex_direction_tablet":"column","background_image_tablet":{"url":"https:\/\/limitless.dev.ananass.fr\/wp-content\/uploads\/2023\/03\/step-wordpress-theme-by-ananass-12-min.png","id":586,"size":"","alt":"","source":"library"},"background_image_mobile":{"url":"https:\/\/limitless.dev.ananass.fr\/wp-content\/uploads\/2023\/03\/step-wordpress-theme-by-ananass-11-min.png","id":585,"size":"","alt":"","source":"library"},"background_slideshow_gallery":[{"id":"9","url":"https:\/\/limitless.dev.ananass.fr\/wp-content\/uploads\/2025\/07\/sportsman-sitting-climbing.png"},{"id":"10","url":"https:\/\/limitless.dev.ananass.fr\/wp-content\/uploads\/2025\/07\/stretching-floor.png"}],"background_slideshow_ken_burns":"yes","flex_align_items":"center","flex_justify_content":"center"},"elements":[{"id":"3794196f","settings":{"flex_direction":"column","content_width":"full","width":{"unit":"%","size":50},"padding":{"unit":"%","top":"1","right":"5","bottom":"1","left":"5","isLinked":false},"padding_tablet":{"unit":"%","top":"","right":"","bottom":"","left":"","isLinked":true},"padding_mobile":{"unit":"%","top":"","right":"","bottom":"","left":"","isLinked":true},"flex_justify_content":"flex-end","width_tablet":{"unit":"%","size":100,"sizes":[]},"width_mobile":{"unit":"%","size":"","sizes":[]},"min_height":{"unit":"vh","size":"","sizes":[]},"min_height_tablet":{"unit":"vh","size":"","sizes":[]},"min_height_mobile":{"unit":"vh","size":"","sizes":[]},"__globals__":{"background_color":"globals\/colors?id=secondary"},"border_radius":{"unit":"px","top":"10","right":"10","bottom":"10","left":"10","isLinked":true},"_flex_size":"none","_element_width":"initial"},"elements":[{"id":"32804302","settings":{"title":"Club near you","header_size":"span","__globals__":{"typography_typography":"","title_color":"globals\/colors?id=primary"},"typography_typography":"custom","typography_font_family":"Montserrat","typography_font_size":{"unit":"rem","size":1.5,"sizes":[]},"typography_font_weight":"800","typography_text_transform":"uppercase","align":"center"},"elements":[],"isInner":false,"widgetType":"heading","elType":"widget"},{"id":"41172651","settings":{"title":"Title","typography_typography":"custom","typography_font_family":"Josefin Sans","typography_font_weight":"bold","__globals__":{"title_color":"globals\/colors?id=a2fb886","typography_typography":""},"typography_font_size":{"unit":"rem","size":3.2,"sizes":[]},"typography_text_transform":"uppercase","typography_font_size_mobile":{"unit":"rem","size":1.4,"sizes":[]},"header_size":"span","typography_font_style":"italic","align":"center","text_shadow_text_shadow_type":"yes","__dynamic__":{"title":"[elementor-tag id=\"011d4a8\" name=\"page-title\" settings=\"%7B%22include_context%22%3A%22%22%2C%22show_home_title%22%3A%22%22%2C%22before%22%3A%22%22%2C%22after%22%3A%22%22%2C%22fallback%22%3A%22%22%7D\"]"}},"elements":[],"isInner":false,"widgetType":"heading","elType":"widget"},{"id":"61ddb45f","settings":{"title":"Welcome to High Point\n","__globals__":{"typography_typography":"globals\/typography?id=accent","title_color":"globals\/colors?id=a2fb886"},"title_color":"#00327F","text_shadow_text_shadow_type":"yes","header_size":"h1","align":"center"},"elements":[],"isInner":false,"widgetType":"heading","elType":"widget"},{"id":"68f9525b","settings":{"__globals__":{"text_color":"globals\/colors?id=a2fb886","typography_typography":"globals\/typography?id=text"},"editor":"At High Point, we're passionate about climbing. Our facility is more than just a gym \u2013 it's a community of climbers united by their love for the sport.","_element_width":"initial","_element_custom_width":{"unit":"%","size":""},"_flex_size":"none","text_color":"#1E1E1E","text_shadow_text_shadow_type":"yes","align":"center"},"elements":[],"isInner":false,"widgetType":"text-editor","elType":"widget"}],"isInner":true,"elType":"container"}],"isInner":true,"elType":"container"}],"isInner":false,"elType":"container"},{"id":"757df739","settings":{"content_width":"full","min_height":{"unit":"vh","size":"","sizes":[]},"min_height_tablet":{"unit":"vh","size":"","sizes":[]},"min_height_mobile":{"unit":"vh","size":"","sizes":[]},"flex_direction":"column","flex_justify_content":"center","flex_align_items":"center","background_background":"classic","padding":{"unit":"%","top":"1","right":"5","bottom":"0","left":"5","isLinked":false},"padding_tablet":{"unit":"%","top":"","right":"","bottom":"","left":"","isLinked":true},"padding_mobile":{"unit":"%","top":"","right":"","bottom":"","left":"","isLinked":true},"__globals__":{"background_color":"globals\/colors?id=a2fb886","shape_divider_top_color":"","background_overlay_color":"globals\/colors?id=a2fb886","background_overlay_color_b":"globals\/colors?id=primary","background_color_b":"globals\/colors?id=secondary","shape_divider_bottom_color":"globals\/colors?id=primary"},"background_image":{"url":"","id":"","size":"","alt":"","source":"library"},"background_position":"bottom left","background_repeat":"no-repeat","background_color":"#FFFFFF","background_overlay_color_b":"#FF5D00","background_overlay_gradient_position":"bottom left","background_overlay_opacity":{"unit":"px","size":1,"sizes":[]},"background_color_b":"#D9CDBF","background_size":"initial","background_bg_width":{"unit":"%","size":79,"sizes":[]},"background_overlay_color_stop":{"unit":"%","size":72,"sizes":[]},"background_overlay_gradient_angle":{"unit":"deg","size":185,"sizes":[]},"shape_divider_bottom_color":"#FF5D00","shape_divider_bottom_width":{"unit":"%","size":141,"sizes":[]},"shape_divider_bottom_height":{"unit":"px","size":194,"sizes":[]},"shape_divider_bottom_flip":"yes"},"elements":[{"id":"44437c86","settings":{"flex_direction":"row","flex_gap":{"unit":"px","size":0,"column":"0","row":"0","isLinked":true},"content_width":"full","min_height":{"unit":"vh","size":72,"sizes":[]},"min_height_tablet":{"unit":"vh","size":"","sizes":[]},"min_height_mobile":{"unit":"vh","size":"","sizes":[]},"padding":{"unit":"%","top":"5","right":"5","bottom":"5","left":"5","isLinked":false},"padding_tablet":{"unit":"%","top":"","right":"","bottom":"","left":"","isLinked":true},"padding_mobile":{"unit":"%","top":"","right":"","bottom":"","left":"","isLinked":true},"flex_direction_tablet":"column"},"elements":[{"id":"49763498","settings":{"flex_direction":"column","content_width":"full","width":{"unit":"%","size":"50"},"background_background":"classic","background_image":{"url":"","id":"","size":"","alt":"","source":"library"},"background_position":"center center","background_repeat":"no-repeat","background_size":"cover","padding":{"unit":"%","top":"0","right":"0","bottom":"0","left":"0","isLinked":true},"padding_tablet":{"unit":"%","top":"","right":"","bottom":"","left":"","isLinked":true},"padding_mobile":{"unit":"%","top":"","right":"","bottom":"","left":"","isLinked":true},"width_tablet":{"unit":"%","size":100,"sizes":[]},"width_mobile":{"unit":"%","size":"","sizes":[]},"flex_align_items":"center","background_overlay_image":{"url":"","id":"","size":"","alt":"","source":"library"},"background_overlay_position":"initial","background_overlay_xpos":{"unit":"px","size":248,"sizes":[]},"background_overlay_ypos":{"unit":"px","size":218,"sizes":[]},"background_overlay_repeat":"no-repeat","background_overlay_size":"initial","background_overlay_bg_width":{"unit":"%","size":46,"sizes":[]},"background_overlay_opacity":{"unit":"px","size":1,"sizes":[]},"animation":"fadeIn","animation_delay":300,"border_border":"none","__globals__":{"border_color":"globals\/colors?id=secondary","background_overlay_color":"","background_overlay_color_b":"globals\/colors?id=text","shape_divider_bottom_color":"globals\/colors?id=primary","shape_divider_top_color":"globals\/colors?id=a2fb886"},"min_height_tablet":{"unit":"vh","size":50,"sizes":[]},"min_height_mobile":{"unit":"vh","size":40,"sizes":[]},"background_image_tablet":{"url":"https:\/\/limitless.dev.ananass.fr\/wp-content\/uploads\/2023\/05\/pexels-pavel-danilyuk-7591312.jpg","id":1837,"size":"","alt":"","source":"library"},"background_overlay_color":"#29292900","background_overlay_color_b":"#292929","background_overlay_gradient_angle":{"unit":"deg","size":-90,"sizes":[]},"border_color":"#D9CDBF","box_shadow_box_shadow_type":"yes","box_shadow_box_shadow":{"horizontal":0,"vertical":-40,"blur":40,"spread":0,"color":"rgba(0, 0, 0, 0.24)"},"margin":{"unit":"%","top":"0","right":"0","bottom":"0","left":"0","isLinked":false},"margin_tablet":{"unit":"%","top":"","right":"","bottom":"","left":"","isLinked":true},"margin_mobile":{"unit":"%","top":"","right":"","bottom":"","left":"","isLinked":true},"border_width":{"unit":"px","top":"1","right":"1","bottom":"1","left":"1","isLinked":true},"border_radius":{"unit":"px","top":"10","right":"10","bottom":"10","left":"10","isLinked":true},"min_height":{"unit":"vh","size":72,"sizes":[]},"shape_divider_top_color":"#FFFFFF","shape_divider_top_negative":"yes","shape_divider_bottom_width":{"unit":"%","size":131,"sizes":[]},"shape_divider_bottom_height":{"unit":"px","size":80,"sizes":[]}},"elements":[{"id":"7e0d1b1f","settings":{"address":"London Eye, London, United Kingdom","height":{"unit":"vh","size":73,"sizes":[]},"height_tablet":{"unit":"vh","size":"","sizes":[]},"height_mobile":{"unit":"vh","size":"","sizes":[]},"_border_radius":{"unit":"px","top":"10","right":"10","bottom":"10","left":"10","isLinked":true}},"elements":[],"isInner":false,"widgetType":"google_maps","elType":"widget"}],"isInner":true,"elType":"container"},{"id":"6ad4db62","settings":{"flex_direction":"column","content_width":"full","width":{"unit":"%","size":"50"},"padding":{"unit":"%","top":"5","right":"5","bottom":"5","left":"5","isLinked":true},"padding_tablet":{"unit":"%","top":"5","right":"5","bottom":"15","left":"5","isLinked":false},"padding_mobile":{"unit":"%","top":"","right":"","bottom":"","left":"","isLinked":true},"flex_justify_content":"center","flex_align_items":"flex-start","width_tablet":{"unit":"%","size":100,"sizes":[]},"width_mobile":{"unit":"%","size":"","sizes":[]},"animation":"fadeInUp"},"elements":[{"id":"194e35ae","settings":{"form_name":"New Form","form_fields":[{"custom_id":"name","field_label":"Name","placeholder":"Name","dynamic":{"active":true},"_id":"13452c2"},{"custom_id":"email","field_type":"email","required":"true","field_label":"Email","placeholder":"Email","_id":"6d27b29"},{"_id":"12bad55","field_type":"select","field_options":"Membership\nClasses\nCoach\nSubject","custom_id":"field_12bad55","field_label":"Subject"},{"custom_id":"message","field_type":"textarea","field_label":"Message","placeholder":"Message","_id":"e7a04f3"},{"custom_id":"field_8859d8d","field_type":"honeypot","field_label":"Password","placeholder":"Message","_id":"8859d8d"},{"custom_id":"field_13e7933","field_type":"honeypot","field_label":"Fax","placeholder":"Message","_id":"13e7933"},{"custom_id":"field_35db775","field_type":"honeypot","field_label":"Membership","placeholder":"Message","_id":"35db775"},{"custom_id":"field_5ce47ef","field_type":"honeypot","field_label":"Coach","placeholder":"Message","_id":"5ce47ef"},{"custom_id":"field_58cf426","field_type":"honeypot","field_label":"Gallery","placeholder":"Message","_id":"58cf426"},{"_id":"ff1e5a2","field_type":"recaptcha","custom_id":"field_ff1e5a2","field_label":"reCAPTCHA"}],"input_size":"lg","show_labels":"","button_size":"xl","button_width":"60","button_align":"start","step_next_label":"Next","step_previous_label":"Previous","button_text":"Send","email_content":"[all-fields]","email_content_2":"[all-fields]","success_message":"The form was sent successfully.","error_message":"An error occurred.","required_field_message":"This field is required.","invalid_message":"There&#039;s something wrong. The form is invalid.","_element_width":"initial","_element_custom_width":{"unit":"%","size":""},"_flex_size":"none","__globals__":{"label_color":"globals\/colors?id=text","html_color":"globals\/colors?id=text","field_text_color":"globals\/colors?id=text","field_border_color":"","field_background_color":"globals\/colors?id=a2fb886","_background_color":"globals\/colors?id=secondary","button_background_hover_color":"globals\/colors?id=9b0591c","button_hover_color":"globals\/colors?id=primary"},"field_border_width":{"unit":"px","top":"1","right":"1","bottom":"1","left":"1","isLinked":true},"field_border_radius":{"unit":"px","top":"5","right":"5","bottom":"5","left":"5","isLinked":true},"button_border_radius":{"unit":"px","top":"50","right":"50","bottom":"50","left":"50","isLinked":true},"_padding":{"unit":"%","top":"","right":"","bottom":"","left":"","isLinked":true},"_padding_tablet":{"unit":"%","top":"","right":"","bottom":"","left":"","isLinked":true},"_padding_mobile":{"unit":"%","top":"","right":"","bottom":"","left":"","isLinked":true},"server_message":"Your submission failed because of a server error.","button_hover_animation":"bob","label_color":"#292929","html_color":"#292929","field_text_color":"#292929","field_background_color":"#FFFFFF","field_border_color":"#26262685","button_border_border":"solid","button_border_width":{"unit":"px","top":"1","right":"1","bottom":"1","left":"1","isLinked":true},"button_background_hover_color":"#262626","button_hover_color":"#FF5D00","_background_color":"#D9CDBF"},"elements":[],"isInner":false,"widgetType":"form","elType":"widget"}],"isInner":true,"elType":"container"}],"isInner":true,"elType":"container"}],"isInner":false,"elType":"container"}],"settings":{"template":"elementor_header_footer","custom_css":"body{\r\n    overflow-x: hidden;\r\n}\r\n\r\n@media(min-width:1025px){\r\n    .scroll-headline, .scroll-des, .scroll-button{\r\n    opacity: 0;\r\n}\r\n}\r\n\r\n.overlay-zoom{\r\n    position: absolute;\r\n    top: 0;\r\n    left: 0;\r\n    width: 100%;\r\n}"},"metadata":[]}