{"content":[{"id":"c866b4e","settings":{"flex_direction":"row","background_background":"classic","padding":{"unit":"%","top":"15","right":"10","bottom":"1","left":"10","isLinked":false},"padding_tablet":{"unit":"%","top":"","right":"","bottom":"","left":"","isLinked":true},"padding_mobile":{"unit":"%","top":"","right":"","bottom":"","left":"","isLinked":true},"min_height":{"unit":"vh","size":"","sizes":[]},"min_height_tablet":{"unit":"vh","size":"","sizes":[]},"min_height_mobile":{"unit":"vh","size":"","sizes":[]},"flex_justify_content":"center","flex_align_items":"center","boxed_width":{"unit":"px","size":1440,"sizes":[]},"flex_gap":{"column":"","row":"","isLinked":true,"unit":"px","size":null},"flex_wrap":"wrap","background_image":{"url":"https:\/\/limitless.dev.ananass.fr\/wp-content\/uploads\/2025\/07\/logo-limitless-white.png","id":118,"size":"","alt":"","source":"library"},"background_position":"center center","background_repeat":"no-repeat","background_size":"auto","background_overlay_background":"gradient","background_overlay_color_stop":{"unit":"%","size":48,"sizes":[]},"background_overlay_color_b_stop":{"unit":"%","size":27,"sizes":[]},"background_overlay_opacity":{"unit":"px","size":1,"sizes":[]},"shape_divider_bottom_color":"#FFFFFF","shape_divider_bottom_height":{"unit":"px","size":57,"sizes":[]},"shape_divider_bottom_above_content":"yes","margin":{"unit":"%","top":"0","right":"0","bottom":"0","left":"0","isLinked":false},"margin_tablet":{"unit":"%","top":"","right":"","bottom":"","left":"","isLinked":true},"margin_mobile":{"unit":"%","top":"","right":"","bottom":"","left":"","isLinked":true},"__globals__":{"shape_divider_bottom_color":"","background_color":"globals\/colors?id=primary","background_overlay_color_b":"globals\/colors?id=dc89b6f","background_overlay_color":"globals\/colors?id=primary"}},"elements":[{"id":"24e8673f","settings":{"title":"LIMITLESS","header_size":"span","typography_typography":"custom","typography_font_family":"Raleway","typography_font_size":{"unit":"em","size":8,"sizes":[]},"typography_font_size_tablet":{"unit":"em","size":"","sizes":[]},"typography_font_size_mobile":{"unit":"em","size":"","sizes":[]},"typography_font_weight":"800","text_shadow_text_shadow_type":"yes","align":"center","typography_text_transform":"none","text_shadow_text_shadow":{"horizontal":0,"vertical":0,"blur":34,"color":"#834DFF"},"_padding":{"unit":"%","top":"0","right":"0","bottom":"5","left":"0","isLinked":false},"_padding_tablet":{"unit":"%","top":"","right":"","bottom":"","left":"","isLinked":true},"_padding_mobile":{"unit":"%","top":"","right":"","bottom":"","left":"","isLinked":true},"_element_width":"inherit","_flex_align_self":"center","__globals__":{"title_color":"globals\/colors?id=dc89b6f"}},"elements":[],"isInner":false,"widgetType":"heading","elType":"widget"},{"id":"13b93f19","settings":{"text":"Live demo","typography_typography":"custom","typography_font_family":"Roboto","typography_font_weight":"600","typography_text_transform":"uppercase","border_radius":{"unit":"px","top":"8","right":"8","bottom":"8","left":"8","isLinked":true},"text_padding":{"unit":"px","top":"20","right":"35","bottom":"20","left":"35","isLinked":false},"_element_custom_width":{"unit":"%","size":20,"sizes":[]},"__globals__":{"button_text_color":"globals\/colors?id=74c9197","background_color":"globals\/colors?id=dc89b6f"}},"elements":[],"isInner":false,"widgetType":"button","elType":"widget"},{"id":"1da4ffbd","settings":{"text":"Get now","__globals__":{"background_color":"globals\/colors?id=74c9197","button_text_color":"globals\/colors?id=dc89b6f"},"_element_id":"e-global-color-primary","__dynamic__":[]},"elements":[],"isInner":false,"widgetType":"button","elType":"widget"},{"id":"315aa60b","settings":{"content_width":"full","padding":{"unit":"px","top":"0","right":"0","bottom":"0","left":"0","isLinked":true}},"elements":[{"id":"39dd0f44","settings":{"content_width":"full","min_height":{"unit":"vh","size":72,"sizes":[]},"min_height_tablet":{"unit":"vh","size":"","sizes":[]},"min_height_mobile":{"unit":"vh","size":"","sizes":[]},"flex_direction":"row","flex_justify_content":"space-between","background_background":"classic","background_image":{"url":"https:\/\/limitless.dev.ananass.fr\/wp-content\/uploads\/2025\/07\/logo-limitless-400x199-1.png","id":221,"size":"","alt":"","source":"library"},"background_position":"center center","background_repeat":"no-repeat","background_size":"auto","border_radius":{"unit":"px","top":"20","right":"20","bottom":"20","left":"20","isLinked":true},"box_shadow_box_shadow_type":"yes","margin":{"unit":"%","top":"5","right":"0","bottom":"0","left":"0","isLinked":false},"margin_tablet":{"unit":"%","top":"","right":"","bottom":"","left":"","isLinked":true},"margin_mobile":{"unit":"%","top":"","right":"","bottom":"","left":"","isLinked":true},"padding":{"unit":"%","top":"3","right":"3","bottom":"3","left":"3","isLinked":true},"padding_tablet":{"unit":"%","top":"","right":"","bottom":"","left":"","isLinked":true},"padding_mobile":{"unit":"%","top":"","right":"","bottom":"","left":"","isLinked":true},"_title":"Desk","__globals__":{"background_color":"globals\/colors?id=accent"}},"elements":[{"id":"4cf37004","settings":{"image":{"url":"https:\/\/limitless.dev.ananass.fr\/wp-content\/uploads\/2025\/07\/cropped-LIMITLESS.webp","id":116,"size":"","alt":"","source":"library"},"image_size":"full","width":{"unit":"%","size":100,"sizes":[]},"_element_width":"initial","_element_custom_width":{"unit":"%","size":6,"sizes":[]},"_flex_align_self":"flex-start"},"elements":[],"isInner":false,"widgetType":"image","elType":"widget"},{"id":"315ce348","settings":{"selected_icon":{"value":"fas fa-bars","library":"fa-solid"},"view":"stacked","shape":"rounded","size":{"unit":"px","size":22,"sizes":[]},"_flex_align_self":"flex-start","__globals__":{"primary_color":"globals\/colors?id=primary"}},"elements":[],"isInner":false,"widgetType":"icon","elType":"widget"}],"isInner":true,"elType":"container"},{"id":"5a3bdb7d","settings":{"content_width":"full","width":{"unit":"%","size":19,"sizes":[]},"min_height":{"unit":"vh","size":49,"sizes":[]},"min_height_tablet":{"unit":"vh","size":"","sizes":[]},"min_height_mobile":{"unit":"vh","size":"","sizes":[]},"flex_direction":"row","flex_justify_content":"space-between","background_background":"classic","background_image":{"url":"https:\/\/limitless.dev.ananass.fr\/wp-content\/uploads\/2025\/07\/logo-limitless-white-1.png","id":222,"size":"","alt":"","source":"library"},"background_position":"center center","background_repeat":"no-repeat","background_size":"initial","background_bg_width":{"unit":"%","size":48,"sizes":[]},"border_radius":{"unit":"px","top":"20","right":"20","bottom":"20","left":"20","isLinked":true},"box_shadow_box_shadow_type":"yes","margin":{"unit":"%","top":"5","right":"0","bottom":"0","left":"0","isLinked":false},"margin_tablet":{"unit":"%","top":"","right":"","bottom":"","left":"","isLinked":true},"margin_mobile":{"unit":"%","top":"","right":"","bottom":"","left":"","isLinked":true},"padding":{"unit":"%","top":"1","right":"1","bottom":"1","left":"1","isLinked":true},"padding_tablet":{"unit":"%","top":"","right":"","bottom":"","left":"","isLinked":true},"padding_mobile":{"unit":"%","top":"","right":"","bottom":"","left":"","isLinked":true},"position":"absolute","_offset_orientation_h":"end","_offset_x_end":{"unit":"%","size":-5,"sizes":[]},"_offset_x_end_tablet":{"unit":"%","size":"","sizes":[]},"_offset_x_end_mobile":{"unit":"%","size":"","sizes":[]},"_offset_orientation_v":"end","_offset_y_end":{"unit":"%","size":5,"sizes":[]},"_offset_y_end_tablet":{"unit":"%","size":"","sizes":[]},"_offset_y_end_mobile":{"unit":"%","size":"","sizes":[]},"_title":"Mob","__globals__":{"background_color":"globals\/colors?id=74c9197"}},"elements":[{"id":"7e12849d","settings":{"image":{"url":"https:\/\/limitless.dev.ananass.fr\/wp-content\/uploads\/2025\/07\/LIMITLESS-4-purple-white.png","id":126,"size":"","alt":"","source":"library"},"image_size":"full","width":{"unit":"%","size":100,"sizes":[]},"_element_width":"initial","_element_custom_width":{"unit":"%","size":20,"sizes":[]},"_flex_align_self":"flex-start"},"elements":[],"isInner":false,"widgetType":"image","elType":"widget"}],"isInner":true,"elType":"container"},{"id":"12408f8b","settings":{"content_width":"full","width":{"unit":"%","size":38,"sizes":[]},"min_height":{"unit":"vh","size":36,"sizes":[]},"min_height_tablet":{"unit":"vh","size":"","sizes":[]},"min_height_mobile":{"unit":"vh","size":"","sizes":[]},"flex_direction":"row","flex_justify_content":"space-between","background_background":"classic","background_image":{"url":"https:\/\/limitless.dev.ananass.fr\/wp-content\/uploads\/2025\/07\/logo-limitless-white-1.png","id":222,"size":"","alt":"","source":"library"},"background_position":"center center","background_repeat":"no-repeat","background_size":"initial","background_bg_width":{"unit":"%","size":48,"sizes":[]},"border_radius":{"unit":"px","top":"20","right":"20","bottom":"20","left":"20","isLinked":true},"box_shadow_box_shadow_type":"yes","margin":{"unit":"%","top":"5","right":"0","bottom":"0","left":"0","isLinked":false},"margin_tablet":{"unit":"%","top":"","right":"","bottom":"","left":"","isLinked":true},"margin_mobile":{"unit":"%","top":"","right":"","bottom":"","left":"","isLinked":true},"padding":{"unit":"%","top":"1","right":"1","bottom":"1","left":"1","isLinked":true},"padding_tablet":{"unit":"%","top":"","right":"","bottom":"","left":"","isLinked":true},"padding_mobile":{"unit":"%","top":"","right":"","bottom":"","left":"","isLinked":true},"position":"absolute","_offset_x":{"unit":"%","size":-5,"sizes":[]},"_offset_x_tablet":{"unit":"%","size":"","sizes":[]},"_offset_x_mobile":{"unit":"%","size":"","sizes":[]},"_offset_x_end":{"unit":"%","size":5,"sizes":[]},"_offset_x_end_tablet":{"unit":"%","size":"","sizes":[]},"_offset_x_end_mobile":{"unit":"%","size":"","sizes":[]},"_offset_orientation_v":"end","_offset_y_end":{"unit":"%","size":10,"sizes":[]},"_offset_y_end_tablet":{"unit":"%","size":"","sizes":[]},"_offset_y_end_mobile":{"unit":"%","size":"","sizes":[]},"_title":"Tab","__globals__":{"background_color":"globals\/colors?id=74c9197"}},"elements":[{"id":"78e6ba78","settings":{"image":{"url":"https:\/\/limitless.dev.ananass.fr\/wp-content\/uploads\/2025\/07\/cropped-LIMITLESS-4-bleu-white.png","id":123,"size":"","alt":"","source":"library"},"image_size":"full","width":{"unit":"%","size":100,"sizes":[]},"_element_width":"initial","_element_custom_width":{"unit":"%","size":11,"sizes":[]},"_flex_align_self":"flex-start"},"elements":[],"isInner":false,"widgetType":"image","elType":"widget"}],"isInner":true,"elType":"container"}],"isInner":true,"elType":"container"},{"id":"4f8603a9","settings":{"content_width":"full","boxed_width":{"unit":"px","size":1280,"sizes":[]},"min_height":{"unit":"vh","size":"","sizes":[]},"min_height_tablet":{"unit":"vh","size":"","sizes":[]},"min_height_mobile":{"unit":"vh","size":"","sizes":[]},"flex_direction":"row","flex_justify_content":"center","flex_align_items":"center","flex_wrap":"wrap","background_color":"#0C0088","background_image":{"url":"","id":"","size":"","alt":"","source":"library"},"background_position":"center center","background_repeat":"no-repeat","background_size":"auto","border_border":"none","margin":{"unit":"%","top":"0","right":"0","bottom":"0","left":"0","isLinked":false},"margin_tablet":{"unit":"%","top":"","right":"","bottom":"","left":"","isLinked":true},"margin_mobile":{"unit":"%","top":"","right":"","bottom":"","left":"","isLinked":true},"padding":{"unit":"%","top":"5","right":"5","bottom":"5","left":"5","isLinked":true},"padding_tablet":{"unit":"%","top":"","right":"","bottom":"","left":"","isLinked":true},"padding_mobile":{"unit":"%","top":"","right":"","bottom":"","left":"","isLinked":true},"motion_fx_tilt_speed":{"unit":"px","size":0.2,"sizes":[]}},"elements":[{"id":"3b8f451c","settings":{"title":"Get to work quickly<\/br> wherever you are","header_size":"span","typography_typography":"custom","typography_font_family":"Noto Sans Display","typography_font_size":{"unit":"em","size":4,"sizes":[]},"typography_font_size_tablet":{"unit":"em","size":"","sizes":[]},"typography_font_size_mobile":{"unit":"em","size":"","sizes":[]},"typography_font_weight":"600","align":"center","typography_text_transform":"uppercase","text_shadow_text_shadow":{"horizontal":0,"vertical":0,"blur":34,"color":"#834DFF"},"_padding":{"unit":"%","top":"2","right":"2","bottom":"2","left":"2","isLinked":true},"_padding_tablet":{"unit":"%","top":"","right":"","bottom":"","left":"","isLinked":true},"_padding_mobile":{"unit":"%","top":"","right":"","bottom":"","left":"","isLinked":true},"_element_width":"inherit","_flex_align_self":"center","__globals__":{"title_color":"globals\/colors?id=primary"}},"elements":[],"isInner":false,"widgetType":"heading","elType":"widget"},{"id":"24e07a3","settings":{"editor":"<p>Lorem Ipsum is simply dummy text of the printing and typesetting industry. Lorem Ipsum has been the industry's standard dummy text ever since the 1500s, when an unknown printer took a galley of type and scrambled it to make a type specimen book. It has survived not only five centuries, but also the leap into electronic typesetting, remaining essentially unchanged. It was popularised in the 1960s with the release of Letraset sheets containing Lorem Ipsum passages, and more recently with desktop publishing software like Aldus PageMaker including versions of Lorem Ipsum.<\/p>","align":"center","_element_width":"inherit"},"elements":[],"isInner":false,"widgetType":"text-editor","elType":"widget"},{"id":"2b50cf60","settings":{"editor":"<p>It is a long established fact that a reader will be distracted by the readable content of a page when looking at its layout.<\/p>","align":"center","_element_width":"inherit"},"elements":[],"isInner":false,"widgetType":"text-editor","elType":"widget"},{"id":"3f966562","settings":{"text":"Get now","typography_typography":"custom","typography_font_family":"Roboto","typography_font_weight":"600","typography_text_transform":"uppercase","border_radius":{"unit":"px","top":"8","right":"8","bottom":"8","left":"8","isLinked":true},"text_padding":{"unit":"px","top":"20","right":"35","bottom":"20","left":"35","isLinked":false},"_element_custom_width":{"unit":"%","size":20,"sizes":[]},"__globals__":{"background_color":"globals\/colors?id=74c9197","button_text_color":"globals\/colors?id=dc89b6f"}},"elements":[],"isInner":false,"widgetType":"button","elType":"widget"}],"isInner":true,"elType":"container"}],"isInner":false,"elType":"container"},{"id":"5df73384","settings":{"flex_direction":"column","boxed_width":{"unit":"px","size":1440,"sizes":[]},"background_background":"classic","background_color":"#FFFFFF","background_overlay_background":"classic","background_overlay_color":"#FFFFFF","background_overlay_color_b":"#5C4CFC","background_overlay_color_b_stop":{"unit":"%","size":95,"sizes":[]},"background_overlay_gradient_type":"radial","background_overlay_opacity":{"unit":"px","size":1,"sizes":[]},"padding":{"unit":"%","top":"5","right":"5","bottom":"5","left":"5","isLinked":true},"padding_tablet":{"unit":"%","top":"","right":"","bottom":"","left":"","isLinked":true},"padding_mobile":{"unit":"%","top":"","right":"","bottom":"","left":"","isLinked":true}},"elements":[{"id":"628445be","settings":{"content_width":"full","min_height":{"unit":"vh","size":92,"sizes":[]},"min_height_tablet":{"unit":"vh","size":"","sizes":[]},"min_height_mobile":{"unit":"vh","size":"","sizes":[]},"flex_direction":"row","flex_justify_content":"space-between","background_background":"classic","background_color":"#0C0088","background_image":{"url":"https:\/\/limitless.dev.ananass.fr\/wp-content\/uploads\/2025\/07\/hero-home1.webp","id":367,"size":"","alt":"","source":"library"},"background_position":"top center","background_repeat":"no-repeat","background_size":"cover","border_radius":{"unit":"px","top":"20","right":"20","bottom":"20","left":"20","isLinked":true},"box_shadow_box_shadow_type":"yes","margin":{"unit":"%","top":"5","right":"0","bottom":"0","left":"0","isLinked":false},"margin_tablet":{"unit":"%","top":"","right":"","bottom":"","left":"","isLinked":true},"margin_mobile":{"unit":"%","top":"","right":"","bottom":"","left":"","isLinked":true},"padding":{"unit":"%","top":"3","right":"3","bottom":"3","left":"3","isLinked":true},"padding_tablet":{"unit":"%","top":"","right":"","bottom":"","left":"","isLinked":true},"padding_mobile":{"unit":"%","top":"","right":"","bottom":"","left":"","isLinked":true},"motion_fx_motion_fx_mouse":"yes","motion_fx_tilt_effect":"yes","motion_fx_tilt_speed":{"unit":"px","size":0.2,"sizes":[]},"background_overlay_background":"classic","background_overlay_image":{"url":"https:\/\/limitless.dev.ananass.fr\/wp-content\/uploads\/2025\/07\/logo-limitless-400x199-1.png","id":221,"size":"","alt":"","source":"library"},"background_overlay_position":"center center","background_overlay_repeat":"no-repeat","background_overlay_size":"auto","background_overlay_opacity":{"unit":"px","size":1,"sizes":[]}},"elements":[{"id":"36b8b392","settings":{"image":{"url":"https:\/\/limitless.dev.ananass.fr\/wp-content\/uploads\/2025\/07\/cropped-LIMITLESS.webp","id":116,"size":"","alt":"","source":"library"},"image_size":"full","width":{"unit":"%","size":100,"sizes":[]},"_element_width":"initial","_element_custom_width":{"unit":"%","size":6,"sizes":[]},"_flex_align_self":"flex-start"},"elements":[],"isInner":false,"widgetType":"image","elType":"widget"},{"id":"16b9ad3a","settings":{"selected_icon":{"value":"fas fa-bars","library":"fa-solid"},"view":"stacked","shape":"rounded","primary_color":"#8744DA","size":{"unit":"px","size":22,"sizes":[]},"_flex_align_self":"flex-start"},"elements":[],"isInner":false,"widgetType":"icon","elType":"widget"},{"id":"691d14c1","settings":{"selected_icon":{"value":"fab fa-wordpress-simple","library":"fa-brands"},"view":"stacked","shape":"rounded","primary_color":"#8744DA","size":{"unit":"px","size":59,"sizes":[]},"_flex_align_self":"flex-start","align":"","_element_width":"initial","_element_custom_width":{"unit":"%","size":9,"sizes":[]},"_position":"absolute","_offset_orientation_h":"end","_offset_x_end":{"unit":"%","size":-3,"sizes":[]},"_offset_x_end_tablet":{"unit":"%","size":"","sizes":[]},"_offset_x_end_mobile":{"unit":"%","size":"","sizes":[]},"_offset_y":{"unit":"%","size":30,"sizes":[]},"_offset_y_tablet":{"unit":"%","size":"","sizes":[]},"_offset_y_mobile":{"unit":"%","size":"","sizes":[]},"_transform_rotate_popover":"transform","_transform_rotateZ_effect":{"unit":"px","size":-30,"sizes":[]}},"elements":[],"isInner":false,"widgetType":"icon","elType":"widget"},{"id":"5f0972b5","settings":{"image":{"url":"https:\/\/limitless.dev.ananass.fr\/wp-content\/uploads\/2025\/07\/LIMITLESS-4-purple-white.png","id":126,"size":"","alt":"","source":"library"},"image_size":"full","width":{"unit":"%","size":100,"sizes":[]},"_element_width":"initial","_element_custom_width":{"unit":"%","size":10,"sizes":[]},"_flex_align_self":"flex-start","_position":"absolute","_offset_x":{"size":-5,"unit":"%"},"_offset_x_tablet":{"unit":"%","size":"","sizes":[]},"_offset_x_mobile":{"unit":"%","size":"","sizes":[]},"_offset_x_end":{"unit":"%","size":10,"sizes":[]},"_offset_x_end_tablet":{"unit":"%","size":"","sizes":[]},"_offset_x_end_mobile":{"unit":"%","size":"","sizes":[]},"_offset_y":{"size":39,"unit":"%"},"_offset_y_tablet":{"unit":"%","size":"","sizes":[]},"_offset_y_mobile":{"unit":"%","size":"","sizes":[]},"_transform_rotate_popover":"transform","_transform_rotateZ_effect":{"unit":"px","size":20,"sizes":[]}},"elements":[],"isInner":false,"widgetType":"image","elType":"widget"},{"id":"4270dd44","settings":{"selected_icon":{"value":"fab fa-wordpress-simple","library":"fa-brands"},"view":"stacked","shape":"rounded","primary_color":"#2872f7","size":{"unit":"px","size":59,"sizes":[]},"_flex_align_self":"flex-start","align":"","_element_width":"initial","_element_custom_width":{"unit":"%","size":9,"sizes":[]},"_position":"absolute","_offset_x":{"unit":"%","size":-6,"sizes":[]},"_offset_x_tablet":{"unit":"%","size":"","sizes":[]},"_offset_x_mobile":{"unit":"%","size":"","sizes":[]},"_offset_x_end":{"unit":"%","size":-3,"sizes":[]},"_offset_x_end_tablet":{"unit":"%","size":"","sizes":[]},"_offset_x_end_mobile":{"unit":"%","size":"","sizes":[]},"_offset_orientation_v":"end","_offset_y":{"unit":"%","size":30,"sizes":[]},"_offset_y_tablet":{"unit":"%","size":"","sizes":[]},"_offset_y_mobile":{"unit":"%","size":"","sizes":[]},"_offset_y_end":{"unit":"%","size":10,"sizes":[]},"_offset_y_end_tablet":{"unit":"%","size":"","sizes":[]},"_offset_y_end_mobile":{"unit":"%","size":"","sizes":[]},"_transform_rotate_popover":"transform","_transform_rotateZ_effect":{"unit":"px","size":-30,"sizes":[]}},"elements":[],"isInner":false,"widgetType":"icon","elType":"widget"}],"isInner":true,"elType":"container"},{"id":"10e14fc3","settings":{"boxed_width":{"unit":"px","size":1280,"sizes":[]},"min_height":{"unit":"vh","size":72,"sizes":[]},"min_height_tablet":{"unit":"vh","size":"","sizes":[]},"min_height_mobile":{"unit":"vh","size":"","sizes":[]},"flex_direction":"row","flex_justify_content":"center","flex_align_items":"center","flex_wrap":"wrap","background_color":"#0C0088","background_image":{"url":"","id":"","size":"","alt":"","source":"library"},"background_position":"center center","background_repeat":"no-repeat","background_size":"auto","border_border":"none","margin":{"unit":"%","top":"0","right":"0","bottom":"0","left":"0","isLinked":false},"margin_tablet":{"unit":"%","top":"","right":"","bottom":"","left":"","isLinked":true},"margin_mobile":{"unit":"%","top":"","right":"","bottom":"","left":"","isLinked":true},"padding":{"unit":"%","top":"10","right":"10","bottom":"10","left":"10","isLinked":true},"padding_tablet":{"unit":"%","top":"","right":"","bottom":"","left":"","isLinked":true},"padding_mobile":{"unit":"%","top":"","right":"","bottom":"","left":"","isLinked":true},"motion_fx_tilt_speed":{"unit":"px","size":0.2,"sizes":[]}},"elements":[{"id":"65963dad","settings":{"title":"Get to work quickly<\/br> wherever you are","header_size":"span","typography_typography":"custom","typography_font_family":"Noto Sans Display","typography_font_size":{"unit":"em","size":4,"sizes":[]},"typography_font_size_tablet":{"unit":"em","size":"","sizes":[]},"typography_font_size_mobile":{"unit":"em","size":"","sizes":[]},"typography_font_weight":"600","align":"center","typography_text_transform":"uppercase","text_shadow_text_shadow":{"horizontal":0,"vertical":0,"blur":34,"color":"#834DFF"},"_padding":{"unit":"%","top":"2","right":"2","bottom":"2","left":"2","isLinked":true},"_padding_tablet":{"unit":"%","top":"","right":"","bottom":"","left":"","isLinked":true},"_padding_mobile":{"unit":"%","top":"","right":"","bottom":"","left":"","isLinked":true},"_element_width":"inherit","_flex_align_self":"center","__globals__":{"title_color":"globals\/colors?id=primary"}},"elements":[],"isInner":false,"widgetType":"heading","elType":"widget"},{"id":"342b5f37","settings":{"editor":"Lorem Ipsum is simply dummy text of the printing and typesetting industry. Lorem Ipsum has been the industry's standard dummy text ever since the 1500s, when an unknown printer took a galley of type and scrambled it to make a type specimen book. It has survived not only five centuries, but also the leap into electronic typesetting, remaining essentially unchanged.","align":"center","_element_width":"inherit"},"elements":[],"isInner":false,"widgetType":"text-editor","elType":"widget"},{"id":"1c09e6e9","settings":{"editor":"<p>It is a long established fact that a reader will be distracted by the readable content of a page when looking at its layout.<\/p>","align":"center","_element_width":"inherit"},"elements":[],"isInner":false,"widgetType":"text-editor","elType":"widget"},{"id":"69f1e600","settings":{"text":"Get now","typography_typography":"custom","typography_font_family":"Roboto","typography_font_weight":"600","typography_text_transform":"uppercase","border_radius":{"unit":"px","top":"8","right":"8","bottom":"8","left":"8","isLinked":true},"text_padding":{"unit":"px","top":"20","right":"35","bottom":"20","left":"35","isLinked":false},"_element_custom_width":{"unit":"%","size":20,"sizes":[]},"__globals__":{"background_color":"globals\/colors?id=74c9197","button_text_color":"globals\/colors?id=dc89b6f"}},"elements":[],"isInner":false,"widgetType":"button","elType":"widget"}],"isInner":true,"elType":"container"},{"id":"24db5ea9","settings":{"image":{"url":"https:\/\/limitless.dev.ananass.fr\/wp-content\/uploads\/2025\/07\/LIMITLESS-4-purple-white.png","id":126,"size":"","alt":"","source":"library"},"image_size":"full","width":{"unit":"%","size":100,"sizes":[]},"_element_width":"initial","_element_custom_width":{"unit":"%","size":9,"sizes":[]},"_flex_align_self":"flex-start","_position":"absolute","_offset_orientation_h":"end","_offset_x_end":{"unit":"%","size":-3,"sizes":[]},"_offset_x_end_tablet":{"unit":"%","size":"","sizes":[]},"_offset_x_end_mobile":{"unit":"%","size":"","sizes":[]},"_offset_y":{"unit":"%","size":35,"sizes":[]},"_offset_y_tablet":{"unit":"%","size":"","sizes":[]},"_offset_y_mobile":{"unit":"%","size":"","sizes":[]},"_transform_rotate_popover":"transform","_transform_rotateZ_effect":{"unit":"px","size":-30,"sizes":[]}},"elements":[],"isInner":false,"widgetType":"image","elType":"widget"}],"isInner":false,"elType":"container"},{"id":"364d58cf","settings":{"flex_direction":"row","boxed_width":{"unit":"px","size":1440,"sizes":[]},"background_background":"classic","background_color":"#FFFFFF","background_overlay_background":"gradient","background_overlay_color":"#5c4cfc","background_overlay_color_b":"#FFFFFF","background_overlay_color_b_stop":{"unit":"%","size":54,"sizes":[]},"background_overlay_gradient_type":"radial","background_overlay_gradient_position":"bottom right","background_overlay_opacity":{"unit":"px","size":0.8,"sizes":[]},"padding":{"unit":"%","top":"5","right":"5","bottom":"5","left":"5","isLinked":true},"padding_tablet":{"unit":"%","top":"","right":"","bottom":"","left":"","isLinked":true},"padding_mobile":{"unit":"%","top":"","right":"","bottom":"","left":"","isLinked":true}},"elements":[{"id":"3fb6f5f6","settings":{"content_width":"full","min_height":{"unit":"vh","size":72,"sizes":[]},"min_height_tablet":{"unit":"vh","size":"","sizes":[]},"min_height_mobile":{"unit":"vh","size":"","sizes":[]},"flex_direction":"column","flex_justify_content":"flex-end","background_background":"classic","background_color":"#0C0088","background_image":{"url":"https:\/\/limitless.dev.ananass.fr\/wp-content\/uploads\/2025\/07\/logo-limitless-400x199-1.png","id":221,"size":"","alt":"","source":"library"},"background_position":"center center","background_repeat":"no-repeat","background_size":"auto","border_radius":{"unit":"px","top":"20","right":"20","bottom":"20","left":"20","isLinked":true},"box_shadow_box_shadow_type":"yes","margin":{"unit":"%","top":"5","right":"0","bottom":"0","left":"0","isLinked":false},"margin_tablet":{"unit":"%","top":"","right":"","bottom":"","left":"","isLinked":true},"margin_mobile":{"unit":"%","top":"","right":"","bottom":"","left":"","isLinked":true},"padding":{"unit":"%","top":"3","right":"3","bottom":"3","left":"3","isLinked":true},"padding_tablet":{"unit":"%","top":"","right":"","bottom":"","left":"","isLinked":true},"padding_mobile":{"unit":"%","top":"","right":"","bottom":"","left":"","isLinked":true},"motion_fx_motion_fx_mouse":"yes","motion_fx_tilt_effect":"yes","motion_fx_tilt_speed":{"unit":"px","size":0.2,"sizes":[]},"flex_align_items":"center"},"elements":[],"isInner":true,"elType":"container"}],"isInner":false,"elType":"container"},{"id":"1d5e6606","settings":{"flex_direction":"row","container_type":"grid","boxed_width":{"unit":"px","size":1440,"sizes":[]},"min_height":{"unit":"vh","size":72,"sizes":[]},"min_height_tablet":{"unit":"vh","size":"","sizes":[]},"min_height_mobile":{"unit":"vh","size":"","sizes":[]},"grid_columns_grid":{"unit":"fr","size":4,"sizes":[]},"grid_rows_grid":{"unit":"fr","size":1,"sizes":[]},"background_background":"classic","background_color":"#FFFFFF","background_overlay_background":"gradient","background_overlay_color":"#5c4cfc","background_overlay_color_b":"#FFFFFF","background_overlay_color_b_stop":{"unit":"%","size":54,"sizes":[]},"background_overlay_gradient_type":"radial","background_overlay_gradient_position":"top right","background_overlay_opacity":{"unit":"px","size":0.8,"sizes":[]},"padding":{"unit":"%","top":"5","right":"5","bottom":"5","left":"5","isLinked":true},"padding_tablet":{"unit":"%","top":"","right":"","bottom":"","left":"","isLinked":true},"padding_mobile":{"unit":"%","top":"","right":"","bottom":"","left":"","isLinked":true},"presetTitle":"Grid","presetIcon":"eicon-container-grid"},"elements":[{"id":"26c01d9","settings":{"content_width":"full","min_height":{"unit":"vh","size":40,"sizes":[]},"min_height_tablet":{"unit":"vh","size":"","sizes":[]},"min_height_mobile":{"unit":"vh","size":"","sizes":[]},"background_background":"classic","background_color":"#F4F4F5","border_border":"solid","border_width":{"unit":"px","top":"2","right":"2","bottom":"2","left":"2","isLinked":true},"border_color":"#FFFFFF","border_radius":{"unit":"px","top":"20","right":"20","bottom":"20","left":"20","isLinked":true},"box_shadow_box_shadow_type":"yes","box_shadow_box_shadow":{"horizontal":0,"vertical":15,"blur":32,"spread":0,"color":"rgba(0, 0, 0, 0.1)"},"padding":{"unit":"%","top":"5","right":"5","bottom":"5","left":"5","isLinked":true},"padding_tablet":{"unit":"%","top":"","right":"","bottom":"","left":"","isLinked":true},"padding_mobile":{"unit":"%","top":"","right":"","bottom":"","left":"","isLinked":true}},"elements":[{"id":"4c7d58ce","settings":{"title":"Elementor page builder","header_size":"span","typography_typography":"custom","typography_font_family":"Noto Sans Display","typography_font_size":{"unit":"em","size":1.6,"sizes":[]},"typography_font_size_tablet":{"unit":"em","size":"","sizes":[]},"typography_font_size_mobile":{"unit":"em","size":"","sizes":[]},"typography_font_weight":"800","title_color":"#0C0088","align":"center","text_shadow_text_shadow":{"horizontal":0,"vertical":0,"blur":34,"color":"#834DFF"},"_padding":{"unit":"%","top":"2","right":"2","bottom":"2","left":"2","isLinked":true},"_padding_tablet":{"unit":"%","top":"","right":"","bottom":"","left":"","isLinked":true},"_padding_mobile":{"unit":"%","top":"","right":"","bottom":"","left":"","isLinked":true},"_flex_align_self":"center","_element_width":"inherit"},"elements":[],"isInner":false,"widgetType":"heading","elType":"widget"},{"id":"488aac9a","settings":{"title":"gutenberg\n","header_size":"span","typography_typography":"custom","typography_font_family":"Noto Sans Display","typography_font_size":{"unit":"em","size":1.6,"sizes":[]},"typography_font_size_tablet":{"unit":"em","size":"","sizes":[]},"typography_font_size_mobile":{"unit":"em","size":"","sizes":[]},"typography_font_weight":"800","title_color":"#0C0088","align":"center","text_shadow_text_shadow":{"horizontal":0,"vertical":0,"blur":34,"color":"#834DFF"},"_padding":{"unit":"%","top":"2","right":"2","bottom":"2","left":"2","isLinked":true},"_padding_tablet":{"unit":"%","top":"","right":"","bottom":"","left":"","isLinked":true},"_padding_mobile":{"unit":"%","top":"","right":"","bottom":"","left":"","isLinked":true},"_flex_align_self":"center","_element_width":"inherit"},"elements":[],"isInner":false,"widgetType":"heading","elType":"widget"}],"isInner":true,"elType":"container"},{"id":"13387dc6","settings":{"content_width":"full","min_height":{"unit":"vh","size":40,"sizes":[]},"min_height_tablet":{"unit":"vh","size":"","sizes":[]},"min_height_mobile":{"unit":"vh","size":"","sizes":[]},"background_background":"classic","background_color":"#F4F4F5","border_border":"solid","border_width":{"unit":"px","top":"2","right":"2","bottom":"2","left":"2","isLinked":true},"border_color":"#FFFFFF","border_radius":{"unit":"px","top":"20","right":"20","bottom":"20","left":"20","isLinked":true},"box_shadow_box_shadow_type":"yes","box_shadow_box_shadow":{"horizontal":0,"vertical":15,"blur":32,"spread":0,"color":"rgba(0, 0, 0, 0.1)"},"padding":{"unit":"%","top":"5","right":"5","bottom":"5","left":"5","isLinked":true},"padding_tablet":{"unit":"%","top":"","right":"","bottom":"","left":"","isLinked":true},"padding_mobile":{"unit":"%","top":"","right":"","bottom":"","left":"","isLinked":true}},"elements":[{"id":"2d560cdd","settings":{"title":"Powerful theme options","header_size":"span","typography_typography":"custom","typography_font_family":"Noto Sans Display","typography_font_size":{"unit":"em","size":1.6,"sizes":[]},"typography_font_size_tablet":{"unit":"em","size":"","sizes":[]},"typography_font_size_mobile":{"unit":"em","size":"","sizes":[]},"typography_font_weight":"800","title_color":"#0C0088","align":"center","text_shadow_text_shadow":{"horizontal":0,"vertical":0,"blur":34,"color":"#834DFF"},"_padding":{"unit":"%","top":"2","right":"2","bottom":"2","left":"2","isLinked":true},"_padding_tablet":{"unit":"%","top":"","right":"","bottom":"","left":"","isLinked":true},"_padding_mobile":{"unit":"%","top":"","right":"","bottom":"","left":"","isLinked":true},"_flex_align_self":"center","_element_width":"inherit"},"elements":[],"isInner":false,"widgetType":"heading","elType":"widget"}],"isInner":true,"elType":"container"},{"id":"65e0afa4","settings":{"content_width":"full","min_height":{"unit":"vh","size":40,"sizes":[]},"min_height_tablet":{"unit":"vh","size":"","sizes":[]},"min_height_mobile":{"unit":"vh","size":"","sizes":[]},"background_background":"classic","background_color":"#F4F4F5","border_border":"solid","border_width":{"unit":"px","top":"2","right":"2","bottom":"2","left":"2","isLinked":true},"border_color":"#FFFFFF","border_radius":{"unit":"px","top":"20","right":"20","bottom":"20","left":"20","isLinked":true},"box_shadow_box_shadow_type":"yes","box_shadow_box_shadow":{"horizontal":0,"vertical":15,"blur":32,"spread":0,"color":"rgba(0, 0, 0, 0.1)"},"padding":{"unit":"%","top":"5","right":"5","bottom":"5","left":"5","isLinked":true},"padding_tablet":{"unit":"%","top":"","right":"","bottom":"","left":"","isLinked":true},"padding_mobile":{"unit":"%","top":"","right":"","bottom":"","left":"","isLinked":true}},"elements":[{"id":"29f44854","settings":{"title":"One click demo installation","header_size":"span","typography_typography":"custom","typography_font_family":"Noto Sans Display","typography_font_size":{"unit":"em","size":1.6,"sizes":[]},"typography_font_size_tablet":{"unit":"em","size":"","sizes":[]},"typography_font_size_mobile":{"unit":"em","size":"","sizes":[]},"typography_font_weight":"800","title_color":"#0C0088","align":"center","text_shadow_text_shadow":{"horizontal":0,"vertical":0,"blur":34,"color":"#834DFF"},"_padding":{"unit":"%","top":"2","right":"2","bottom":"2","left":"2","isLinked":true},"_padding_tablet":{"unit":"%","top":"","right":"","bottom":"","left":"","isLinked":true},"_padding_mobile":{"unit":"%","top":"","right":"","bottom":"","left":"","isLinked":true},"_flex_align_self":"center","_element_width":"inherit"},"elements":[],"isInner":false,"widgetType":"heading","elType":"widget"}],"isInner":true,"elType":"container"},{"id":"64c1974e","settings":{"content_width":"full","min_height":{"unit":"vh","size":40,"sizes":[]},"min_height_tablet":{"unit":"vh","size":"","sizes":[]},"min_height_mobile":{"unit":"vh","size":"","sizes":[]},"background_background":"classic","background_color":"#F4F4F5","border_border":"solid","border_width":{"unit":"px","top":"2","right":"2","bottom":"2","left":"2","isLinked":true},"border_color":"#FFFFFF","border_radius":{"unit":"px","top":"20","right":"20","bottom":"20","left":"20","isLinked":true},"box_shadow_box_shadow_type":"yes","box_shadow_box_shadow":{"horizontal":0,"vertical":15,"blur":32,"spread":0,"color":"rgba(0, 0, 0, 0.1)"},"padding":{"unit":"%","top":"5","right":"5","bottom":"5","left":"5","isLinked":true},"padding_tablet":{"unit":"%","top":"","right":"","bottom":"","left":"","isLinked":true},"padding_mobile":{"unit":"%","top":"","right":"","bottom":"","left":"","isLinked":true}},"elements":[{"id":"66ecc7e","settings":{"title":"Responsive ready","header_size":"span","typography_typography":"custom","typography_font_family":"Noto Sans Display","typography_font_size":{"unit":"em","size":1.6,"sizes":[]},"typography_font_size_tablet":{"unit":"em","size":"","sizes":[]},"typography_font_size_mobile":{"unit":"em","size":"","sizes":[]},"typography_font_weight":"800","title_color":"#0C0088","align":"center","text_shadow_text_shadow":{"horizontal":0,"vertical":0,"blur":34,"color":"#834DFF"},"_padding":{"unit":"%","top":"2","right":"2","bottom":"2","left":"2","isLinked":true},"_padding_tablet":{"unit":"%","top":"","right":"","bottom":"","left":"","isLinked":true},"_padding_mobile":{"unit":"%","top":"","right":"","bottom":"","left":"","isLinked":true},"_flex_align_self":"center","_element_width":"inherit"},"elements":[],"isInner":false,"widgetType":"heading","elType":"widget"}],"isInner":true,"elType":"container"},{"id":"4a84660e","settings":{"content_width":"full","min_height":{"unit":"vh","size":40,"sizes":[]},"min_height_tablet":{"unit":"vh","size":"","sizes":[]},"min_height_mobile":{"unit":"vh","size":"","sizes":[]},"background_background":"classic","background_color":"#F4F4F5","border_border":"solid","border_width":{"unit":"px","top":"2","right":"2","bottom":"2","left":"2","isLinked":true},"border_color":"#FFFFFF","border_radius":{"unit":"px","top":"20","right":"20","bottom":"20","left":"20","isLinked":true},"box_shadow_box_shadow_type":"yes","box_shadow_box_shadow":{"horizontal":0,"vertical":15,"blur":32,"spread":0,"color":"rgba(0, 0, 0, 0.1)"},"padding":{"unit":"%","top":"5","right":"5","bottom":"5","left":"5","isLinked":true},"padding_tablet":{"unit":"%","top":"","right":"","bottom":"","left":"","isLinked":true},"padding_mobile":{"unit":"%","top":"","right":"","bottom":"","left":"","isLinked":true}},"elements":[{"id":"61610eab","settings":{"title":"Well documented code\/ installation ?","header_size":"span","typography_typography":"custom","typography_font_family":"Noto Sans Display","typography_font_size":{"unit":"em","size":1.6,"sizes":[]},"typography_font_size_tablet":{"unit":"em","size":"","sizes":[]},"typography_font_size_mobile":{"unit":"em","size":"","sizes":[]},"typography_font_weight":"800","title_color":"#0C0088","align":"center","text_shadow_text_shadow":{"horizontal":0,"vertical":0,"blur":34,"color":"#834DFF"},"_padding":{"unit":"%","top":"2","right":"2","bottom":"2","left":"2","isLinked":true},"_padding_tablet":{"unit":"%","top":"","right":"","bottom":"","left":"","isLinked":true},"_padding_mobile":{"unit":"%","top":"","right":"","bottom":"","left":"","isLinked":true},"_flex_align_self":"center","_element_width":"inherit"},"elements":[],"isInner":false,"widgetType":"heading","elType":"widget"}],"isInner":true,"elType":"container"},{"id":"25fc8c38","settings":{"content_width":"full","min_height":{"unit":"vh","size":40,"sizes":[]},"min_height_tablet":{"unit":"vh","size":"","sizes":[]},"min_height_mobile":{"unit":"vh","size":"","sizes":[]},"background_background":"classic","background_color":"#F4F4F5","border_border":"solid","border_width":{"unit":"px","top":"2","right":"2","bottom":"2","left":"2","isLinked":true},"border_color":"#FFFFFF","border_radius":{"unit":"px","top":"20","right":"20","bottom":"20","left":"20","isLinked":true},"box_shadow_box_shadow_type":"yes","box_shadow_box_shadow":{"horizontal":0,"vertical":15,"blur":32,"spread":0,"color":"rgba(0, 0, 0, 0.1)"},"padding":{"unit":"%","top":"5","right":"5","bottom":"5","left":"5","isLinked":true},"padding_tablet":{"unit":"%","top":"","right":"","bottom":"","left":"","isLinked":true},"padding_mobile":{"unit":"%","top":"","right":"","bottom":"","left":"","isLinked":true}},"elements":[{"id":"173b5e88","settings":{"title":"Unlimited colors","header_size":"span","typography_typography":"custom","typography_font_family":"Noto Sans Display","typography_font_size":{"unit":"em","size":1.6,"sizes":[]},"typography_font_size_tablet":{"unit":"em","size":"","sizes":[]},"typography_font_size_mobile":{"unit":"em","size":"","sizes":[]},"typography_font_weight":"800","title_color":"#0C0088","align":"center","text_shadow_text_shadow":{"horizontal":0,"vertical":0,"blur":34,"color":"#834DFF"},"_padding":{"unit":"%","top":"2","right":"2","bottom":"2","left":"2","isLinked":true},"_padding_tablet":{"unit":"%","top":"","right":"","bottom":"","left":"","isLinked":true},"_padding_mobile":{"unit":"%","top":"","right":"","bottom":"","left":"","isLinked":true},"_flex_align_self":"center","_element_width":"inherit"},"elements":[],"isInner":false,"widgetType":"heading","elType":"widget"}],"isInner":true,"elType":"container"},{"id":"b51b220","settings":{"content_width":"full","min_height":{"unit":"vh","size":40,"sizes":[]},"min_height_tablet":{"unit":"vh","size":"","sizes":[]},"min_height_mobile":{"unit":"vh","size":"","sizes":[]},"background_background":"classic","background_color":"#F4F4F5","border_border":"solid","border_width":{"unit":"px","top":"2","right":"2","bottom":"2","left":"2","isLinked":true},"border_color":"#FFFFFF","border_radius":{"unit":"px","top":"20","right":"20","bottom":"20","left":"20","isLinked":true},"box_shadow_box_shadow_type":"yes","box_shadow_box_shadow":{"horizontal":0,"vertical":15,"blur":32,"spread":0,"color":"rgba(0, 0, 0, 0.1)"},"padding":{"unit":"%","top":"5","right":"5","bottom":"5","left":"5","isLinked":true},"padding_tablet":{"unit":"%","top":"","right":"","bottom":"","left":"","isLinked":true},"padding_mobile":{"unit":"%","top":"","right":"","bottom":"","left":"","isLinked":true}},"elements":[{"id":"1de0cf94","settings":{"title":"Fast Loading speed","header_size":"span","typography_typography":"custom","typography_font_family":"Noto Sans Display","typography_font_size":{"unit":"em","size":1.6,"sizes":[]},"typography_font_size_tablet":{"unit":"em","size":"","sizes":[]},"typography_font_size_mobile":{"unit":"em","size":"","sizes":[]},"typography_font_weight":"800","title_color":"#0C0088","align":"center","text_shadow_text_shadow":{"horizontal":0,"vertical":0,"blur":34,"color":"#834DFF"},"_padding":{"unit":"%","top":"2","right":"2","bottom":"2","left":"2","isLinked":true},"_padding_tablet":{"unit":"%","top":"","right":"","bottom":"","left":"","isLinked":true},"_padding_mobile":{"unit":"%","top":"","right":"","bottom":"","left":"","isLinked":true},"_flex_align_self":"center","_element_width":"inherit"},"elements":[],"isInner":false,"widgetType":"heading","elType":"widget"}],"isInner":true,"elType":"container"},{"id":"3df83244","settings":{"content_width":"full","min_height":{"unit":"vh","size":40,"sizes":[]},"min_height_tablet":{"unit":"vh","size":"","sizes":[]},"min_height_mobile":{"unit":"vh","size":"","sizes":[]},"background_background":"classic","background_color":"#F4F4F5","border_border":"solid","border_width":{"unit":"px","top":"2","right":"2","bottom":"2","left":"2","isLinked":true},"border_color":"#FFFFFF","border_radius":{"unit":"px","top":"20","right":"20","bottom":"20","left":"20","isLinked":true},"box_shadow_box_shadow_type":"yes","box_shadow_box_shadow":{"horizontal":0,"vertical":15,"blur":32,"spread":0,"color":"rgba(0, 0, 0, 0.1)"},"padding":{"unit":"%","top":"5","right":"5","bottom":"5","left":"5","isLinked":true},"padding_tablet":{"unit":"%","top":"","right":"","bottom":"","left":"","isLinked":true},"padding_mobile":{"unit":"%","top":"","right":"","bottom":"","left":"","isLinked":true}},"elements":[{"id":"358e2b79","settings":{"title":"SEO friendly","header_size":"span","typography_typography":"custom","typography_font_family":"Noto Sans Display","typography_font_size":{"unit":"em","size":1.6,"sizes":[]},"typography_font_size_tablet":{"unit":"em","size":"","sizes":[]},"typography_font_size_mobile":{"unit":"em","size":"","sizes":[]},"typography_font_weight":"800","title_color":"#0C0088","align":"center","text_shadow_text_shadow":{"horizontal":0,"vertical":0,"blur":34,"color":"#834DFF"},"_padding":{"unit":"%","top":"2","right":"2","bottom":"2","left":"2","isLinked":true},"_padding_tablet":{"unit":"%","top":"","right":"","bottom":"","left":"","isLinked":true},"_padding_mobile":{"unit":"%","top":"","right":"","bottom":"","left":"","isLinked":true},"_flex_align_self":"center","_element_width":"inherit"},"elements":[],"isInner":false,"widgetType":"heading","elType":"widget"}],"isInner":true,"elType":"container"},{"id":"628e6fe3","settings":{"content_width":"full","min_height":{"unit":"vh","size":40,"sizes":[]},"min_height_tablet":{"unit":"vh","size":"","sizes":[]},"min_height_mobile":{"unit":"vh","size":"","sizes":[]},"background_background":"classic","background_color":"#F4F4F5","border_border":"solid","border_width":{"unit":"px","top":"2","right":"2","bottom":"2","left":"2","isLinked":true},"border_color":"#FFFFFF","border_radius":{"unit":"px","top":"20","right":"20","bottom":"20","left":"20","isLinked":true},"box_shadow_box_shadow_type":"yes","box_shadow_box_shadow":{"horizontal":0,"vertical":15,"blur":32,"spread":0,"color":"rgba(0, 0, 0, 0.1)"},"padding":{"unit":"%","top":"5","right":"5","bottom":"5","left":"5","isLinked":true},"padding_tablet":{"unit":"%","top":"","right":"","bottom":"","left":"","isLinked":true},"padding_mobile":{"unit":"%","top":"","right":"","bottom":"","left":"","isLinked":true}},"elements":[{"id":"22fb3412","settings":{"title":"Google font","header_size":"span","typography_typography":"custom","typography_font_family":"Noto Sans Display","typography_font_size":{"unit":"em","size":1.6,"sizes":[]},"typography_font_size_tablet":{"unit":"em","size":"","sizes":[]},"typography_font_size_mobile":{"unit":"em","size":"","sizes":[]},"typography_font_weight":"800","title_color":"#0C0088","align":"center","text_shadow_text_shadow":{"horizontal":0,"vertical":0,"blur":34,"color":"#834DFF"},"_padding":{"unit":"%","top":"2","right":"2","bottom":"2","left":"2","isLinked":true},"_padding_tablet":{"unit":"%","top":"","right":"","bottom":"","left":"","isLinked":true},"_padding_mobile":{"unit":"%","top":"","right":"","bottom":"","left":"","isLinked":true},"_flex_align_self":"center","_element_width":"inherit"},"elements":[],"isInner":false,"widgetType":"heading","elType":"widget"}],"isInner":true,"elType":"container"},{"id":"390e77d9","settings":{"content_width":"full","min_height":{"unit":"vh","size":40,"sizes":[]},"min_height_tablet":{"unit":"vh","size":"","sizes":[]},"min_height_mobile":{"unit":"vh","size":"","sizes":[]},"background_background":"classic","background_color":"#F4F4F5","border_border":"solid","border_width":{"unit":"px","top":"2","right":"2","bottom":"2","left":"2","isLinked":true},"border_color":"#FFFFFF","border_radius":{"unit":"px","top":"20","right":"20","bottom":"20","left":"20","isLinked":true},"box_shadow_box_shadow_type":"yes","box_shadow_box_shadow":{"horizontal":0,"vertical":15,"blur":32,"spread":0,"color":"rgba(0, 0, 0, 0.1)"},"padding":{"unit":"%","top":"5","right":"5","bottom":"5","left":"5","isLinked":true},"padding_tablet":{"unit":"%","top":"","right":"","bottom":"","left":"","isLinked":true},"padding_mobile":{"unit":"%","top":"","right":"","bottom":"","left":"","isLinked":true}},"elements":[{"id":"7955d5b","settings":{"title":"Friendly support","header_size":"span","typography_typography":"custom","typography_font_family":"Noto Sans Display","typography_font_size":{"unit":"em","size":1.6,"sizes":[]},"typography_font_size_tablet":{"unit":"em","size":"","sizes":[]},"typography_font_size_mobile":{"unit":"em","size":"","sizes":[]},"typography_font_weight":"800","title_color":"#0C0088","align":"center","text_shadow_text_shadow":{"horizontal":0,"vertical":0,"blur":34,"color":"#834DFF"},"_padding":{"unit":"%","top":"2","right":"2","bottom":"2","left":"2","isLinked":true},"_padding_tablet":{"unit":"%","top":"","right":"","bottom":"","left":"","isLinked":true},"_padding_mobile":{"unit":"%","top":"","right":"","bottom":"","left":"","isLinked":true},"_flex_align_self":"center","_element_width":"inherit"},"elements":[],"isInner":false,"widgetType":"heading","elType":"widget"}],"isInner":true,"elType":"container"},{"id":"ccd3c3","settings":{"content_width":"full","min_height":{"unit":"vh","size":40,"sizes":[]},"min_height_tablet":{"unit":"vh","size":"","sizes":[]},"min_height_mobile":{"unit":"vh","size":"","sizes":[]},"background_background":"classic","background_color":"#F4F4F5","border_border":"solid","border_width":{"unit":"px","top":"2","right":"2","bottom":"2","left":"2","isLinked":true},"border_color":"#FFFFFF","border_radius":{"unit":"px","top":"20","right":"20","bottom":"20","left":"20","isLinked":true},"box_shadow_box_shadow_type":"yes","box_shadow_box_shadow":{"horizontal":0,"vertical":15,"blur":32,"spread":0,"color":"rgba(0, 0, 0, 0.1)"},"padding":{"unit":"%","top":"5","right":"5","bottom":"5","left":"5","isLinked":true},"padding_tablet":{"unit":"%","top":"","right":"","bottom":"","left":"","isLinked":true},"padding_mobile":{"unit":"%","top":"","right":"","bottom":"","left":"","isLinked":true}},"elements":[{"id":"33d6c2d4","settings":{"title":"Mega menu","header_size":"span","typography_typography":"custom","typography_font_family":"Noto Sans Display","typography_font_size":{"unit":"em","size":1.6,"sizes":[]},"typography_font_size_tablet":{"unit":"em","size":"","sizes":[]},"typography_font_size_mobile":{"unit":"em","size":"","sizes":[]},"typography_font_weight":"800","title_color":"#0C0088","align":"center","text_shadow_text_shadow":{"horizontal":0,"vertical":0,"blur":34,"color":"#834DFF"},"_padding":{"unit":"%","top":"2","right":"2","bottom":"2","left":"2","isLinked":true},"_padding_tablet":{"unit":"%","top":"","right":"","bottom":"","left":"","isLinked":true},"_padding_mobile":{"unit":"%","top":"","right":"","bottom":"","left":"","isLinked":true},"_flex_align_self":"center","_element_width":"inherit"},"elements":[],"isInner":false,"widgetType":"heading","elType":"widget"}],"isInner":true,"elType":"container"},{"id":"42d13d2e","settings":{"content_width":"full","min_height":{"unit":"vh","size":40,"sizes":[]},"min_height_tablet":{"unit":"vh","size":"","sizes":[]},"min_height_mobile":{"unit":"vh","size":"","sizes":[]},"background_background":"classic","background_color":"#F4F4F5","border_border":"solid","border_width":{"unit":"px","top":"2","right":"2","bottom":"2","left":"2","isLinked":true},"border_color":"#FFFFFF","border_radius":{"unit":"px","top":"20","right":"20","bottom":"20","left":"20","isLinked":true},"box_shadow_box_shadow_type":"yes","box_shadow_box_shadow":{"horizontal":0,"vertical":15,"blur":32,"spread":0,"color":"rgba(0, 0, 0, 0.1)"},"padding":{"unit":"%","top":"5","right":"5","bottom":"5","left":"5","isLinked":true},"padding_tablet":{"unit":"%","top":"","right":"","bottom":"","left":"","isLinked":true},"padding_mobile":{"unit":"%","top":"","right":"","bottom":"","left":"","isLinked":true}},"elements":[{"id":"50e3f102","settings":{"title":"White label","header_size":"span","typography_typography":"custom","typography_font_family":"Noto Sans Display","typography_font_size":{"unit":"em","size":1.6,"sizes":[]},"typography_font_size_tablet":{"unit":"em","size":"","sizes":[]},"typography_font_size_mobile":{"unit":"em","size":"","sizes":[]},"typography_font_weight":"800","title_color":"#0C0088","align":"center","text_shadow_text_shadow":{"horizontal":0,"vertical":0,"blur":34,"color":"#834DFF"},"_padding":{"unit":"%","top":"2","right":"2","bottom":"2","left":"2","isLinked":true},"_padding_tablet":{"unit":"%","top":"","right":"","bottom":"","left":"","isLinked":true},"_padding_mobile":{"unit":"%","top":"","right":"","bottom":"","left":"","isLinked":true},"_flex_align_self":"center","_element_width":"inherit"},"elements":[],"isInner":false,"widgetType":"heading","elType":"widget"}],"isInner":true,"elType":"container"},{"id":"1029be8b","settings":{"content_width":"full","min_height":{"unit":"vh","size":40,"sizes":[]},"min_height_tablet":{"unit":"vh","size":"","sizes":[]},"min_height_mobile":{"unit":"vh","size":"","sizes":[]},"background_background":"classic","background_color":"#F4F4F5","border_border":"solid","border_width":{"unit":"px","top":"2","right":"2","bottom":"2","left":"2","isLinked":true},"border_color":"#FFFFFF","border_radius":{"unit":"px","top":"20","right":"20","bottom":"20","left":"20","isLinked":true},"box_shadow_box_shadow_type":"yes","box_shadow_box_shadow":{"horizontal":0,"vertical":15,"blur":32,"spread":0,"color":"rgba(0, 0, 0, 0.1)"},"padding":{"unit":"%","top":"5","right":"5","bottom":"5","left":"5","isLinked":true},"padding_tablet":{"unit":"%","top":"","right":"","bottom":"","left":"","isLinked":true},"padding_mobile":{"unit":"%","top":"","right":"","bottom":"","left":"","isLinked":true}},"elements":[{"id":"32cde65","settings":{"title":"Header \/ footer\nSticky","header_size":"span","typography_typography":"custom","typography_font_family":"Noto Sans Display","typography_font_size":{"unit":"em","size":1.6,"sizes":[]},"typography_font_size_tablet":{"unit":"em","size":"","sizes":[]},"typography_font_size_mobile":{"unit":"em","size":"","sizes":[]},"typography_font_weight":"800","title_color":"#0C0088","align":"center","text_shadow_text_shadow":{"horizontal":0,"vertical":0,"blur":34,"color":"#834DFF"},"_padding":{"unit":"%","top":"2","right":"2","bottom":"2","left":"2","isLinked":true},"_padding_tablet":{"unit":"%","top":"","right":"","bottom":"","left":"","isLinked":true},"_padding_mobile":{"unit":"%","top":"","right":"","bottom":"","left":"","isLinked":true},"_flex_align_self":"center","_element_width":"inherit"},"elements":[],"isInner":false,"widgetType":"heading","elType":"widget"}],"isInner":true,"elType":"container"},{"id":"6ea53fc9","settings":{"content_width":"full","min_height":{"unit":"vh","size":40,"sizes":[]},"min_height_tablet":{"unit":"vh","size":"","sizes":[]},"min_height_mobile":{"unit":"vh","size":"","sizes":[]},"background_background":"classic","background_color":"#F4F4F5","border_border":"solid","border_width":{"unit":"px","top":"2","right":"2","bottom":"2","left":"2","isLinked":true},"border_color":"#FFFFFF","border_radius":{"unit":"px","top":"20","right":"20","bottom":"20","left":"20","isLinked":true},"box_shadow_box_shadow_type":"yes","box_shadow_box_shadow":{"horizontal":0,"vertical":15,"blur":32,"spread":0,"color":"rgba(0, 0, 0, 0.1)"},"padding":{"unit":"%","top":"5","right":"5","bottom":"5","left":"5","isLinked":true},"padding_tablet":{"unit":"%","top":"","right":"","bottom":"","left":"","isLinked":true},"padding_mobile":{"unit":"%","top":"","right":"","bottom":"","left":"","isLinked":true}},"elements":[{"id":"57e184b4","settings":{"title":"Translation & RTL","header_size":"span","typography_typography":"custom","typography_font_family":"Noto Sans Display","typography_font_size":{"unit":"em","size":1.6,"sizes":[]},"typography_font_size_tablet":{"unit":"em","size":"","sizes":[]},"typography_font_size_mobile":{"unit":"em","size":"","sizes":[]},"typography_font_weight":"800","title_color":"#0C0088","align":"center","text_shadow_text_shadow":{"horizontal":0,"vertical":0,"blur":34,"color":"#834DFF"},"_padding":{"unit":"%","top":"2","right":"2","bottom":"2","left":"2","isLinked":true},"_padding_tablet":{"unit":"%","top":"","right":"","bottom":"","left":"","isLinked":true},"_padding_mobile":{"unit":"%","top":"","right":"","bottom":"","left":"","isLinked":true},"_flex_align_self":"center","_element_width":"inherit"},"elements":[],"isInner":false,"widgetType":"heading","elType":"widget"}],"isInner":true,"elType":"container"},{"id":"40bdce47","settings":{"content_width":"full","min_height":{"unit":"vh","size":40,"sizes":[]},"min_height_tablet":{"unit":"vh","size":"","sizes":[]},"min_height_mobile":{"unit":"vh","size":"","sizes":[]},"background_background":"classic","background_color":"#F4F4F5","border_border":"solid","border_width":{"unit":"px","top":"2","right":"2","bottom":"2","left":"2","isLinked":true},"border_color":"#FFFFFF","border_radius":{"unit":"px","top":"20","right":"20","bottom":"20","left":"20","isLinked":true},"box_shadow_box_shadow_type":"yes","box_shadow_box_shadow":{"horizontal":0,"vertical":15,"blur":32,"spread":0,"color":"rgba(0, 0, 0, 0.1)"},"padding":{"unit":"%","top":"5","right":"5","bottom":"5","left":"5","isLinked":true},"padding_tablet":{"unit":"%","top":"","right":"","bottom":"","left":"","isLinked":true},"padding_mobile":{"unit":"%","top":"","right":"","bottom":"","left":"","isLinked":true}},"elements":[{"id":"45435e6","settings":{"title":"Plugin compatibility","header_size":"span","typography_typography":"custom","typography_font_family":"Noto Sans Display","typography_font_size":{"unit":"em","size":1.6,"sizes":[]},"typography_font_size_tablet":{"unit":"em","size":"","sizes":[]},"typography_font_size_mobile":{"unit":"em","size":"","sizes":[]},"typography_font_weight":"800","title_color":"#0C0088","align":"center","text_shadow_text_shadow":{"horizontal":0,"vertical":0,"blur":34,"color":"#834DFF"},"_padding":{"unit":"%","top":"2","right":"2","bottom":"2","left":"2","isLinked":true},"_padding_tablet":{"unit":"%","top":"","right":"","bottom":"","left":"","isLinked":true},"_padding_mobile":{"unit":"%","top":"","right":"","bottom":"","left":"","isLinked":true},"_flex_align_self":"center","_element_width":"inherit"},"elements":[],"isInner":false,"widgetType":"heading","elType":"widget"},{"id":"5d606eb","settings":{"icon_list":[{"text":"Elementor","selected_icon":{"value":"","library":""},"_id":"7cee890"},{"text":"WooCommerce","selected_icon":{"value":"","library":""},"_id":"316b0c6"},{"text":"WPML","selected_icon":{"value":"","library":""},"_id":"0ee1b35"},{"text":"Contact Forms","selected_icon":{"value":"","library":""},"_id":"0cb37a6"},{"text":"MailChimp","selected_icon":{"value":"","library":""},"_id":"8348810"},{"text":"SEO by Yoast","selected_icon":{"value":"","library":""},"_id":"2dccd14"},{"text":"Rankmath","selected_icon":{"value":"","library":""},"_id":"af987a0"},{"text":"Loco Translate","selected_icon":{"value":"","library":""},"_id":"812da40"},{"text":"All in one SEO pack","selected_icon":{"value":"","library":""},"_id":"bb4cd12"},{"text":"Gravity forms","selected_icon":{"value":"","library":""},"_id":"57cda8d"},{"text":"W3 Total Cache","selected_icon":{"value":"","library":""},"_id":"56eecb7"},{"text":"Ithemes security","selected_icon":{"value":"","library":""},"_id":"4eb2349"},{"text":"WP Super Cache","selected_icon":{"value":"","library":""},"_id":"cd65d3a"}],"icon_color":"#FFFFFF","__globals__":{"text_color":"globals\/colors?id=secondary"}},"elements":[],"isInner":false,"widgetType":"icon-list","elType":"widget"}],"isInner":true,"elType":"container"},{"id":"3510a831","settings":{"content_width":"full","min_height":{"unit":"vh","size":40,"sizes":[]},"min_height_tablet":{"unit":"vh","size":"","sizes":[]},"min_height_mobile":{"unit":"vh","size":"","sizes":[]},"background_background":"classic","background_color":"#F4F4F5","border_border":"solid","border_width":{"unit":"px","top":"2","right":"2","bottom":"2","left":"2","isLinked":true},"border_color":"#FFFFFF","border_radius":{"unit":"px","top":"20","right":"20","bottom":"20","left":"20","isLinked":true},"box_shadow_box_shadow_type":"yes","box_shadow_box_shadow":{"horizontal":0,"vertical":15,"blur":32,"spread":0,"color":"rgba(0, 0, 0, 0.1)"},"padding":{"unit":"%","top":"5","right":"5","bottom":"5","left":"5","isLinked":true},"padding_tablet":{"unit":"%","top":"","right":"","bottom":"","left":"","isLinked":true},"padding_mobile":{"unit":"%","top":"","right":"","bottom":"","left":"","isLinked":true}},"elements":[{"id":"e08c117","settings":{"title":"Woo-Commerce","header_size":"span","typography_typography":"custom","typography_font_family":"Noto Sans Display","typography_font_size":{"unit":"em","size":1.6,"sizes":[]},"typography_font_size_tablet":{"unit":"em","size":"","sizes":[]},"typography_font_size_mobile":{"unit":"em","size":"","sizes":[]},"typography_font_weight":"800","title_color":"#0C0088","align":"center","text_shadow_text_shadow":{"horizontal":0,"vertical":0,"blur":34,"color":"#834DFF"},"_padding":{"unit":"%","top":"2","right":"2","bottom":"2","left":"2","isLinked":true},"_padding_tablet":{"unit":"%","top":"","right":"","bottom":"","left":"","isLinked":true},"_padding_mobile":{"unit":"%","top":"","right":"","bottom":"","left":"","isLinked":true},"_flex_align_self":"center","_element_width":"inherit"},"elements":[],"isInner":false,"widgetType":"heading","elType":"widget"}],"isInner":true,"elType":"container"},{"id":"61274372","settings":{"content_width":"full","min_height":{"unit":"vh","size":40,"sizes":[]},"min_height_tablet":{"unit":"vh","size":"","sizes":[]},"min_height_mobile":{"unit":"vh","size":"","sizes":[]},"background_background":"classic","background_color":"#F4F4F5","border_border":"solid","border_width":{"unit":"px","top":"2","right":"2","bottom":"2","left":"2","isLinked":true},"border_color":"#FFFFFF","border_radius":{"unit":"px","top":"20","right":"20","bottom":"20","left":"20","isLinked":true},"box_shadow_box_shadow_type":"yes","box_shadow_box_shadow":{"horizontal":0,"vertical":15,"blur":32,"spread":0,"color":"rgba(0, 0, 0, 0.1)"},"padding":{"unit":"%","top":"5","right":"5","bottom":"5","left":"5","isLinked":true},"padding_tablet":{"unit":"%","top":"","right":"","bottom":"","left":"","isLinked":true},"padding_mobile":{"unit":"%","top":"","right":"","bottom":"","left":"","isLinked":true}},"elements":[{"id":"5b91df27","settings":{"title":"Woo-Commerce","header_size":"span","typography_typography":"custom","typography_font_family":"Noto Sans Display","typography_font_size":{"unit":"em","size":1.6,"sizes":[]},"typography_font_size_tablet":{"unit":"em","size":"","sizes":[]},"typography_font_size_mobile":{"unit":"em","size":"","sizes":[]},"typography_font_weight":"800","title_color":"#0C0088","align":"center","text_shadow_text_shadow":{"horizontal":0,"vertical":0,"blur":34,"color":"#834DFF"},"_padding":{"unit":"%","top":"2","right":"2","bottom":"2","left":"2","isLinked":true},"_padding_tablet":{"unit":"%","top":"","right":"","bottom":"","left":"","isLinked":true},"_padding_mobile":{"unit":"%","top":"","right":"","bottom":"","left":"","isLinked":true},"_flex_align_self":"center","_element_width":"inherit"},"elements":[],"isInner":false,"widgetType":"heading","elType":"widget"}],"isInner":true,"elType":"container"},{"id":"5358d774","settings":{"content_width":"full","min_height":{"unit":"vh","size":40,"sizes":[]},"min_height_tablet":{"unit":"vh","size":"","sizes":[]},"min_height_mobile":{"unit":"vh","size":"","sizes":[]},"background_background":"classic","background_color":"#F4F4F5","border_border":"solid","border_width":{"unit":"px","top":"2","right":"2","bottom":"2","left":"2","isLinked":true},"border_color":"#FFFFFF","border_radius":{"unit":"px","top":"20","right":"20","bottom":"20","left":"20","isLinked":true},"box_shadow_box_shadow_type":"yes","box_shadow_box_shadow":{"horizontal":0,"vertical":15,"blur":32,"spread":0,"color":"rgba(0, 0, 0, 0.1)"},"padding":{"unit":"%","top":"5","right":"5","bottom":"5","left":"5","isLinked":true},"padding_tablet":{"unit":"%","top":"","right":"","bottom":"","left":"","isLinked":true},"padding_mobile":{"unit":"%","top":"","right":"","bottom":"","left":"","isLinked":true}},"elements":[{"id":"2fd8f49f","settings":{"title":"Gsap","header_size":"span","typography_typography":"custom","typography_font_family":"Noto Sans Display","typography_font_size":{"unit":"em","size":1.6,"sizes":[]},"typography_font_size_tablet":{"unit":"em","size":"","sizes":[]},"typography_font_size_mobile":{"unit":"em","size":"","sizes":[]},"typography_font_weight":"800","title_color":"#0C0088","align":"center","text_shadow_text_shadow":{"horizontal":0,"vertical":0,"blur":34,"color":"#834DFF"},"_padding":{"unit":"%","top":"2","right":"2","bottom":"2","left":"2","isLinked":true},"_padding_tablet":{"unit":"%","top":"","right":"","bottom":"","left":"","isLinked":true},"_padding_mobile":{"unit":"%","top":"","right":"","bottom":"","left":"","isLinked":true},"_flex_align_self":"center","_element_width":"inherit"},"elements":[],"isInner":false,"widgetType":"heading","elType":"widget"},{"id":"7fbe1e52","settings":{"title":"Animation","header_size":"span","typography_typography":"custom","typography_font_family":"Noto Sans Display","typography_font_size":{"unit":"em","size":1.6,"sizes":[]},"typography_font_size_tablet":{"unit":"em","size":"","sizes":[]},"typography_font_size_mobile":{"unit":"em","size":"","sizes":[]},"typography_font_weight":"800","title_color":"#0C0088","align":"center","text_shadow_text_shadow":{"horizontal":0,"vertical":0,"blur":34,"color":"#834DFF"},"_padding":{"unit":"%","top":"2","right":"2","bottom":"2","left":"2","isLinked":true},"_padding_tablet":{"unit":"%","top":"","right":"","bottom":"","left":"","isLinked":true},"_padding_mobile":{"unit":"%","top":"","right":"","bottom":"","left":"","isLinked":true},"_flex_align_self":"center","_element_width":"inherit"},"elements":[],"isInner":false,"widgetType":"heading","elType":"widget"}],"isInner":true,"elType":"container"},{"id":"60c2fa4e","settings":{"content_width":"full","min_height":{"unit":"vh","size":40,"sizes":[]},"min_height_tablet":{"unit":"vh","size":"","sizes":[]},"min_height_mobile":{"unit":"vh","size":"","sizes":[]},"background_background":"classic","background_color":"#F4F4F5","border_border":"solid","border_width":{"unit":"px","top":"2","right":"2","bottom":"2","left":"2","isLinked":true},"border_color":"#FFFFFF","border_radius":{"unit":"px","top":"20","right":"20","bottom":"20","left":"20","isLinked":true},"box_shadow_box_shadow_type":"yes","box_shadow_box_shadow":{"horizontal":0,"vertical":15,"blur":32,"spread":0,"color":"rgba(0, 0, 0, 0.1)"},"padding":{"unit":"%","top":"5","right":"5","bottom":"5","left":"5","isLinked":true},"padding_tablet":{"unit":"%","top":"","right":"","bottom":"","left":"","isLinked":true},"padding_mobile":{"unit":"%","top":"","right":"","bottom":"","left":"","isLinked":true}},"elements":[{"id":"213ba68e","settings":{"title":"UiChemy - Convert Figma to Gutenberg Block Editor ( WordPress )","header_size":"span","typography_typography":"custom","typography_font_family":"Noto Sans Display","typography_font_size":{"unit":"em","size":1.6,"sizes":[]},"typography_font_size_tablet":{"unit":"em","size":"","sizes":[]},"typography_font_size_mobile":{"unit":"em","size":"","sizes":[]},"typography_font_weight":"800","title_color":"#0C0088","align":"center","text_shadow_text_shadow":{"horizontal":0,"vertical":0,"blur":34,"color":"#834DFF"},"_padding":{"unit":"%","top":"2","right":"2","bottom":"2","left":"2","isLinked":true},"_padding_tablet":{"unit":"%","top":"","right":"","bottom":"","left":"","isLinked":true},"_padding_mobile":{"unit":"%","top":"","right":"","bottom":"","left":"","isLinked":true},"_flex_align_self":"center","_element_width":"inherit"},"elements":[],"isInner":false,"widgetType":"heading","elType":"widget"}],"isInner":true,"elType":"container"}],"isInner":false,"elType":"container"},{"id":"7112d1ec","settings":{"flex_direction":"column","boxed_width":{"unit":"px","size":1280,"sizes":[]},"background_background":"classic","background_color":"#FFFFFF","background_overlay_background":"classic","background_overlay_color":"#FFFFFF","background_overlay_color_b":"#5C4CFC","background_overlay_color_b_stop":{"unit":"%","size":95,"sizes":[]},"background_overlay_gradient_type":"radial","background_overlay_opacity":{"unit":"px","size":1,"sizes":[]},"padding":{"unit":"%","top":"5","right":"5","bottom":"5","left":"5","isLinked":true},"padding_tablet":{"unit":"%","top":"","right":"","bottom":"","left":"","isLinked":true},"padding_mobile":{"unit":"%","top":"","right":"","bottom":"","left":"","isLinked":true}},"elements":[{"id":"ba78c61","settings":{"content_width":"full","min_height":{"unit":"vh","size":72,"sizes":[]},"min_height_tablet":{"unit":"vh","size":"","sizes":[]},"min_height_mobile":{"unit":"vh","size":"","sizes":[]},"flex_direction":"column","background_background":"classic","background_color":"#0C0088","background_image":{"url":"https:\/\/limitless.dev.ananass.fr\/wp-content\/uploads\/2025\/07\/logo-limitless-white-1.png","id":222,"size":"","alt":"","source":"library"},"background_position":"bottom right","background_repeat":"no-repeat","background_size":"auto","border_radius":{"unit":"px","top":"20","right":"20","bottom":"20","left":"20","isLinked":true},"box_shadow_box_shadow_type":"yes","margin":{"unit":"%","top":"5","right":"0","bottom":"0","left":"0","isLinked":false},"margin_tablet":{"unit":"%","top":"","right":"","bottom":"","left":"","isLinked":true},"margin_mobile":{"unit":"%","top":"","right":"","bottom":"","left":"","isLinked":true},"padding":{"unit":"%","top":"10","right":"10","bottom":"10","left":"10","isLinked":true},"padding_tablet":{"unit":"%","top":"","right":"","bottom":"","left":"","isLinked":true},"padding_mobile":{"unit":"%","top":"","right":"","bottom":"","left":"","isLinked":true},"motion_fx_motion_fx_mouse":"yes","motion_fx_tilt_effect":"yes","motion_fx_tilt_speed":{"unit":"px","size":0.2,"sizes":[]},"background_bg_width":{"unit":"%","size":77,"sizes":[]},"background_overlay_background":"gradient","background_overlay_color":"#386BFF00","background_overlay_color_b":"#0048FF","background_overlay_color_b_stop":{"unit":"%","size":99,"sizes":[]},"background_overlay_opacity":{"unit":"px","size":1,"sizes":[]}},"elements":[{"id":"24a825e5","settings":{"selected_icon":{"value":"fab fa-wordpress-simple","library":"fa-brands"},"view":"stacked","shape":"rounded","primary_color":"#8744DA","size":{"unit":"px","size":59,"sizes":[]},"_flex_align_self":"flex-start","align":"","_element_width":"initial","_element_custom_width":{"unit":"%","size":9,"sizes":[]},"_position":"absolute","_offset_orientation_h":"end","_offset_x_end":{"unit":"%","size":-3,"sizes":[]},"_offset_x_end_tablet":{"unit":"%","size":"","sizes":[]},"_offset_x_end_mobile":{"unit":"%","size":"","sizes":[]},"_offset_y":{"unit":"%","size":30,"sizes":[]},"_offset_y_tablet":{"unit":"%","size":"","sizes":[]},"_offset_y_mobile":{"unit":"%","size":"","sizes":[]},"_transform_rotate_popover":"transform","_transform_rotateZ_effect":{"unit":"px","size":-30,"sizes":[]}},"elements":[],"isInner":false,"widgetType":"icon","elType":"widget"},{"id":"195632ad","settings":{"image":{"url":"https:\/\/limitless.dev.ananass.fr\/wp-content\/uploads\/2025\/07\/LIMITLESS-4-purple-white.png","id":126,"size":"","alt":"","source":"library"},"image_size":"full","width":{"unit":"%","size":100,"sizes":[]},"_element_width":"initial","_element_custom_width":{"unit":"%","size":10,"sizes":[]},"_flex_align_self":"flex-start","_position":"absolute","_offset_x":{"size":-5,"unit":"%"},"_offset_x_tablet":{"unit":"%","size":"","sizes":[]},"_offset_x_mobile":{"unit":"%","size":"","sizes":[]},"_offset_x_end":{"unit":"%","size":10,"sizes":[]},"_offset_x_end_tablet":{"unit":"%","size":"","sizes":[]},"_offset_x_end_mobile":{"unit":"%","size":"","sizes":[]},"_offset_y":{"size":39,"unit":"%"},"_offset_y_tablet":{"unit":"%","size":"","sizes":[]},"_offset_y_mobile":{"unit":"%","size":"","sizes":[]},"_transform_rotate_popover":"transform","_transform_rotateZ_effect":{"unit":"px","size":20,"sizes":[]}},"elements":[],"isInner":false,"widgetType":"image","elType":"widget"},{"id":"5d0223fa","settings":{"selected_icon":{"value":"fab fa-elementor","library":"fa-brands"},"view":"stacked","shape":"rounded","primary_color":"#2872f7","size":{"unit":"px","size":59,"sizes":[]},"_flex_align_self":"flex-start","align":"","_element_width":"initial","_element_custom_width":{"unit":"%","size":9,"sizes":[]},"_position":"absolute","_offset_x":{"unit":"%","size":-6,"sizes":[]},"_offset_x_tablet":{"unit":"%","size":"","sizes":[]},"_offset_x_mobile":{"unit":"%","size":"","sizes":[]},"_offset_x_end":{"unit":"%","size":-3,"sizes":[]},"_offset_x_end_tablet":{"unit":"%","size":"","sizes":[]},"_offset_x_end_mobile":{"unit":"%","size":"","sizes":[]},"_offset_orientation_v":"end","_offset_y":{"unit":"%","size":30,"sizes":[]},"_offset_y_tablet":{"unit":"%","size":"","sizes":[]},"_offset_y_mobile":{"unit":"%","size":"","sizes":[]},"_offset_y_end":{"unit":"%","size":10,"sizes":[]},"_offset_y_end_tablet":{"unit":"%","size":"","sizes":[]},"_offset_y_end_mobile":{"unit":"%","size":"","sizes":[]},"_transform_rotate_popover":"transform","_transform_rotateZ_effect":{"unit":"px","size":-30,"sizes":[]}},"elements":[],"isInner":false,"widgetType":"icon","elType":"widget"},{"id":"353d4c48","settings":{"title":"Ready design","header_size":"span","typography_typography":"custom","typography_font_family":"Noto Sans Display","typography_font_size":{"unit":"em","size":2.5,"sizes":[]},"typography_font_size_tablet":{"unit":"em","size":"","sizes":[]},"typography_font_size_mobile":{"unit":"em","size":"","sizes":[]},"typography_font_weight":"600","title_color":"#FFFFFF","align":"left","typography_text_transform":"uppercase","text_shadow_text_shadow":{"horizontal":0,"vertical":0,"blur":34,"color":"#834DFF"},"_padding":{"unit":"%","top":"2","right":"2","bottom":"2","left":"2","isLinked":true},"_padding_tablet":{"unit":"%","top":"","right":"","bottom":"","left":"","isLinked":true},"_padding_mobile":{"unit":"%","top":"","right":"","bottom":"","left":"","isLinked":true},"_flex_align_self":"flex-start"},"elements":[],"isInner":false,"widgetType":"heading","elType":"widget"},{"id":"48769985","settings":{"editor":"<p>Lorem Ipsum is simply dummy text of the printing and typesetting industry. Lorem Ipsum has been the industry's standard dummy text ever since the 1500s, when an unknown printer took a galley of type and scrambled it to make a type specimen book. It has survived not only five centuries, but also the leap into electronic typesetting, remaining essentially unchanged.<\/p>","align":"left","_element_width":"initial","text_color":"#FFFFFF","_element_custom_width":{"unit":"%","size":52,"sizes":[]},"_flex_align_self":"flex-start","custom_css":"selector p{\n    color: white;\n}","__globals__":{"text_color":"globals\/colors?id=primary"}},"elements":[],"isInner":false,"widgetType":"text-editor","elType":"widget"},{"id":"731cdf96","settings":{"text":"Get now","typography_typography":"custom","typography_font_family":"Roboto","typography_font_weight":"600","typography_text_transform":"uppercase","border_radius":{"unit":"px","top":"8","right":"8","bottom":"8","left":"8","isLinked":true},"text_padding":{"unit":"px","top":"20","right":"35","bottom":"20","left":"35","isLinked":false},"_element_custom_width":{"unit":"%","size":20,"sizes":[]},"__globals__":{"background_color":"globals\/colors?id=74c9197","button_text_color":"globals\/colors?id=dc89b6f"}},"elements":[],"isInner":false,"widgetType":"button","elType":"widget"},{"id":"2b15d6a3","settings":{"text":"Live demo","typography_typography":"custom","typography_font_family":"Roboto","typography_font_weight":"600","typography_text_transform":"uppercase","border_radius":{"unit":"px","top":"8","right":"8","bottom":"8","left":"8","isLinked":true},"text_padding":{"unit":"px","top":"20","right":"35","bottom":"20","left":"35","isLinked":false},"_element_custom_width":{"unit":"%","size":20,"sizes":[]},"__globals__":{"button_text_color":"globals\/colors?id=74c9197","background_color":"globals\/colors?id=dc89b6f"}},"elements":[],"isInner":false,"widgetType":"button","elType":"widget"}],"isInner":true,"elType":"container"},{"id":"d1ed960","settings":{"boxed_width":{"unit":"px","size":1280,"sizes":[]},"min_height":{"unit":"vh","size":72,"sizes":[]},"min_height_tablet":{"unit":"vh","size":"","sizes":[]},"min_height_mobile":{"unit":"vh","size":"","sizes":[]},"flex_direction":"row","flex_justify_content":"center","flex_align_items":"center","flex_wrap":"wrap","background_color":"#0C0088","background_image":{"url":"","id":"","size":"","alt":"","source":"library"},"background_position":"center center","background_repeat":"no-repeat","background_size":"auto","border_border":"none","margin":{"unit":"%","top":"0","right":"0","bottom":"0","left":"0","isLinked":false},"margin_tablet":{"unit":"%","top":"","right":"","bottom":"","left":"","isLinked":true},"margin_mobile":{"unit":"%","top":"","right":"","bottom":"","left":"","isLinked":true},"padding":{"unit":"%","top":"10","right":"10","bottom":"10","left":"10","isLinked":true},"padding_tablet":{"unit":"%","top":"","right":"","bottom":"","left":"","isLinked":true},"padding_mobile":{"unit":"%","top":"","right":"","bottom":"","left":"","isLinked":true},"motion_fx_tilt_speed":{"unit":"px","size":0.2,"sizes":[]}},"elements":[{"id":"6b6a4215","settings":{"title":"Choose a templates","header_size":"span","typography_typography":"custom","typography_font_family":"Noto Sans Display","typography_font_size":{"unit":"em","size":4,"sizes":[]},"typography_font_size_tablet":{"unit":"em","size":"","sizes":[]},"typography_font_size_mobile":{"unit":"em","size":"","sizes":[]},"typography_font_weight":"600","align":"center","typography_text_transform":"uppercase","text_shadow_text_shadow":{"horizontal":0,"vertical":0,"blur":34,"color":"#834DFF"},"_padding":{"unit":"%","top":"2","right":"2","bottom":"2","left":"2","isLinked":true},"_padding_tablet":{"unit":"%","top":"","right":"","bottom":"","left":"","isLinked":true},"_padding_mobile":{"unit":"%","top":"","right":"","bottom":"","left":"","isLinked":true},"_element_width":"inherit","_flex_align_self":"center","__globals__":{"title_color":"globals\/colors?id=primary"}},"elements":[],"isInner":false,"widgetType":"heading","elType":"widget"},{"id":"1f33f4f8","settings":{"editor":"Lorem Ipsum is simply dummy text of the printing and typesetting industry. Lorem Ipsum has been the industry's standard dummy text ever since the 1500s, when an unknown printer took a galley of type and scrambled it to make a type specimen book. It has survived not only five centuries, but also the leap into electronic typesetting, remaining essentially unchanged.","align":"center","_element_width":"inherit"},"elements":[],"isInner":false,"widgetType":"text-editor","elType":"widget"},{"id":"60654474","settings":{"editor":"<p>It is a long established fact that a reader will be distracted by the readable content of a page when looking at its layout.<\/p>","align":"center","_element_width":"inherit"},"elements":[],"isInner":false,"widgetType":"text-editor","elType":"widget"},{"id":"3d2681cf","settings":{"text":"Get now","typography_typography":"custom","typography_font_family":"Roboto","typography_font_weight":"600","typography_text_transform":"uppercase","border_radius":{"unit":"px","top":"8","right":"8","bottom":"8","left":"8","isLinked":true},"text_padding":{"unit":"px","top":"20","right":"35","bottom":"20","left":"35","isLinked":false},"_element_custom_width":{"unit":"%","size":20,"sizes":[]},"__globals__":{"background_color":"globals\/colors?id=74c9197","button_text_color":"globals\/colors?id=dc89b6f"}},"elements":[],"isInner":false,"widgetType":"button","elType":"widget"}],"isInner":true,"elType":"container"},{"id":"4ef7f2d8","settings":{"image":{"url":"https:\/\/limitless.dev.ananass.fr\/wp-content\/uploads\/2025\/07\/LIMITLESS-4-purple-white.png","id":126,"size":"","alt":"","source":"library"},"image_size":"full","width":{"unit":"%","size":100,"sizes":[]},"_element_width":"initial","_element_custom_width":{"unit":"%","size":9,"sizes":[]},"_flex_align_self":"flex-start","_position":"absolute","_offset_orientation_h":"end","_offset_x_end":{"unit":"%","size":-5,"sizes":[]},"_offset_x_end_tablet":{"unit":"%","size":"","sizes":[]},"_offset_x_end_mobile":{"unit":"%","size":"","sizes":[]},"_offset_y":{"unit":"%","size":35,"sizes":[]},"_offset_y_tablet":{"unit":"%","size":"","sizes":[]},"_offset_y_mobile":{"unit":"%","size":"","sizes":[]},"_transform_rotate_popover":"transform","_transform_rotateZ_effect":{"unit":"px","size":-30,"sizes":[]}},"elements":[],"isInner":false,"widgetType":"image","elType":"widget"}],"isInner":false,"elType":"container"},{"id":"17b9ccbd","settings":{"flex_direction":"row","boxed_width":{"unit":"px","size":1440,"sizes":[]},"background_background":"classic","background_color":"#FFFFFF","background_overlay_background":"gradient","background_overlay_color":"#5c4cfc","background_overlay_color_b":"#FFFFFF","background_overlay_gradient_position":"bottom left","background_overlay_opacity":{"unit":"px","size":1,"sizes":[]},"padding":{"unit":"%","top":"5","right":"5","bottom":"5","left":"5","isLinked":true},"padding_tablet":{"unit":"%","top":"","right":"","bottom":"","left":"","isLinked":true},"padding_mobile":{"unit":"%","top":"","right":"","bottom":"","left":"","isLinked":true},"background_overlay_color_stop":{"unit":"%","size":30,"sizes":[]},"background_overlay_gradient_angle":{"unit":"deg","size":360,"sizes":[]},"min_height":{"unit":"vh","size":72,"sizes":[]},"min_height_tablet":{"unit":"vh","size":"","sizes":[]},"min_height_mobile":{"unit":"vh","size":"","sizes":[]}},"elements":[],"isInner":false,"elType":"container"}],"settings":{"template":"elementor_header_footer","hide_title":"yes"},"metadata":[]}