{"content":[{"id":"7dd0b0cd","settings":{"flex_direction":"column","flex_align_items":"center"},"elements":[{"id":"7cd6fc57","settings":{"title":"Add Your Heading Text Here","__globals__":{"title_color":"globals\/colors?id=text"}},"elements":[],"isInner":false,"widgetType":"heading","elType":"widget"},{"id":"6ed10305","settings":{"text":"Click here","__globals__":{"background_color":"globals\/colors?id=primary","button_text_color":"globals\/colors?id=text"}},"elements":[],"isInner":false,"widgetType":"button","elType":"widget"}],"isInner":false,"elType":"container"}],"settings":{"template":"default"},"metadata":[]}