{"content":[{"id":"7e36ba33","settings":{"flex_direction":"column","flex_align_items":"center"},"elements":[{"id":"425dac2b","settings":{"title":"Add Your Heading Text Here","__globals__":{"title_color":"globals\/colors?id=text"}},"elements":[],"isInner":false,"widgetType":"heading","elType":"widget"},{"id":"6fb726fc","settings":{"text":"Click here","__globals__":{"background_color":"globals\/colors?id=primary","button_text_color":"globals\/colors?id=text"}},"elements":[],"isInner":false,"widgetType":"button","elType":"widget"}],"isInner":false,"elType":"container"}],"settings":{"template":"default"},"metadata":[]}