{"content":[{"id":"30588d54","settings":{"layout":"full_width","gap":"no","height":"min-height","column_position":"stretch","background_background":"classic","background_image":{"id":"13","url":"https:\/\/limitless.dev.ananass.fr\/wp-content\/uploads\/2025\/08\/Ferryman_elementor_kit_plumber_ananass-6-2-1-1.jpg"},"background_overlay_background":"gradient","background_overlay_color_b":"#FEFFFD","background_overlay_opacity":{"unit":"px","size":1,"sizes":[]},"padding":{"unit":"%","top":"","right":"","bottom":"","left":"","isLinked":true},"padding_tablet":{"unit":"%","top":"","right":"","bottom":"","left":"","isLinked":true},"padding_mobile":{"unit":"%","top":"","right":"","bottom":"","left":"","isLinked":true},"__globals__":{"background_overlay_color_b":"globals\/colors?id=571c1bb","background_overlay_color":""},"_title":"Title","custom_height":{"unit":"px","size":500,"sizes":[]},"background_position":"bottom center","background_attachment":"fixed","background_repeat":"no-repeat","background_size":"cover","background_overlay_color":"#FEFFFD7D","background_video_fallback":{"url":"","id":""},"background_hover_image":{"url":"","id":""},"background_hover_video_fallback":{"url":"","id":""},"background_overlay_image":{"url":"","id":""},"background_overlay_video_fallback":{"url":"","id":""},"background_overlay_hover_image":{"url":"","id":""},"background_overlay_hover_video_fallback":{"url":"","id":""}},"elements":[{"id":"2bd91fcb","settings":{"_column_size":100,"_inline_size":null,"content_position":"center","padding_mobile":{"unit":"px","top":"35","right":"35","bottom":"35","left":"35","isLinked":true},"__globals__":[],"background_image":{"url":"","id":""},"background_video_fallback":{"url":"","id":""},"background_hover_image":{"url":"","id":""},"background_hover_video_fallback":{"url":"","id":""},"background_overlay_image":{"url":"","id":""},"background_overlay_video_fallback":{"url":"","id":""},"background_overlay_hover_image":{"url":"","id":""},"background_overlay_hover_video_fallback":{"url":"","id":""}},"elements":[{"id":"3383562d","settings":{"__dynamic__":{"title":"[elementor-tag id=\"\" name=\"page-title\" settings=\"%7B%22include_context%22%3A%22%22%2C%22show_home_title%22%3A%22%22%2C%22before%22%3A%22%22%2C%22after%22%3A%22%22%2C%22fallback%22%3A%22%22%7D\"]","link":"[elementor-tag id=\"90683ac\" name=\"internal-url\" settings=\"%7B%22type%22%3A%22post%22%2C%22post_id%22%3A129%2C%22taxonomy_id%22%3A%22%22%2C%22attachment_id%22%3A%22%22%2C%22author_id%22%3A%22%22%7D\"]"},"title":"Add Your Heading Text Here","header_size":"span","align":"center","__globals__":{"title_color":"globals\/colors?id=text","typography_typography":"globals\/typography?id=primary"},"_background_image":{"url":"","id":""},"_background_video_fallback":{"url":"","id":""},"_background_hover_image":{"url":"","id":""},"_background_hover_video_fallback":{"url":"","id":""},"_mask_image":{"url":"","id":""}},"elements":[],"isInner":false,"widgetType":"theme-page-title","elType":"widget"},{"id":"4d1af41e","settings":{"title":"What we do","align":"center","__globals__":{"typography_typography":"globals\/typography?id=secondary","title_color":"globals\/colors?id=text"},"_padding":{"unit":"px","top":"25","right":"0","bottom":"25","left":"0","isLinked":false},"title_color":"#3D4573","link":{"url":"","is_external":"","nofollow":"","custom_attributes":"aria-label|Ki elementor for plumbing experts"},"header_size":"h1","_background_image":{"url":"","id":""},"_background_video_fallback":{"url":"","id":""},"_background_hover_image":{"url":"","id":""},"_background_hover_video_fallback":{"url":"","id":""},"_mask_image":{"url":"","id":""}},"elements":[],"isInner":false,"widgetType":"heading","elType":"widget"}],"isInner":false,"elType":"column"}],"isInner":false,"elType":"section"},{"id":"4b32608f","settings":{"padding":{"unit":"px","top":"90","right":"90","bottom":"90","left":"90","isLinked":true},"_title":"project","background_image":{"url":"","id":""},"background_video_fallback":{"url":"","id":""},"background_hover_image":{"url":"","id":""},"background_hover_video_fallback":{"url":"","id":""},"background_overlay_image":{"url":"","id":""},"background_overlay_video_fallback":{"url":"","id":""},"background_overlay_hover_image":{"url":"","id":""},"background_overlay_hover_video_fallback":{"url":"","id":""},"padding_tablet":{"unit":"%","top":"5","right":"5","bottom":"5","left":"5","isLinked":true},"padding_mobile":{"unit":"%","top":"","right":"","bottom":"","left":"","isLinked":true}},"elements":[{"id":"28191908","settings":{"_column_size":100,"background_image":{"url":"","id":""},"background_video_fallback":{"url":"","id":""},"background_hover_image":{"url":"","id":""},"background_hover_video_fallback":{"url":"","id":""},"background_overlay_image":{"url":"","id":""},"background_overlay_video_fallback":{"url":"","id":""},"background_overlay_hover_image":{"url":"","id":""},"background_overlay_hover_video_fallback":{"url":"","id":""}},"elements":[{"id":"d15cc7","settings":{"carousel":[{"id":41,"url":"https:\/\/limitless.dev.ananass.fr\/wp-content\/uploads\/2025\/08\/Ferryman_elementor_kit_plumber_ananass-18-1-1-1.jpg"},{"id":42,"url":"https:\/\/limitless.dev.ananass.fr\/wp-content\/uploads\/2025\/08\/Ferryman_elementor_kit_plumber_ananass-17-1-1-1.jpg"}],"thumbnail_size":"custom","thumbnail_custom_dimension":{"width":"900","height":"450"},"slides_to_show":"1","image_stretch":"yes","navigation":"arrows","effect":"fade","image_border_radius":{"unit":"px","top":"5","right":"5","bottom":"5","left":"5","isLinked":true},"_box_shadow_box_shadow":{"horizontal":0,"vertical":16.29,"blur":35,"spread":0,"color":"rgba(0, 0, 0, 0.14)"},"_box_shadow_box_shadow_position":"inset","_background_image":{"url":"","id":""},"_background_video_fallback":{"url":"","id":""},"_background_hover_image":{"url":"","id":""},"_background_hover_video_fallback":{"url":"","id":""},"_mask_image":{"url":"","id":""}},"elements":[],"isInner":false,"widgetType":"image-carousel","elType":"widget"},{"id":"3cb927ed","settings":{"structure":"20","background_image":{"url":"","id":""},"background_video_fallback":{"url":"","id":""},"background_hover_image":{"url":"","id":""},"background_hover_video_fallback":{"url":"","id":""},"background_overlay_image":{"url":"","id":""},"background_overlay_video_fallback":{"url":"","id":""},"background_overlay_hover_image":{"url":"","id":""},"background_overlay_hover_video_fallback":{"url":"","id":""}},"elements":[{"id":"1c40ddab","settings":{"_column_size":50,"_inline_size":null,"padding":{"unit":"px","top":"35","right":"35","bottom":"35","left":"35","isLinked":true},"background_image":{"url":"","id":""},"background_video_fallback":{"url":"","id":""},"background_hover_image":{"url":"","id":""},"background_hover_video_fallback":{"url":"","id":""},"background_overlay_image":{"url":"","id":""},"background_overlay_video_fallback":{"url":"","id":""},"background_overlay_hover_image":{"url":"","id":""},"background_overlay_hover_video_fallback":{"url":"","id":""}},"elements":[{"id":"67437f70","settings":{"title":"Project Overview\n","align":"left","__globals__":{"typography_typography":"globals\/typography?id=secondary","title_color":"globals\/colors?id=text"},"_padding":{"unit":"px","top":"25","right":"0","bottom":"25","left":"0","isLinked":false},"link":{"url":"","is_external":"","nofollow":"","custom_attributes":"aria-label|We believe you deserve a quality service"},"_background_image":{"url":"","id":""},"_background_video_fallback":{"url":"","id":""},"_background_hover_image":{"url":"","id":""},"_background_hover_video_fallback":{"url":"","id":""},"_mask_image":{"url":"","id":""}},"elements":[],"isInner":false,"widgetType":"heading","elType":"widget"},{"id":"45f233e6","settings":{"editor":"<!-- wp:paragraph -->\n<p>Lorem Ipsum is simply dummy text of the printing and typesetting industry. Lorem Ipsum has been the industry\u2019s standard dummy text ever since the 1500s, when an unknown printer took a galley of type and scrambled it to make a type specimen book. but also the leap into electronic typesetting, remaining essentially unchanged.<\/p>\n<!-- \/wp:paragraph -->","text_columns":"1","_background_image":{"url":"","id":""},"_background_video_fallback":{"url":"","id":""},"_background_hover_image":{"url":"","id":""},"_background_hover_video_fallback":{"url":"","id":""},"_mask_image":{"url":"","id":""}},"elements":[],"isInner":false,"widgetType":"text-editor","elType":"widget"},{"id":"240a76ce","settings":{"title":"A quality service","align":"left","__globals__":{"typography_typography":"globals\/typography?id=secondary","title_color":"globals\/colors?id=text"},"_padding":{"unit":"px","top":"25","right":"0","bottom":"25","left":"0","isLinked":false},"link":{"url":"","is_external":"","nofollow":"","custom_attributes":"aria-label|We believe you deserve a quality service"},"header_size":"h3","_background_image":{"url":"","id":""},"_background_video_fallback":{"url":"","id":""},"_background_hover_image":{"url":"","id":""},"_background_hover_video_fallback":{"url":"","id":""},"_mask_image":{"url":"","id":""}},"elements":[],"isInner":false,"widgetType":"heading","elType":"widget"},{"id":"790e9005","settings":{"editor":"<!-- wp:paragraph -->\n<p>Lorem Ipsum is simply dummy text of the printing and typesetting industry. Lorem Ipsum has been the industry\u2019s standard dummy text ever since the 1500s, when an unknown printer took a galley of type and scrambled it to make a type specimen book. but also the leap into electronic typesetting, remaining essentially unchanged.<\/p>\n<!-- \/wp:paragraph -->","text_columns":"1","_background_image":{"url":"","id":""},"_background_video_fallback":{"url":"","id":""},"_background_hover_image":{"url":"","id":""},"_background_hover_video_fallback":{"url":"","id":""},"_mask_image":{"url":"","id":""}},"elements":[],"isInner":false,"widgetType":"text-editor","elType":"widget"}],"isInner":true,"elType":"column"},{"id":"9a6ce1d","settings":{"_column_size":50,"_inline_size":null,"padding":{"unit":"px","top":"35","right":"35","bottom":"35","left":"35","isLinked":true},"background_image":{"url":"","id":""},"background_video_fallback":{"url":"","id":""},"background_hover_image":{"url":"","id":""},"background_hover_video_fallback":{"url":"","id":""},"background_overlay_image":{"url":"","id":""},"background_overlay_video_fallback":{"url":"","id":""},"background_overlay_hover_image":{"url":"","id":""},"background_overlay_hover_video_fallback":{"url":"","id":""}},"elements":[{"id":"7504739","settings":{"title":"A quality service","align":"left","__globals__":{"typography_typography":"globals\/typography?id=secondary","title_color":"globals\/colors?id=text"},"_padding":{"unit":"px","top":"25","right":"0","bottom":"25","left":"0","isLinked":false},"link":{"url":"","is_external":"","nofollow":"","custom_attributes":"aria-label|We believe you deserve a quality service"},"header_size":"h3","_background_image":{"url":"","id":""},"_background_video_fallback":{"url":"","id":""},"_background_hover_image":{"url":"","id":""},"_background_hover_video_fallback":{"url":"","id":""},"_mask_image":{"url":"","id":""}},"elements":[],"isInner":false,"widgetType":"heading","elType":"widget"},{"id":"40aae6fb","settings":{"editor":"<!-- wp:paragraph -->\n<p>Lorem Ipsum is simply dummy text of the printing and typesetting industry. Lorem Ipsum has been the industry\u2019s standard dummy text ever since the 1500s, when an unknown printer took a galley of type and scrambled it to make a type specimen book. but also the leap into electronic typesetting, remaining essentially unchanged.<\/p>\n<!-- \/wp:paragraph -->","text_columns":"1","_background_image":{"url":"","id":""},"_background_video_fallback":{"url":"","id":""},"_background_hover_image":{"url":"","id":""},"_background_hover_video_fallback":{"url":"","id":""},"_mask_image":{"url":"","id":""}},"elements":[],"isInner":false,"widgetType":"text-editor","elType":"widget"},{"id":"2610c230","settings":{"title":"A quality service","align":"left","__globals__":{"typography_typography":"globals\/typography?id=secondary","title_color":"globals\/colors?id=text"},"_padding":{"unit":"px","top":"25","right":"0","bottom":"25","left":"0","isLinked":false},"link":{"url":"","is_external":"","nofollow":"","custom_attributes":"aria-label|We believe you deserve a quality service"},"header_size":"h3","_background_image":{"url":"","id":""},"_background_video_fallback":{"url":"","id":""},"_background_hover_image":{"url":"","id":""},"_background_hover_video_fallback":{"url":"","id":""},"_mask_image":{"url":"","id":""}},"elements":[],"isInner":false,"widgetType":"heading","elType":"widget"},{"id":"450fd678","settings":{"editor":"<!-- wp:paragraph -->\n<p>Lorem Ipsum is simply dummy text of the printing and typesetting industry. Lorem Ipsum has been the industry\u2019s standard dummy text ever since the 1500s, when an unknown printer took a galley of type and scrambled it to make a type specimen book. but also the leap into electronic typesetting, remaining essentially unchanged.<\/p>\n<!-- \/wp:paragraph -->","text_columns":"1","_background_image":{"url":"","id":""},"_background_video_fallback":{"url":"","id":""},"_background_hover_image":{"url":"","id":""},"_background_hover_video_fallback":{"url":"","id":""},"_mask_image":{"url":"","id":""}},"elements":[],"isInner":false,"widgetType":"text-editor","elType":"widget"}],"isInner":true,"elType":"column"}],"isInner":true,"elType":"section"}],"isInner":false,"elType":"column"}],"isInner":false,"elType":"section"},{"id":"7728e88a","settings":{"layout":"full_width","structure":"20","_title":"Ind\/ pro","margin":{"unit":"px","top":"0","right":0,"bottom":"0","left":0,"isLinked":false},"__globals__":{"background_color":"globals\/colors?id=571c1bb"},"background_image":{"url":"","id":""},"background_video_fallback":{"url":"","id":""},"background_hover_image":{"url":"","id":""},"background_hover_video_fallback":{"url":"","id":""},"background_overlay_image":{"url":"","id":""},"background_overlay_video_fallback":{"url":"","id":""},"background_overlay_hover_image":{"url":"","id":""},"background_overlay_hover_video_fallback":{"url":"","id":""}},"elements":[{"id":"1211e058","settings":{"_column_size":50,"_inline_size":null,"align":"center","background_background":"classic","border_radius":{"unit":"px","top":"0","right":"20","bottom":"0","left":"0","isLinked":false},"__globals__":{"background_color":"globals\/colors?id=secondary"},"padding":{"unit":"px","top":"90","right":"90","bottom":"90","left":"90","isLinked":true},"_inline_size_tablet":100,"padding_mobile":{"unit":"px","top":"35","right":"35","bottom":"35","left":"35","isLinked":true},"align_mobile":"flex-start","background_image":{"url":"","id":""},"background_video_fallback":{"url":"","id":""},"background_hover_image":{"url":"","id":""},"background_hover_video_fallback":{"url":"","id":""},"background_overlay_image":{"url":"","id":""},"background_overlay_video_fallback":{"url":"","id":""},"background_overlay_hover_image":{"url":"","id":""},"background_overlay_hover_video_fallback":{"url":"","id":""}},"elements":[{"id":"2cc27991","settings":{"space":{"unit":"vh","size":10,"sizes":[]},"space_tablet":{"unit":"vh","size":"","sizes":[]},"space_mobile":{"unit":"vh","size":"","sizes":[]},"_background_image":{"url":"","id":""},"_background_video_fallback":{"url":"","id":""},"_background_hover_image":{"url":"","id":""},"_background_hover_video_fallback":{"url":"","id":""},"_mask_image":{"url":"","id":""}},"elements":[],"isInner":false,"widgetType":"spacer","elType":"widget"},{"id":"5f382f46","settings":{"title":"Individuals","header_size":"h4","align":"center","_element_width":"auto","_animation":"fadeInDown","__globals__":{"title_color":"globals\/colors?id=accent","typography_typography":"globals\/typography?id=primary"},"title_color":"#FD830D","link":{"url":"","is_external":"","nofollow":"","custom_attributes":"aria-label|Individuals"},"_background_image":{"url":"","id":""},"_background_video_fallback":{"url":"","id":""},"_background_hover_image":{"url":"","id":""},"_background_hover_video_fallback":{"url":"","id":""},"_mask_image":{"url":"","id":""}},"elements":[],"isInner":false,"widgetType":"heading","elType":"widget"},{"id":"3861f5c8","settings":{"title":"Why should people by from you","align":"center","__globals__":{"typography_typography":"globals\/typography?id=accent","title_color":"globals\/colors?id=571c1bb"},"_padding":{"unit":"px","top":"25","right":"25","bottom":"25","left":"25","isLinked":true},"align_mobile":"left","_padding_mobile":{"unit":"px","top":"25","right":"0","bottom":"25","left":"0","isLinked":false},"header_size":"span","_background_image":{"url":"","id":""},"_background_video_fallback":{"url":"","id":""},"_background_hover_image":{"url":"","id":""},"_background_hover_video_fallback":{"url":"","id":""},"_mask_image":{"url":"","id":""}},"elements":[],"isInner":false,"widgetType":"heading","elType":"widget"},{"id":"3c568f2a","settings":{"editor":"<p>Lorem Ipsum is simply dummy text of the printing and typesetting industry. Lorem Ipsum has been the industry\u2019s standard dummy text ever since the 1500s, when an unknown printer took a galley of type and scrambled it to make a type specimen book. but also the leap into electronic typesetting, remaining essentially unchanged.<\/p>","align":"center","__globals__":{"text_color":"globals\/colors?id=571c1bb","typography_typography":"globals\/typography?id=text"},"align_mobile":"left","_background_image":{"url":"","id":""},"_background_video_fallback":{"url":"","id":""},"_background_hover_image":{"url":"","id":""},"_background_hover_video_fallback":{"url":"","id":""},"_mask_image":{"url":"","id":""}},"elements":[],"isInner":false,"widgetType":"text-editor","elType":"widget"},{"id":"4f97623a","settings":{"text":"Ask for quotation","align":"center","size":"xl","text_padding":{"unit":"px","top":"28","right":"40","bottom":"28","left":"40","isLinked":false},"align_mobile":"justify","border_radius":{"unit":"px","top":"5","right":"5","bottom":"5","left":"5","isLinked":true},"__globals__":{"typography_typography":"globals\/typography?id=accent","hover_color":"globals\/colors?id=accent","button_background_hover_color":"globals\/colors?id=571c1bb","border_color":"globals\/colors?id=accent","background_color":"globals\/colors?id=accent","button_text_color":"globals\/colors?id=571c1bb"},"hover_animation":"float","border_width":{"unit":"px","top":"1","right":"1","bottom":"1","left":"1","isLinked":true},"button_box_shadow_box_shadow_type":"yes","button_box_shadow_box_shadow":{"horizontal":0,"vertical":16.29,"blur":35,"spread":0,"color":"rgba(0, 0, 0, 0.22)"},"_transform_keep_proportions_hover":"","_transform_scale_effect_hover":{"unit":"px","size":1.1,"sizes":[]},"_transform_scaleX_effect_hover":{"unit":"px","size":1,"sizes":[]},"_transform_scaleY_effect_hover":{"unit":"px","size":1,"sizes":[]},"motion_fx_transform_x_anchor_point":"left","motion_fx_transform_y_anchor_point":"center","link":{"url":"#","is_external":"","nofollow":"","custom_attributes":"aria-label|Ask for quotation"},"background_video_fallback":{"url":"","id":""},"button_background_hover_video_fallback":{"url":"","id":""},"_background_image":{"url":"","id":""},"_background_video_fallback":{"url":"","id":""},"_background_hover_image":{"url":"","id":""},"_background_hover_video_fallback":{"url":"","id":""},"_mask_image":{"url":"","id":""}},"elements":[],"isInner":false,"widgetType":"button","elType":"widget"},{"id":"6538e965","settings":{"space":{"unit":"vh","size":10,"sizes":[]},"space_tablet":{"unit":"vh","size":"","sizes":[]},"space_mobile":{"unit":"vh","size":0,"sizes":[]},"_background_image":{"url":"","id":""},"_background_video_fallback":{"url":"","id":""},"_background_hover_image":{"url":"","id":""},"_background_hover_video_fallback":{"url":"","id":""},"_mask_image":{"url":"","id":""}},"elements":[],"isInner":false,"widgetType":"spacer","elType":"widget"}],"isInner":false,"elType":"column"},{"id":"34e4fffd","settings":{"_column_size":50,"_inline_size":null,"align":"center","background_background":"classic","border_radius":{"unit":"px","top":"20","right":"0","bottom":"0","left":"20","isLinked":false},"margin":{"unit":"px","top":"50","right":"0","bottom":"-50","left":"0","isLinked":false},"__globals__":{"background_color":"globals\/colors?id=primary","background_overlay_color":""},"padding":{"unit":"px","top":"90","right":"90","bottom":"90","left":"90","isLinked":true},"z_index":2,"_inline_size_tablet":100,"margin_tablet":{"unit":"px","top":"-20","right":"0","bottom":"0","left":"0","isLinked":false},"margin_mobile":{"unit":"px","top":"-20","right":"0","bottom":"0","left":"0","isLinked":false},"padding_mobile":{"unit":"px","top":"35","right":"35","bottom":"35","left":"35","isLinked":true},"align_mobile":"flex-start","background_overlay_background":"classic","background_image":{"url":"","id":""},"background_video_fallback":{"url":"","id":""},"background_hover_image":{"url":"","id":""},"background_hover_video_fallback":{"url":"","id":""},"background_overlay_image":{"url":"","id":""},"background_overlay_video_fallback":{"url":"","id":""},"background_overlay_hover_image":{"url":"","id":""},"background_overlay_hover_video_fallback":{"url":"","id":""}},"elements":[{"id":"1eb4b2ae","settings":{"space":{"unit":"vh","size":10,"sizes":[]},"space_tablet":{"unit":"vh","size":"","sizes":[]},"space_mobile":{"unit":"vh","size":0,"sizes":[]},"_background_image":{"url":"","id":""},"_background_video_fallback":{"url":"","id":""},"_background_hover_image":{"url":"","id":""},"_background_hover_video_fallback":{"url":"","id":""},"_mask_image":{"url":"","id":""}},"elements":[],"isInner":false,"widgetType":"spacer","elType":"widget"},{"id":"154ceb45","settings":{"title":"Professionals","header_size":"h4","align":"center","_element_width":"auto","_animation":"fadeInDown","__globals__":{"title_color":"globals\/colors?id=accent","typography_typography":""},"title_color":"#FBA611","link":{"url":"","is_external":"","nofollow":"","custom_attributes":"aria-label|Professionals"},"_background_image":{"url":"","id":""},"_background_video_fallback":{"url":"","id":""},"_background_hover_image":{"url":"","id":""},"_background_hover_video_fallback":{"url":"","id":""},"_mask_image":{"url":"","id":""},"typography_typography":"custom","typography_font_family":"Poppins","typography_font_size":{"unit":"rem","size":4,"sizes":[]},"typography_font_size_mobile":{"unit":"rem","size":2,"sizes":[]},"typography_font_weight":"bold","typography_line_height":{"unit":"px","size":78,"sizes":[]},"typography_line_height_mobile":{"unit":"px","size":36,"sizes":[]},"typography_letter_spacing":{"unit":"px","size":1.5,"sizes":[]},"typography_letter_spacing_mobile":{"unit":"px","size":1.5,"sizes":[]}},"elements":[],"isInner":false,"widgetType":"heading","elType":"widget"},{"id":"77a113a4","settings":{"title":"Why should people by from you","align":"center","__globals__":{"typography_typography":"globals\/typography?id=accent","title_color":"globals\/colors?id=571c1bb"},"_padding":{"unit":"px","top":"25","right":"25","bottom":"25","left":"25","isLinked":true},"align_mobile":"left","_padding_mobile":{"unit":"px","top":"25","right":"0","bottom":"25","left":"0","isLinked":false},"header_size":"span","_background_image":{"url":"","id":""},"_background_video_fallback":{"url":"","id":""},"_background_hover_image":{"url":"","id":""},"_background_hover_video_fallback":{"url":"","id":""},"_mask_image":{"url":"","id":""}},"elements":[],"isInner":false,"widgetType":"heading","elType":"widget"},{"id":"77a4bd5a","settings":{"editor":"<p>Lorem Ipsum is simply dummy text of the printing and typesetting industry. Lorem Ipsum has been the industry\u2019s standard dummy text ever since the 1500s, when an unknown printer took a galley of type and scrambled it to make a type specimen book. but also the leap into electronic typesetting, remaining essentially unchanged.<\/p>","align":"center","__globals__":{"text_color":"globals\/colors?id=571c1bb","typography_typography":"globals\/typography?id=text"},"align_mobile":"left","_background_image":{"url":"","id":""},"_background_video_fallback":{"url":"","id":""},"_background_hover_image":{"url":"","id":""},"_background_hover_video_fallback":{"url":"","id":""},"_mask_image":{"url":"","id":""}},"elements":[],"isInner":false,"widgetType":"text-editor","elType":"widget"},{"id":"3ce6f307","settings":{"text":"Ask for quotation","align":"center","size":"xl","text_padding":{"unit":"px","top":"28","right":"40","bottom":"28","left":"40","isLinked":false},"align_mobile":"justify","border_radius":{"unit":"px","top":"5","right":"5","bottom":"5","left":"5","isLinked":true},"__globals__":{"typography_typography":"globals\/typography?id=accent","hover_color":"globals\/colors?id=accent","button_background_hover_color":"globals\/colors?id=571c1bb","border_color":"globals\/colors?id=accent","background_color":"globals\/colors?id=accent"},"hover_animation":"float","border_width":{"unit":"px","top":"1","right":"1","bottom":"1","left":"1","isLinked":true},"button_box_shadow_box_shadow_type":"yes","button_box_shadow_box_shadow":{"horizontal":0,"vertical":16.29,"blur":35,"spread":0,"color":"rgba(0, 0, 0, 0.22)"},"_transform_keep_proportions_hover":"","_transform_scale_effect_hover":{"unit":"px","size":1.1,"sizes":[]},"_transform_scaleX_effect_hover":{"unit":"px","size":1,"sizes":[]},"_transform_scaleY_effect_hover":{"unit":"px","size":1,"sizes":[]},"motion_fx_transform_x_anchor_point":"left","motion_fx_transform_y_anchor_point":"center","link":{"url":"#","is_external":"","nofollow":"","custom_attributes":"aria-label|Ask for quotation"},"background_video_fallback":{"url":"","id":""},"button_background_hover_video_fallback":{"url":"","id":""},"_background_image":{"url":"","id":""},"_background_video_fallback":{"url":"","id":""},"_background_hover_image":{"url":"","id":""},"_background_hover_video_fallback":{"url":"","id":""},"_mask_image":{"url":"","id":""}},"elements":[],"isInner":false,"widgetType":"button","elType":"widget"},{"id":"11407187","settings":{"space":{"unit":"vh","size":10,"sizes":[]},"space_tablet":{"unit":"vh","size":"","sizes":[]},"space_mobile":{"unit":"vh","size":0,"sizes":[]},"_background_image":{"url":"","id":""},"_background_video_fallback":{"url":"","id":""},"_background_hover_image":{"url":"","id":""},"_background_hover_video_fallback":{"url":"","id":""},"_mask_image":{"url":"","id":""}},"elements":[],"isInner":false,"widgetType":"spacer","elType":"widget"}],"isInner":false,"elType":"column"}],"isInner":false,"elType":"section"}],"settings":{"template":"elementor_header_footer"},"metadata":[]}