{"content":[],"settings":{"template":"default","colors_enable_styleguide_preview":"","system_colors":[{"_id":"primary","title":"Principal","color":"#6EC1E4"},{"_id":"secondary","title":"Secondaire","color":"#54595F"},{"_id":"text","title":"Texte","color":"#7A7A7A"},{"_id":"accent","title":"Accentu\u00e9","color":"#61CE70"}],"custom_colors":[{"_id":"primary","title":"Primary Color","color":"#166534"},{"_id":"secondary","title":"Secondary Color","color":"#4ade80"},{"_id":"accent","title":"Accent Color","color":"#65a30d"},{"_id":"text","title":"Text Color","color":"#1b1f23"},{"_id":"bg","title":"Background Color","color":"#f0fdf4"},{"_id":"contentbg","title":"Content Background","color":"#ecfdf5"},{"_id":"light","title":"Light Color","color":"#d1fae5"},{"_id":"dark","title":"Dark Color","color":"#052e16"}],"typography_enable_styleguide_preview":"","system_typography":[{"_id":"primary","title":"Principal","typography_typography":"custom","typography_font_family":"Roboto","typography_font_weight":"600","typography_font_size":{"unit":"px","size":"","sizes":[]},"typography_text_transform":"","typography_font_style":"","typography_text_decoration":"","typography_line_height":{"unit":"px","size":"","sizes":[]},"typography_letter_spacing":{"unit":"px","size":"","sizes":[]},"typography_word_spacing":{"unit":"px","size":"","sizes":[]}},{"_id":"secondary","title":"Secondaire","typography_typography":"custom","typography_font_family":"Roboto Slab","typography_font_weight":"400","typography_font_size":{"unit":"px","size":"","sizes":[]},"typography_text_transform":"","typography_font_style":"","typography_text_decoration":"","typography_line_height":{"unit":"px","size":"","sizes":[]},"typography_letter_spacing":{"unit":"px","size":"","sizes":[]},"typography_word_spacing":{"unit":"px","size":"","sizes":[]}},{"_id":"text","title":"Texte","typography_typography":"custom","typography_font_family":"Roboto","typography_font_weight":"400","typography_font_size":{"unit":"px","size":"","sizes":[]},"typography_text_transform":"","typography_font_style":"","typography_text_decoration":"","typography_line_height":{"unit":"px","size":"","sizes":[]},"typography_letter_spacing":{"unit":"px","size":"","sizes":[]},"typography_word_spacing":{"unit":"px","size":"","sizes":[]}},{"_id":"accent","title":"Accentu\u00e9","typography_typography":"custom","typography_font_family":"Roboto","typography_font_weight":"500","typography_font_size":{"unit":"px","size":"","sizes":[]},"typography_text_transform":"","typography_font_style":"","typography_text_decoration":"","typography_line_height":{"unit":"px","size":"","sizes":[]},"typography_letter_spacing":{"unit":"px","size":"","sizes":[]},"typography_word_spacing":{"unit":"px","size":"","sizes":[]}}],"custom_typography":[],"default_generic_fonts":"Sans-serif","body_color":"","body_typography_typography":"","body_typography_font_family":"","body_typography_font_size":{"unit":"px","size":"","sizes":[]},"body_typography_font_weight":"","body_typography_text_transform":"","body_typography_font_style":"","body_typography_text_decoration":"","body_typography_line_height":{"unit":"px","size":"","sizes":[]},"body_typography_letter_spacing":{"unit":"px","size":"","sizes":[]},"body_typography_word_spacing":{"unit":"px","size":"","sizes":[]},"paragraph_spacing":{"unit":"px","size":"","sizes":[]},"link_normal_color":"","link_normal_typography_typography":"","link_normal_typography_font_family":"","link_normal_typography_font_size":{"unit":"px","size":"","sizes":[]},"link_normal_typography_font_weight":"","link_normal_typography_text_transform":"","link_normal_typography_font_style":"","link_normal_typography_text_decoration":"","link_normal_typography_line_height":{"unit":"px","size":"","sizes":[]},"link_normal_typography_letter_spacing":{"unit":"px","size":"","sizes":[]},"link_normal_typography_word_spacing":{"unit":"px","size":"","sizes":[]},"link_hover_color":"","link_hover_typography_typography":"","link_hover_typography_font_family":"","link_hover_typography_font_size":{"unit":"px","size":"","sizes":[]},"link_hover_typography_font_weight":"","link_hover_typography_text_transform":"","link_hover_typography_font_style":"","link_hover_typography_text_decoration":"","link_hover_typography_line_height":{"unit":"px","size":"","sizes":[]},"link_hover_typography_letter_spacing":{"unit":"px","size":"","sizes":[]},"link_hover_typography_word_spacing":{"unit":"px","size":"","sizes":[]},"h1_color":"","h1_typography_typography":"","h1_typography_font_family":"","h1_typography_font_size":{"unit":"px","size":"","sizes":[]},"h1_typography_font_weight":"","h1_typography_text_transform":"","h1_typography_font_style":"","h1_typography_text_decoration":"","h1_typography_line_height":{"unit":"px","size":"","sizes":[]},"h1_typography_letter_spacing":{"unit":"px","size":"","sizes":[]},"h1_typography_word_spacing":{"unit":"px","size":"","sizes":[]},"h2_color":"","h2_typography_typography":"","h2_typography_font_family":"","h2_typography_font_size":{"unit":"px","size":"","sizes":[]},"h2_typography_font_weight":"","h2_typography_text_transform":"","h2_typography_font_style":"","h2_typography_text_decoration":"","h2_typography_line_height":{"unit":"px","size":"","sizes":[]},"h2_typography_letter_spacing":{"unit":"px","size":"","sizes":[]},"h2_typography_word_spacing":{"unit":"px","size":"","sizes":[]},"h3_color":"","h3_typography_typography":"","h3_typography_font_family":"","h3_typography_font_size":{"unit":"px","size":"","sizes":[]},"h3_typography_font_weight":"","h3_typography_text_transform":"","h3_typography_font_style":"","h3_typography_text_decoration":"","h3_typography_line_height":{"unit":"px","size":"","sizes":[]},"h3_typography_letter_spacing":{"unit":"px","size":"","sizes":[]},"h3_typography_word_spacing":{"unit":"px","size":"","sizes":[]},"h4_color":"","h4_typography_typography":"","h4_typography_font_family":"","h4_typography_font_size":{"unit":"px","size":"","sizes":[]},"h4_typography_font_weight":"","h4_typography_text_transform":"","h4_typography_font_style":"","h4_typography_text_decoration":"","h4_typography_line_height":{"unit":"px","size":"","sizes":[]},"h4_typography_letter_spacing":{"unit":"px","size":"","sizes":[]},"h4_typography_word_spacing":{"unit":"px","size":"","sizes":[]},"h5_color":"","h5_typography_typography":"","h5_typography_font_family":"","h5_typography_font_size":{"unit":"px","size":"","sizes":[]},"h5_typography_font_weight":"","h5_typography_text_transform":"","h5_typography_font_style":"","h5_typography_text_decoration":"","h5_typography_line_height":{"unit":"px","size":"","sizes":[]},"h5_typography_letter_spacing":{"unit":"px","size":"","sizes":[]},"h5_typography_word_spacing":{"unit":"px","size":"","sizes":[]},"h6_color":"","h6_typography_typography":"","h6_typography_font_family":"","h6_typography_font_size":{"unit":"px","size":"","sizes":[]},"h6_typography_font_weight":"","h6_typography_text_transform":"","h6_typography_font_style":"","h6_typography_text_decoration":"","h6_typography_line_height":{"unit":"px","size":"","sizes":[]},"h6_typography_letter_spacing":{"unit":"px","size":"","sizes":[]},"h6_typography_word_spacing":{"unit":"px","size":"","sizes":[]},"button_typography_typography":"","button_typography_font_family":"","button_typography_font_size":{"unit":"px","size":"","sizes":[]},"button_typography_font_weight":"","button_typography_text_transform":"","button_typography_font_style":"","button_typography_text_decoration":"","button_typography_line_height":{"unit":"px","size":"","sizes":[]},"button_typography_letter_spacing":{"unit":"px","size":"","sizes":[]},"button_typography_word_spacing":{"unit":"px","size":"","sizes":[]},"button_text_shadow_text_shadow_type":"","button_text_shadow_text_shadow":{"horizontal":0,"vertical":0,"blur":10,"color":"rgba(0,0,0,0.3)"},"button_text_color":"","button_background_background":"classic","button_background_color":"","button_background_color_stop":{"unit":"%","size":0,"sizes":[]},"button_background_color_b":"#f2295b","button_background_color_b_stop":{"unit":"%","size":100,"sizes":[]},"button_background_gradient_type":"linear","button_background_gradient_angle":{"unit":"deg","size":180,"sizes":[]},"button_background_gradient_position":"center center","button_background_position":"","button_background_xpos":{"unit":"px","size":0,"sizes":[]},"button_background_ypos":{"unit":"px","size":0,"sizes":[]},"button_background_attachment":"","button_background_repeat":"","button_background_size":"","button_background_bg_width":{"unit":"%","size":100,"sizes":[]},"button_background_video_link":"","button_background_video_start":"","button_background_video_end":"","button_background_play_once":"","button_background_play_on_mobile":"","button_background_privacy_mode":"","button_background_video_fallback":{"url":"","id":"","size":""},"button_background_slideshow_gallery":[],"button_background_slideshow_loop":"yes","button_background_slideshow_slide_duration":5000,"button_background_slideshow_slide_transition":"fade","button_background_slideshow_transition_duration":500,"button_background_slideshow_background_size":"","button_background_slideshow_background_position":"","button_background_slideshow_lazyload":"","button_background_slideshow_ken_burns":"","button_background_slideshow_ken_burns_zoom_direction":"in","button_box_shadow_box_shadow_type":"","button_box_shadow_box_shadow":{"horizontal":0,"vertical":0,"blur":10,"spread":0,"color":"rgba(0,0,0,0.5)"},"button_box_shadow_box_shadow_position":" ","button_border_border":"","button_border_width":{"unit":"px","top":"","right":"","bottom":"","left":"","isLinked":true},"button_border_color":"","button_border_radius":{"unit":"px","top":"","right":"","bottom":"","left":"","isLinked":true},"button_hover_text_color":"","button_hover_background_background":"classic","button_hover_background_color":"","button_hover_background_color_stop":{"unit":"%","size":0,"sizes":[]},"button_hover_background_color_b":"#f2295b","button_hover_background_color_b_stop":{"unit":"%","size":100,"sizes":[]},"button_hover_background_gradient_type":"linear","button_hover_background_gradient_angle":{"unit":"deg","size":180,"sizes":[]},"button_hover_background_gradient_position":"center center","button_hover_background_position":"","button_hover_background_xpos":{"unit":"px","size":0,"sizes":[]},"button_hover_background_ypos":{"unit":"px","size":0,"sizes":[]},"button_hover_background_attachment":"","button_hover_background_repeat":"","button_hover_background_size":"","button_hover_background_bg_width":{"unit":"%","size":100,"sizes":[]},"button_hover_background_video_link":"","button_hover_background_video_start":"","button_hover_background_video_end":"","button_hover_background_play_once":"","button_hover_background_play_on_mobile":"","button_hover_background_privacy_mode":"","button_hover_background_video_fallback":{"url":"","id":"","size":""},"button_hover_background_slideshow_gallery":[],"button_hover_background_slideshow_loop":"yes","button_hover_background_slideshow_slide_duration":5000,"button_hover_background_slideshow_slide_transition":"fade","button_hover_background_slideshow_transition_duration":500,"button_hover_background_slideshow_background_size":"","button_hover_background_slideshow_background_position":"","button_hover_background_slideshow_lazyload":"","button_hover_background_slideshow_ken_burns":"","button_hover_background_slideshow_ken_burns_zoom_direction":"in","button_hover_box_shadow_box_shadow_type":"","button_hover_box_shadow_box_shadow":{"horizontal":0,"vertical":0,"blur":10,"spread":0,"color":"rgba(0,0,0,0.5)"},"button_hover_box_shadow_box_shadow_position":" ","button_hover_border_border":"","button_hover_border_width":{"unit":"px","top":"","right":"","bottom":"","left":"","isLinked":true},"button_hover_border_color":"","button_hover_border_radius":{"unit":"px","top":"","right":"","bottom":"","left":"","isLinked":true},"button_padding":{"unit":"px","top":"","right":"","bottom":"","left":"","isLinked":true},"image_border_border":"","image_border_width":{"unit":"px","top":"","right":"","bottom":"","left":"","isLinked":true},"image_border_color":"","image_border_radius":{"unit":"px","top":"","right":"","bottom":"","left":"","isLinked":true},"image_opacity":{"unit":"px","size":"","sizes":[]},"image_box_shadow_box_shadow_type":"","image_box_shadow_box_shadow":{"horizontal":0,"vertical":0,"blur":10,"spread":0,"color":"rgba(0,0,0,0.5)"},"image_css_filters_css_filter":"","image_css_filters_blur":{"unit":"px","size":0,"sizes":[]},"image_css_filters_brightness":{"unit":"px","size":100,"sizes":[]},"image_css_filters_contrast":{"unit":"px","size":100,"sizes":[]},"image_css_filters_saturate":{"unit":"px","size":100,"sizes":[]},"image_css_filters_hue":{"unit":"px","size":0,"sizes":[]},"image_hover_border_border":"","image_hover_border_width":{"unit":"px","top":"","right":"","bottom":"","left":"","isLinked":true},"image_hover_border_color":"","image_hover_border_radius":{"unit":"px","top":"","right":"","bottom":"","left":"","isLinked":true},"image_hover_opacity":{"unit":"px","size":"","sizes":[]},"image_hover_box_shadow_box_shadow_type":"","image_hover_box_shadow_box_shadow":{"horizontal":0,"vertical":0,"blur":10,"spread":0,"color":"rgba(0,0,0,0.5)"},"image_hover_css_filters_css_filter":"","image_hover_css_filters_blur":{"unit":"px","size":0,"sizes":[]},"image_hover_css_filters_brightness":{"unit":"px","size":100,"sizes":[]},"image_hover_css_filters_contrast":{"unit":"px","size":100,"sizes":[]},"image_hover_css_filters_saturate":{"unit":"px","size":100,"sizes":[]},"image_hover_css_filters_hue":{"unit":"px","size":0,"sizes":[]},"image_hover_transition":{"unit":"px","size":"","sizes":[]},"form_label_color":"","form_label_typography_typography":"","form_label_typography_font_family":"","form_label_typography_font_size":{"unit":"px","size":"","sizes":[]},"form_label_typography_font_weight":"","form_label_typography_text_transform":"","form_label_typography_font_style":"","form_label_typography_text_decoration":"","form_label_typography_line_height":{"unit":"px","size":"","sizes":[]},"form_label_typography_letter_spacing":{"unit":"px","size":"","sizes":[]},"form_label_typography_word_spacing":{"unit":"px","size":"","sizes":[]},"form_field_typography_typography":"","form_field_typography_font_family":"","form_field_typography_font_size":{"unit":"px","size":"","sizes":[]},"form_field_typography_font_weight":"","form_field_typography_text_transform":"","form_field_typography_font_style":"","form_field_typography_text_decoration":"","form_field_typography_line_height":{"unit":"px","size":"","sizes":[]},"form_field_typography_letter_spacing":{"unit":"px","size":"","sizes":[]},"form_field_typography_word_spacing":{"unit":"px","size":"","sizes":[]},"form_field_text_color":"","form_field_accent_color":"","form_field_background_color":"","form_field_box_shadow_box_shadow_type":"","form_field_box_shadow_box_shadow":{"horizontal":0,"vertical":0,"blur":10,"spread":0,"color":"rgba(0,0,0,0.5)"},"form_field_box_shadow_box_shadow_position":" ","form_field_border_border":"","form_field_border_width":{"unit":"px","top":"","right":"","bottom":"","left":"","isLinked":true},"form_field_border_color":"","form_field_border_radius":{"unit":"px","top":"","right":"","bottom":"","left":"","isLinked":true},"form_field_focus_text_color":"","form_field_focus_accent_color":"","form_field_focus_background_color":"","form_field_focus_box_shadow_box_shadow_type":"","form_field_focus_box_shadow_box_shadow":{"horizontal":0,"vertical":0,"blur":10,"spread":0,"color":"rgba(0,0,0,0.5)"},"form_field_focus_box_shadow_box_shadow_position":" ","form_field_focus_border_border":"","form_field_focus_border_width":{"unit":"px","top":"","right":"","bottom":"","left":"","isLinked":true},"form_field_focus_border_color":"","form_field_focus_border_radius":{"unit":"px","top":"","right":"","bottom":"","left":"","isLinked":true},"form_field_focus_transition_duration":{"unit":"px","size":"","sizes":[]},"form_field_padding":{"unit":"px","top":"","right":"","bottom":"","left":"","isLinked":true},"body_background_background":"","body_background_color":"","body_background_color_stop":{"unit":"%","size":0,"sizes":[]},"body_background_color_b":"#f2295b","body_background_color_b_stop":{"unit":"%","size":100,"sizes":[]},"body_background_gradient_type":"linear","body_background_gradient_angle":{"unit":"deg","size":180,"sizes":[]},"body_background_gradient_position":"center center","body_background_image":{"url":"","id":"","size":""},"body_background_position":"","body_background_xpos":{"unit":"px","size":0,"sizes":[]},"body_background_ypos":{"unit":"px","size":0,"sizes":[]},"body_background_attachment":"","body_background_repeat":"","body_background_size":"","body_background_bg_width":{"unit":"%","size":100,"sizes":[]},"body_background_video_link":"","body_background_video_start":"","body_background_video_end":"","body_background_play_once":"","body_background_play_on_mobile":"","body_background_privacy_mode":"","body_background_video_fallback":{"url":"","id":"","size":""},"body_background_slideshow_gallery":[],"body_background_slideshow_loop":"yes","body_background_slideshow_slide_duration":5000,"body_background_slideshow_slide_transition":"fade","body_background_slideshow_transition_duration":500,"body_background_slideshow_background_size":"","body_background_slideshow_background_position":"","body_background_slideshow_lazyload":"","body_background_slideshow_ken_burns":"","body_background_slideshow_ken_burns_zoom_direction":"in","mobile_browser_background":"","body_overscroll_behavior":"","container_width":{"unit":"px","size":1140,"sizes":[]},"space_between_widgets":{"column":"20","row":"20","isLinked":true,"unit":"px"},"page_title_selector":"h1.entry-title","stretched_section_container":"","default_page_template":"default","active_breakpoints":["viewport_mobile","viewport_tablet"],"viewport_mobile":"","viewport_mobile_extra":"","viewport_tablet":"","viewport_tablet_extra":"","viewport_laptop":"","viewport_widescreen":"","viewport_md":768,"viewport_lg":1025,"global_image_lightbox":"yes","lightbox_enable_counter":"yes","lightbox_enable_fullscreen":"yes","lightbox_enable_zoom":"yes","lightbox_enable_share":"yes","lightbox_title_src":"title","lightbox_description_src":"description","lightbox_color":"","lightbox_ui_color":"","lightbox_ui_color_hover":"","lightbox_text_color":"","lightbox_icons_size":{"unit":"px","size":"","sizes":[]},"lightbox_slider_icons_size":{"unit":"px","size":"","sizes":[]},"container_padding":{"unit":"px","top":"","right":"","bottom":"","left":"","isLinked":true},"settings_page_transitions_background_background":"classic","settings_page_transitions_background_color":"#FFBC7D","settings_page_transitions_background_color_stop":{"unit":"%","size":0,"sizes":[]},"settings_page_transitions_background_color_b":"#f2295b","settings_page_transitions_background_color_b_stop":{"unit":"%","size":100,"sizes":[]},"settings_page_transitions_background_gradient_type":"linear","settings_page_transitions_background_gradient_angle":{"unit":"deg","size":180,"sizes":[]},"settings_page_transitions_background_gradient_position":"center center","settings_page_transitions_background_position":"","settings_page_transitions_background_xpos":{"unit":"px","size":0,"sizes":[]},"settings_page_transitions_background_ypos":{"unit":"px","size":0,"sizes":[]},"settings_page_transitions_background_attachment":"","settings_page_transitions_background_repeat":"","settings_page_transitions_background_size":"","settings_page_transitions_background_bg_width":{"unit":"%","size":100,"sizes":[]},"settings_page_transitions_background_video_link":"","settings_page_transitions_background_video_start":"","settings_page_transitions_background_video_end":"","settings_page_transitions_background_play_once":"","settings_page_transitions_background_play_on_mobile":"","settings_page_transitions_background_privacy_mode":"","settings_page_transitions_background_video_fallback":{"url":"","id":"","size":""},"settings_page_transitions_background_slideshow_gallery":[],"settings_page_transitions_background_slideshow_loop":"yes","settings_page_transitions_background_slideshow_slide_duration":5000,"settings_page_transitions_background_slideshow_slide_transition":"fade","settings_page_transitions_background_slideshow_transition_duration":500,"settings_page_transitions_background_slideshow_background_size":"","settings_page_transitions_background_slideshow_background_position":"","settings_page_transitions_background_slideshow_lazyload":"","settings_page_transitions_background_slideshow_ken_burns":"","settings_page_transitions_background_slideshow_ken_burns_zoom_direction":"in","settings_page_transitions_entrance_animation":"","settings_page_transitions_exit_animation":"","settings_page_transitions_animation_duration":{"unit":"ms","size":1500,"sizes":[]},"settings_page_transitions_preloader_type":"","settings_page_transitions_preloader_icon":{"value":"fas fa-spinner","library":"fa-solid"},"settings_page_transitions_preloader_image":{"url":"","id":"","size":""},"settings_page_transitions_preloader_animation_type":"circle","settings_page_transitions_preloader_animation":"","settings_page_transitions_preloader_animation_duration":{"unit":"ms","size":1500,"sizes":[]},"settings_page_transitions_preloader_delay":{"unit":"ms","size":0,"sizes":[]},"settings_page_transitions_preloader_color":"#FFF","settings_page_transitions_preloader_size":{"unit":"px","size":20,"sizes":[]},"settings_page_transitions_preloader_rotate":{"unit":"deg","size":0,"sizes":[]},"settings_page_transitions_preloader_width":{"unit":"%","size":"","sizes":[]},"settings_page_transitions_preloader_max_width":{"unit":"%","size":"","sizes":[]},"settings_page_transitions_preloader_opacity":{"unit":"px","size":"","sizes":[]},"custom_css":"","scroll_snap":"","scroll_snap_position":"","scroll_snap_padding":{"unit":"px","size":"","sizes":[]},"force_stop":""},"metadata":[],"theme":{"name":"NovaCraft","theme_uri":"https:\/\/novacraft.com","version":"1.0.22","slug":"novacraft"},"experiments":{"e_font_icon_svg":{"name":"e_font_icon_svg","title":"Polices d\u2019ic\u00f4nes \u00ab\u00a0inline\u00a0\u00bb","state":"default","default":"active","release_status":"stable"},"additional_custom_breakpoints":{"name":"additional_custom_breakpoints","title":"Points d\u2019arr\u00eat personnalis\u00e9s suppl\u00e9mentaires","state":"default","default":"active","release_status":"stable"},"container":{"name":"container","title":"Conteneur","state":"default","default":"active","release_status":"stable"},"e_optimized_markup":{"name":"e_optimized_markup","title":"Balisage optimis\u00e9","state":"default","default":"active","release_status":"stable"},"theme_builder_v2":{"name":"theme_builder_v2","title":"Default to New Theme Builder","state":"default","default":"active","release_status":"stable"},"nested-elements":{"name":"nested-elements","title":"\u00c9l\u00e9ments imbriqu\u00e9s","state":"default","default":"active","release_status":"stable"},"pages_panel":{"name":"pages_panel","title":"Panneau des pages","state":"default","default":"inactive","release_status":"alpha"},"e_element_cache":{"name":"e_element_cache","title":"Mise en cache d\u2019\u00e9l\u00e9ments","state":"default","default":"active","release_status":"stable"},"home_screen":{"name":"home_screen","title":"\u00c9cran d\u2019accueil Elementor","state":"default","default":"active","release_status":"stable"},"editor_events":{"name":"editor_events","title":"\u00c9v\u00e8nements de l\u2019\u00e9diteur Elementor","state":"default","default":"inactive","release_status":"alpha"},"e_atomic_elements":{"name":"e_atomic_elements","title":"Atomic Widgets","state":"default","default":"inactive","release_status":"alpha"},"e_classes":{"name":"e_classes","title":"Classes globales","state":"default","default":"inactive","release_status":"alpha"},"global_classes_should_enforce_capabilities":{"name":"global_classes_should_enforce_capabilities","title":"Appliquer les capacit\u00e9s des classes globales","state":"default","default":"active","release_status":"dev"},"e_variables":{"name":"e_variables","title":"Variables","state":"default","default":"active","release_status":"alpha"},"cloud-library":{"name":"cloud-library","title":"Biblioth\u00e8que dans le cloud","state":"default","default":"active","release_status":"beta"},"e_opt_in_v4_page":{"name":"e_opt_in_v4_page","title":"Editeur v4 (Page d\u2019opt-in)","state":"default","default":"active","release_status":"alpha"},"e_opt_in_v4":{"name":"e_opt_in_v4","title":"\u00c9diteur V4","state":"default","default":"inactive","release_status":"alpha"},"import-export-customization":{"name":"import-export-customization","title":"Importer\/exporter la personnalisation","state":"default","default":"inactive","release_status":"alpha"},"mega-menu":{"name":"mega-menu","title":"Menu","state":"default","default":"active","release_status":"beta"}}}