{"content":[{"id":"1b1b8b67","settings":{"content_width":"full","min_height":{"unit":"vh","size":60,"sizes":[]},"min_height_tablet":{"unit":"vh","size":"","sizes":[]},"min_height_mobile":{"unit":"vh","size":"","sizes":[]},"flex_direction":"column","flex_justify_content":"center","flex_align_items":"center","background_background":"classic","padding":{"unit":"%","top":"0","right":"0","bottom":"0","left":"0","isLinked":true},"padding_tablet":{"unit":"%","top":"5","right":"5","bottom":"5","left":"5","isLinked":true},"padding_mobile":{"unit":"%","top":"5","right":"5","bottom":"5","left":"5","isLinked":false},"__globals__":{"background_color":"globals\/colors?id=9b0591c","background_overlay_color":"","background_overlay_color_b":"globals\/colors?id=primary","background_color_b":"globals\/colors?id=a2fb886","shape_divider_bottom_color":"globals\/colors?id=a2fb886"},"background_image":{"id":43,"url":"https:\/\/limitless.dev.ananass.fr\/wp-content\/uploads\/2025\/08\/pexels-pavel-danilyuk-7590980-18.jpg"},"background_position":"top center","background_repeat":"no-repeat","background_overlay_gradient_position":"bottom right","background_overlay_opacity":{"unit":"px","size":1,"sizes":[]},"background_size":"cover","background_image_tablet":{"url":"https:\/\/limitless.dev.ananass.fr\/wp-content\/uploads\/2023\/05\/pexels-pavel-danilyuk-7591312.jpg","id":1837,"size":"","alt":"","source":"library"},"background_overlay_color_b":"#FF5D00","_title":"Hero","background_color":"#262626","background_color_b":"#FFFFFF","background_slideshow_gallery":[{"id":41,"url":"https:\/\/limitless.dev.ananass.fr\/wp-content\/uploads\/2025\/08\/pexels-pavel-danilyuk-7590913-20.jpg"},{"id":42,"url":"https:\/\/limitless.dev.ananass.fr\/wp-content\/uploads\/2025\/08\/pexels-pavel-danilyuk-7590984-19.jpg"},{"id":43,"url":"https:\/\/limitless.dev.ananass.fr\/wp-content\/uploads\/2025\/08\/pexels-pavel-danilyuk-7590980-18.jpg"}],"background_overlay_image":{"url":"","id":"","size":"","alt":"","source":"library"},"background_overlay_repeat":"no-repeat","background_overlay_size":"contain","shape_divider_bottom_color":"#FFFFFF","shape_divider_bottom_height":{"unit":"px","size":95,"sizes":[]},"background_video_link":"https:\/\/youtu.be\/oVajOHQ-mwQ","background_slideshow_ken_burns":"yes","background_overlay_background":"gradient","flex_gap":{"unit":"px","size":0,"sizes":[],"column":"0","row":"0","isLinked":true},"background_bg_width":{"unit":"%","size":42,"sizes":[]},"background_image_mobile":{"url":"https:\/\/limitless.dev.ananass.fr\/wp-content\/uploads\/2023\/05\/pexels-pavel-danilyuk-7590913.jpg","id":1854,"size":"","alt":"","source":"library"},"background_size_mobile":"cover","background_slideshow_background_size":"cover","background_slideshow_background_position":"center center","background_overlay_position":"center center","css_classes":"content-scroll","background_overlay_color":"#26262652","background_overlay_color_stop":{"unit":"%","size":86,"sizes":[]},"background_overlay_color_b_stop":{"unit":"%","size":30,"sizes":[]},"background_overlay_gradient_angle":{"unit":"deg","size":190,"sizes":[]},"shape_divider_bottom":"pyramids","shape_divider_bottom_width":{"unit":"%","size":134,"sizes":[]}},"elements":[{"id":"19e49c6","settings":{"flex_direction":"row","flex_gap":{"unit":"px","size":0,"column":"0","row":"0","isLinked":true},"content_width":"full","min_height":{"unit":"vh","size":"","sizes":[]},"min_height_tablet":{"unit":"vh","size":"","sizes":[]},"min_height_mobile":{"unit":"vh","size":0,"sizes":[]},"padding":{"unit":"%","top":"5","right":"5","bottom":"5","left":"5","isLinked":false},"padding_tablet":{"unit":"%","top":"5","right":"5","bottom":"5","left":"5","isLinked":true},"padding_mobile":{"unit":"%","top":"","right":"","bottom":"","left":"","isLinked":true},"background_image":{"url":"","id":"","size":"","alt":"","source":"library"},"background_position":"center center","background_repeat":"no-repeat","background_size":"contain","background_overlay_color_b":"#FFFFFF00","background_overlay_color_b_stop":{"unit":"%","size":53,"sizes":[]},"background_overlay_gradient_type":"radial","background_overlay_opacity":{"unit":"px","size":1,"sizes":[]},"__globals__":{"background_overlay_color":"","background_overlay_color_b":""},"background_motion_fx_scale_direction":"in-out","background_overlay_image":{"url":"","id":"","size":"","alt":"","source":"library"},"background_overlay_position":"center center","background_overlay_repeat":"no-repeat","background_overlay_size":"contain","background_slideshow_background_size":"contain","background_slideshow_background_position":"center center","overlay_blend_mode":"multiply","animation_duration":"fast","flex_direction_tablet":"column","background_image_tablet":{"url":"https:\/\/limitless.dev.ananass.fr\/wp-content\/uploads\/2023\/03\/step-wordpress-theme-by-ananass-12-min.png","id":586,"size":"","alt":"","source":"library"},"background_image_mobile":{"url":"https:\/\/limitless.dev.ananass.fr\/wp-content\/uploads\/2023\/03\/step-wordpress-theme-by-ananass-11-min.png","id":585,"size":"","alt":"","source":"library"},"background_slideshow_gallery":[{"id":38,"url":"https:\/\/limitless.dev.ananass.fr\/wp-content\/uploads\/2025\/08\/sportsman-sitting-climbing-18.png"},{"id":39,"url":"https:\/\/limitless.dev.ananass.fr\/wp-content\/uploads\/2025\/08\/stretching-floor-18.png"}],"background_slideshow_ken_burns":"yes","flex_align_items":"center","flex_justify_content":"center"},"elements":[{"id":"3d99023c","settings":{"flex_direction":"column","content_width":"full","width":{"unit":"%","size":50},"padding":{"unit":"%","top":"1","right":"5","bottom":"1","left":"5","isLinked":false},"padding_tablet":{"unit":"%","top":"","right":"","bottom":"","left":"","isLinked":true},"padding_mobile":{"unit":"%","top":"","right":"","bottom":"","left":"","isLinked":true},"flex_justify_content":"flex-end","width_tablet":{"unit":"%","size":100,"sizes":[]},"width_mobile":{"unit":"%","size":"","sizes":[]},"min_height":{"unit":"vh","size":"","sizes":[]},"min_height_tablet":{"unit":"vh","size":"","sizes":[]},"min_height_mobile":{"unit":"vh","size":"","sizes":[]},"__globals__":{"background_color":"globals\/colors?id=secondary"},"border_radius":{"unit":"px","top":"10","right":"10","bottom":"10","left":"10","isLinked":true},"_flex_size":"none","_element_width":"initial"},"elements":[{"id":"4a8cb9f7","settings":{"title":"Who we are","header_size":"span","__globals__":{"typography_typography":"","title_color":"globals\/colors?id=primary"},"typography_typography":"custom","typography_font_family":"Montserrat","typography_font_size":{"unit":"rem","size":1.5,"sizes":[]},"typography_font_weight":"800","typography_text_transform":"uppercase","align":"center"},"elements":[],"isInner":false,"widgetType":"heading","elType":"widget"},{"id":"1ab07492","settings":{"title":"Title","typography_typography":"custom","typography_font_family":"Josefin Sans","typography_font_weight":"bold","__globals__":{"title_color":"globals\/colors?id=a2fb886","typography_typography":""},"typography_font_size":{"unit":"rem","size":3.2,"sizes":[]},"typography_text_transform":"uppercase","typography_font_size_mobile":{"unit":"rem","size":1.4,"sizes":[]},"header_size":"span","typography_font_style":"italic","align":"center","text_shadow_text_shadow_type":"yes","__dynamic__":{"title":"[elementor-tag id=\"011d4a8\" name=\"page-title\" settings=\"%7B%22include_context%22%3A%22%22%2C%22show_home_title%22%3A%22%22%2C%22before%22%3A%22%22%2C%22after%22%3A%22%22%2C%22fallback%22%3A%22%22%7D\"]"}},"elements":[],"isInner":false,"widgetType":"heading","elType":"widget"},{"id":"756c5b55","settings":{"title":"Welcome to High Point\n","__globals__":{"typography_typography":"globals\/typography?id=accent","title_color":"globals\/colors?id=a2fb886"},"title_color":"#00327F","text_shadow_text_shadow_type":"yes","header_size":"h1","align":"center"},"elements":[],"isInner":false,"widgetType":"heading","elType":"widget"},{"id":"5d393640","settings":{"__globals__":{"text_color":"globals\/colors?id=a2fb886","typography_typography":"globals\/typography?id=text"},"editor":"At High Point, we're passionate about climbing. Our facility is more than just a gym \u2013 it's a community of climbers united by their love for the sport.","_element_width":"initial","_element_custom_width":{"unit":"%","size":""},"_flex_size":"none","text_color":"#1E1E1E","text_shadow_text_shadow_type":"yes","align":"center"},"elements":[],"isInner":false,"widgetType":"text-editor","elType":"widget"}],"isInner":true,"elType":"container"}],"isInner":true,"elType":"container"}],"isInner":false,"elType":"container"},{"id":"550f9d2","settings":{"min_height":{"unit":"vh","size":"","sizes":[]},"min_height_tablet":{"unit":"vh","size":"","sizes":[]},"min_height_mobile":{"unit":"vh","size":"","sizes":[]},"flex_direction":"column","flex_justify_content":"center","flex_align_items":"center","background_background":"classic","padding":{"unit":"%","top":"1","right":"5","bottom":"0","left":"5","isLinked":false},"padding_tablet":{"unit":"%","top":"","right":"","bottom":"","left":"","isLinked":true},"padding_mobile":{"unit":"%","top":"","right":"","bottom":"","left":"","isLinked":true},"__globals__":{"background_color":"globals\/colors?id=a2fb886","shape_divider_top_color":"","background_overlay_color":"globals\/colors?id=a2fb886","background_overlay_color_b":"globals\/colors?id=primary","background_color_b":"globals\/colors?id=secondary","shape_divider_bottom_color":"globals\/colors?id=primary"},"background_image":{"url":"","id":"","size":"","alt":"","source":"library"},"background_position":"bottom left","background_repeat":"no-repeat","background_color":"#FFFFFF","background_overlay_background":"gradient","background_overlay_color_b":"#FF5D00","background_overlay_gradient_position":"bottom left","background_overlay_opacity":{"unit":"px","size":1,"sizes":[]},"background_color_b":"#D9CDBF","background_size":"initial","background_bg_width":{"unit":"%","size":79,"sizes":[]},"background_overlay_color_stop":{"unit":"%","size":72,"sizes":[]},"background_overlay_gradient_angle":{"unit":"deg","size":185,"sizes":[]},"shape_divider_bottom":"pyramids","shape_divider_bottom_color":"#FF5D00","shape_divider_bottom_width":{"unit":"%","size":140,"sizes":[]},"shape_divider_bottom_height":{"unit":"px","size":194,"sizes":[]},"shape_divider_bottom_flip":"yes","boxed_width":{"unit":"px","size":1280,"sizes":[]}},"elements":[{"id":"3a084f58","settings":{"_margin":{"top":"0","left":"0","unit":"px","right":"0","bottom":"0","isLinked":false},"_padding":{"top":"","left":"","unit":"%","right":"","bottom":"","isLinked":true},"autoplay":"","_offset_x":{"size":"0","unit":"px","sizes":[]},"_offset_y":{"size":"0","unit":"px","sizes":[]},"dots_size":{"size":0,"unit":"px","sizes":[]},"pagination":"","arrows_size":{"size":20,"unit":"px","sizes":[]},"_offset_x_end":{"size":"0","unit":"px","sizes":[]},"_offset_y_end":{"size":"0","unit":"px","sizes":[]},"border_radius":{"top":"0","left":"0","unit":"px","right":"0","bottom":"0","isLinked":false},"dots_position":"inside","arrows_padding":{"top":"16","left":"16","unit":"px","right":"16","bottom":"16","isLinked":true},"carousel_items":[{"_id":"ae5dbe5","slide_title":"Slide #1"},{"slide_title":"Slide #1","_id":"af4e9e0"},{"slide_title":"Slide #1","_id":"2c5e687"}],"slides_to_show":"1","_padding_tablet":{"top":"0","left":"0","unit":"px","right":"0","bottom":"0","isLinked":true},"content_padding":{"top":"0","left":"0","unit":"px","right":"0","bottom":"0","isLinked":false},"dots_size_mobile":{"size":8,"unit":"px","sizes":[]},"slides_to_scroll":"1","arrow_hover_color":"#FF5D00","arrow_normal_color":"#FFFFFF","arrows_size_mobile":{"size":16,"unit":"px","sizes":[]},"arrows_size_tablet":{"size":20,"unit":"px","sizes":[]},"offset_width_mobile":{"size":0,"unit":"px","sizes":[]},"offset_width_tablet":{"size":50,"unit":"px","sizes":[]},"arrows_border_radius":{"top":"50","left":"50","unit":"%","right":"50","bottom":"50","isLinked":true},"dots_vertical_offset":{"size":50,"unit":"px","sizes":[]},"image_spacing_custom":{"size":32,"unit":"px","sizes":[]},"arrows_padding_mobile":{"top":"16","left":"16","unit":"px","right":"16","bottom":"16","isLinked":true},"slides_to_show_tablet":"1","dots_horizontal_offset":{"size":"","unit":"px","sizes":[]},"arrows_border_radius_mobile":{"top":"","left":"","unit":"%","right":"","bottom":"","isLinked":true},"arrows_border_radius_tablet":{"top":"","left":"","unit":"%","right":"","bottom":"","isLinked":true},"dots_vertical_offset_mobile":{"size":25,"unit":"px","sizes":[]},"arrows_hover_background_color":"#262626","arrows_hover_border_type_width":{"top":"1","left":"1","unit":"px","right":"1","bottom":"1","isLinked":true},"arrows_normal_background_color":"#FF5D00","arrows_hover_border_type_border":"solid","arrows_normal_border_type_color":"#FF5D00","arrows_normal_border_type_width":{"top":"1","left":"1","unit":"px","right":"1","bottom":"1","isLinked":true},"arrows_normal_border_type_border":"solid","arrows_hover_background_background":"classic","arrows_hover_box_shadow_box_shadow":{"blur":40,"color":"rgba(255, 93.00000000000001, 0, 0.62)","spread":0,"vertical":0,"horizontal":0},"arrows_normal_background_background":"classic","navigation_next_icon_vertical_position":{"size":"","unit":"px","sizes":[]},"arrows_hover_box_shadow_box_shadow_type":"yes","navigation_next_icon_horizontal_position":{"size":-27,"unit":"px","sizes":[]},"navigation_previous_icon_vertical_position":{"size":"","unit":"px","sizes":[]},"navigation_previous_icon_horizontal_position":{"size":-27,"unit":"px","sizes":[]},"navigation_next_icon_horizontal_position_mobile":{"size":10,"unit":"px","sizes":[]},"navigation_next_icon_horizontal_position_tablet":{"size":15,"unit":"px","sizes":[]},"navigation_previous_icon_horizontal_position_mobile":{"size":10,"unit":"px","sizes":[]},"navigation_previous_icon_horizontal_position_tablet":{"size":15,"unit":"px","sizes":[]},"__globals__":{"arrows_normal_background_color":"globals\/colors?id=primary","arrow_normal_color":"globals\/colors?id=a2fb886","arrows_normal_border_type_color":"globals\/colors?id=primary","arrows_hover_background_color":"globals\/colors?id=9b0591c","arrow_hover_color":"globals\/colors?id=primary","arrows_hover_border_type_color":"globals\/colors?id=primary"}},"elements":[{"id":"410ee48b","settings":{"_title":"Slide #1","margin":{"top":"0","left":"0","unit":"px","right":"0","bottom":"0","isLinked":false},"padding":{"top":"5","left":"0","unit":"%","right":"0","bottom":"5","isLinked":false},"_offset_x":{"size":"0","unit":"px","sizes":[]},"_offset_y":{"size":"0","unit":"px","sizes":[]},"boxed_width":{"size":90,"unit":"%","sizes":[]},"_offset_x_end":{"size":"0","unit":"px","sizes":[]},"_offset_y_end":{"size":"0","unit":"px","sizes":[]},"padding_mobile":{"top":"","left":"","unit":"%","right":"","bottom":"","isLinked":true},"padding_tablet":{"top":"","left":"","unit":"%","right":"","bottom":"","isLinked":true},"boxed_width_mobile":{"size":"","unit":"%","sizes":[]},"boxed_width_tablet":{"size":"","unit":"%","sizes":[]}},"elements":[{"id":"71b2419f","settings":{"view":"traditional","image":{"id":109,"url":"https:\/\/limitless.dev.ananass.fr\/wp-content\/uploads\/2025\/08\/highpoint-gallery-placeholder-demo-image-scaled-1-18.webp"},"width":{"size":100,"unit":"%","sizes":[]},"_offset_x":{"size":"0","unit":"px","sizes":[]},"_offset_y":{"size":"0","unit":"px","sizes":[]},"image_size":"full","width_mobile":{"size":"","unit":"px","sizes":[]},"width_tablet":{"size":"","unit":"px","sizes":[]},"_offset_x_end":{"size":"0","unit":"px","sizes":[]},"_offset_y_end":{"size":"0","unit":"px","sizes":[]},"image_border_radius":{"top":"10","left":"10","unit":"px","right":"10","bottom":"10","isLinked":true},"image_box_shadow_box_shadow":{"blur":40,"color":"rgba(0,0,0,0.5)","spread":0,"vertical":0,"horizontal":0},"image_box_shadow_box_shadow_type":"yes"},"elements":[],"isInner":false,"widgetType":"image","elType":"widget"}],"isInner":true,"elType":"container","isLocked":true},{"id":"e70f3fc","settings":{"_title":"Slide #1","margin":{"top":"0","left":"0","unit":"px","right":"0","bottom":"0","isLinked":false},"padding":{"top":"5","left":"0","unit":"%","right":"0","bottom":"5","isLinked":false},"_offset_x":{"size":"0","unit":"px","sizes":[]},"_offset_y":{"size":"0","unit":"px","sizes":[]},"boxed_width":{"size":90,"unit":"%","sizes":[]},"_offset_x_end":{"size":"0","unit":"px","sizes":[]},"_offset_y_end":{"size":"0","unit":"px","sizes":[]},"padding_mobile":{"top":"","left":"","unit":"%","right":"","bottom":"","isLinked":true},"padding_tablet":{"top":"","left":"","unit":"%","right":"","bottom":"","isLinked":true},"boxed_width_mobile":{"size":"","unit":"%","sizes":[]},"boxed_width_tablet":{"size":"","unit":"%","sizes":[]}},"elements":[{"id":"72f5fa50","settings":{"view":"traditional","image":{"id":110,"url":"https:\/\/limitless.dev.ananass.fr\/wp-content\/uploads\/2025\/08\/highpoint-gallery-placeholder-demo-image-scaled-3-18.webp"},"width":{"size":100,"unit":"%","sizes":[]},"_offset_x":{"size":"0","unit":"px","sizes":[]},"_offset_y":{"size":"0","unit":"px","sizes":[]},"image_size":"full","width_mobile":{"size":"","unit":"px","sizes":[]},"width_tablet":{"size":"","unit":"px","sizes":[]},"_offset_x_end":{"size":"0","unit":"px","sizes":[]},"_offset_y_end":{"size":"0","unit":"px","sizes":[]},"image_border_radius":{"top":"10","left":"10","unit":"px","right":"10","bottom":"10","isLinked":true},"image_box_shadow_box_shadow":{"blur":40,"color":"rgba(0,0,0,0.5)","spread":0,"vertical":0,"horizontal":0},"image_box_shadow_box_shadow_type":"yes"},"elements":[],"isInner":false,"widgetType":"image","elType":"widget"}],"isInner":true,"elType":"container","isLocked":true},{"id":"3b758816","settings":{"_title":"Slide #1","margin":{"top":"0","left":"0","unit":"px","right":"0","bottom":"0","isLinked":false},"padding":{"top":"5","left":"0","unit":"%","right":"0","bottom":"5","isLinked":false},"_offset_x":{"size":"0","unit":"px","sizes":[]},"_offset_y":{"size":"0","unit":"px","sizes":[]},"boxed_width":{"size":90,"unit":"%","sizes":[]},"_offset_x_end":{"size":"0","unit":"px","sizes":[]},"_offset_y_end":{"size":"0","unit":"px","sizes":[]},"padding_mobile":{"top":"","left":"","unit":"%","right":"","bottom":"","isLinked":true},"padding_tablet":{"top":"","left":"","unit":"%","right":"","bottom":"","isLinked":true},"boxed_width_mobile":{"size":"","unit":"%","sizes":[]},"boxed_width_tablet":{"size":"","unit":"%","sizes":[]}},"elements":[{"id":"1f194ea1","settings":{"view":"traditional","image":{"id":111,"url":"https:\/\/limitless.dev.ananass.fr\/wp-content\/uploads\/2025\/08\/highpoint-gallery-placeholder-demo-image-scaled-2-18.webp"},"width":{"size":100,"unit":"%","sizes":[]},"_offset_x":{"size":"0","unit":"px","sizes":[]},"_offset_y":{"size":"0","unit":"px","sizes":[]},"image_size":"full","width_mobile":{"size":"","unit":"px","sizes":[]},"width_tablet":{"size":"","unit":"px","sizes":[]},"_offset_x_end":{"size":"0","unit":"px","sizes":[]},"_offset_y_end":{"size":"0","unit":"px","sizes":[]},"image_border_radius":{"top":"10","left":"10","unit":"px","right":"10","bottom":"10","isLinked":true},"image_box_shadow_box_shadow":{"blur":40,"color":"rgba(0,0,0,0.5)","spread":0,"vertical":0,"horizontal":0},"image_box_shadow_box_shadow_type":"yes"},"elements":[],"isInner":false,"widgetType":"image","elType":"widget"}],"isInner":true,"elType":"container","isLocked":true}],"isInner":false,"widgetType":"nested-carousel","elType":"widget"}],"isInner":false,"elType":"container"},{"id":"319e804f","settings":{"flex_direction":"column","min_height":{"unit":"vh","size":"","sizes":[]},"min_height_tablet":{"unit":"vh","size":"","sizes":[]},"min_height_mobile":{"unit":"vh","size":"","sizes":[]},"flex_justify_content":"center","flex_align_items":"center","background_image":{"url":"","id":"","size":"","alt":"","source":"library"},"background_position":"top center","background_xpos":{"unit":"px","size":-306,"sizes":[]},"background_ypos":{"unit":"px","size":-41,"sizes":[]},"background_repeat":"no-repeat","background_size":"cover","background_overlay_opacity":{"unit":"px","size":0.9,"sizes":[]},"padding":{"unit":"%","top":"5","right":"5","bottom":"0","left":"5","isLinked":false},"padding_tablet":{"unit":"%","top":"","right":"","bottom":"","left":"","isLinked":true},"padding_mobile":{"unit":"%","top":"","right":"","bottom":"","left":"","isLinked":true},"__globals__":{"background_color":"globals\/colors?id=primary","background_overlay_color":"globals\/colors?id=text","background_color_b":"globals\/colors?id=a2fb886","shape_divider_top_color":"globals\/colors?id=secondary","shape_divider_bottom_color":"globals\/colors?id=a2fb886"},"background_motion_fx_mouseTrack_effect":"yes","background_motion_fx_mouseTrack_speed":{"unit":"px","size":0.1,"sizes":[]},"background_color_b_stop":{"unit":"%","size":55,"sizes":[]},"shape_divider_top_width":{"unit":"%","size":181,"sizes":[]},"shape_divider_top_height":{"unit":"px","size":404,"sizes":[]},"shape_divider_top_flip":"yes","background_background":"classic","shape_divider_bottom_width":{"unit":"%","size":160,"sizes":[]},"shape_divider_bottom_height":{"unit":"px","size":204,"sizes":[]},"boxed_width":{"unit":"px","size":1280,"sizes":[]},"shape_divider_bottom":"pyramids"},"elements":[{"id":"6e51cb81","settings":{"_margin":{"top":"0","left":"0","unit":"px","right":"0","bottom":"0","isLinked":false},"_padding":{"top":"","left":"","unit":"%","right":"","bottom":"","isLinked":true},"autoplay":"","_offset_x":{"size":"0","unit":"px","sizes":[]},"_offset_y":{"size":"0","unit":"px","sizes":[]},"dots_size":{"size":8,"unit":"px","sizes":[]},"pagination":"","arrows_size":{"size":20,"unit":"px","sizes":[]},"_offset_x_end":{"size":"0","unit":"px","sizes":[]},"_offset_y_end":{"size":"0","unit":"px","sizes":[]},"border_radius":{"top":"0","left":"0","unit":"px","right":"0","bottom":"0","isLinked":false},"arrows_padding":{"top":"16","left":"16","unit":"px","right":"16","bottom":"16","isLinked":true},"carousel_items":[{"_id":"ae5dbe5","slide_title":"Slide #1"},{"slide_title":"Slide #1","_id":"af4e9e0"},{"slide_title":"Slide #1","_id":"2c5e687"}],"slides_to_show":"1","_padding_tablet":{"top":"0","left":"0","unit":"px","right":"0","bottom":"0","isLinked":true},"content_padding":{"top":"0","left":"0","unit":"px","right":"0","bottom":"0","isLinked":false},"dots_size_mobile":{"size":8,"unit":"px","sizes":[]},"slides_to_scroll":"1","arrow_hover_color":"#FF5D00","arrow_normal_color":"#FFFFFF","arrows_size_mobile":{"size":16,"unit":"px","sizes":[]},"arrows_size_tablet":{"size":20,"unit":"px","sizes":[]},"offset_width_mobile":{"size":0,"unit":"px","sizes":[]},"offset_width_tablet":{"size":50,"unit":"px","sizes":[]},"arrows_border_radius":{"top":"50","left":"50","unit":"%","right":"50","bottom":"50","isLinked":true},"dots_custom_position":"yes","dots_vertical_offset":{"size":50,"unit":"px","sizes":[]},"image_spacing_custom":{"size":32,"unit":"px","sizes":[]},"arrows_padding_mobile":{"top":"16","left":"16","unit":"px","right":"16","bottom":"16","isLinked":true},"slides_to_show_tablet":"1","dots_horizontal_offset":{"size":"","unit":"px","sizes":[]},"arrows_border_radius_mobile":{"top":"","left":"","unit":"%","right":"","bottom":"","isLinked":true},"arrows_border_radius_tablet":{"top":"","left":"","unit":"%","right":"","bottom":"","isLinked":true},"dots_vertical_offset_mobile":{"size":25,"unit":"px","sizes":[]},"arrows_hover_background_color":"#262626","arrows_hover_border_type_width":{"top":"1","left":"1","unit":"px","right":"1","bottom":"1","isLinked":true},"arrows_normal_background_color":"#FF5D00","arrows_hover_border_type_border":"solid","arrows_normal_border_type_color":"#FF5D00","arrows_normal_border_type_width":{"top":"1","left":"1","unit":"px","right":"1","bottom":"1","isLinked":true},"arrows_normal_border_type_border":"solid","arrows_hover_background_background":"classic","arrows_hover_box_shadow_box_shadow":{"blur":40,"color":"rgba(38.00000000000005, 38.00000000000005, 38.00000000000005, 0.66)","spread":0,"vertical":0,"horizontal":0},"arrows_normal_background_background":"classic","navigation_next_icon_vertical_position":{"size":"","unit":"px","sizes":[]},"arrows_hover_box_shadow_box_shadow_type":"yes","navigation_next_icon_horizontal_position":{"size":-27,"unit":"px","sizes":[]},"navigation_previous_icon_vertical_position":{"size":"","unit":"px","sizes":[]},"navigation_previous_icon_horizontal_position":{"size":-27,"unit":"px","sizes":[]},"navigation_next_icon_horizontal_position_mobile":{"size":10,"unit":"px","sizes":[]},"navigation_next_icon_horizontal_position_tablet":{"size":15,"unit":"px","sizes":[]},"navigation_previous_icon_horizontal_position_mobile":{"size":10,"unit":"px","sizes":[]},"navigation_previous_icon_horizontal_position_tablet":{"size":15,"unit":"px","sizes":[]},"__globals__":{"arrows_normal_background_color":"globals\/colors?id=9b0591c","arrow_normal_color":"globals\/colors?id=primary","arrows_normal_border_type_color":"globals\/colors?id=primary","arrows_hover_background_color":"globals\/colors?id=a2fb886","arrow_hover_color":"globals\/colors?id=primary","arrows_hover_border_type_color":"globals\/colors?id=primary"}},"elements":[{"id":"3f77e351","settings":{"_title":"Slide #1","margin":{"top":"0","left":"0","unit":"px","right":"0","bottom":"0","isLinked":false},"padding":{"top":"5","left":"0","unit":"%","right":"0","bottom":"5","isLinked":false},"_offset_x":{"size":"0","unit":"px","sizes":[]},"_offset_y":{"size":"0","unit":"px","sizes":[]},"boxed_width":{"size":90,"unit":"%","sizes":[]},"_offset_x_end":{"size":"0","unit":"px","sizes":[]},"_offset_y_end":{"size":"0","unit":"px","sizes":[]},"padding_mobile":{"top":"","left":"","unit":"%","right":"","bottom":"","isLinked":true},"padding_tablet":{"top":"","left":"","unit":"%","right":"","bottom":"","isLinked":true},"boxed_width_mobile":{"size":"","unit":"%","sizes":[]},"boxed_width_tablet":{"size":"","unit":"%","sizes":[]}},"elements":[{"id":"631828d3","settings":{"view":"traditional","image":{"id":109,"url":"https:\/\/limitless.dev.ananass.fr\/wp-content\/uploads\/2025\/08\/highpoint-gallery-placeholder-demo-image-scaled-1-18.webp"},"width":{"size":100,"unit":"%","sizes":[]},"_offset_x":{"size":"0","unit":"px","sizes":[]},"_offset_y":{"size":"0","unit":"px","sizes":[]},"image_size":"full","width_mobile":{"size":"","unit":"px","sizes":[]},"width_tablet":{"size":"","unit":"px","sizes":[]},"_offset_x_end":{"size":"0","unit":"px","sizes":[]},"_offset_y_end":{"size":"0","unit":"px","sizes":[]},"image_border_radius":{"top":"10","left":"10","unit":"px","right":"10","bottom":"10","isLinked":true},"image_box_shadow_box_shadow":{"blur":40,"color":"rgba(0,0,0,0.5)","spread":0,"vertical":0,"horizontal":0},"image_box_shadow_box_shadow_type":"yes"},"elements":[],"isInner":false,"widgetType":"image","elType":"widget"}],"isInner":true,"elType":"container","isLocked":true},{"id":"5d8c7eb5","settings":{"_title":"Slide #1","margin":{"top":"0","left":"0","unit":"px","right":"0","bottom":"0","isLinked":false},"padding":{"top":"5","left":"0","unit":"%","right":"0","bottom":"5","isLinked":false},"_offset_x":{"size":"0","unit":"px","sizes":[]},"_offset_y":{"size":"0","unit":"px","sizes":[]},"boxed_width":{"size":90,"unit":"%","sizes":[]},"_offset_x_end":{"size":"0","unit":"px","sizes":[]},"_offset_y_end":{"size":"0","unit":"px","sizes":[]},"padding_mobile":{"top":"","left":"","unit":"%","right":"","bottom":"","isLinked":true},"padding_tablet":{"top":"","left":"","unit":"%","right":"","bottom":"","isLinked":true},"boxed_width_mobile":{"size":"","unit":"%","sizes":[]},"boxed_width_tablet":{"size":"","unit":"%","sizes":[]}},"elements":[{"id":"636a3593","settings":{"view":"traditional","image":{"id":110,"url":"https:\/\/limitless.dev.ananass.fr\/wp-content\/uploads\/2025\/08\/highpoint-gallery-placeholder-demo-image-scaled-3-18.webp"},"width":{"size":100,"unit":"%","sizes":[]},"_offset_x":{"size":"0","unit":"px","sizes":[]},"_offset_y":{"size":"0","unit":"px","sizes":[]},"image_size":"full","width_mobile":{"size":"","unit":"px","sizes":[]},"width_tablet":{"size":"","unit":"px","sizes":[]},"_offset_x_end":{"size":"0","unit":"px","sizes":[]},"_offset_y_end":{"size":"0","unit":"px","sizes":[]},"image_border_radius":{"top":"10","left":"10","unit":"px","right":"10","bottom":"10","isLinked":true},"image_box_shadow_box_shadow":{"blur":40,"color":"rgba(0,0,0,0.5)","spread":0,"vertical":0,"horizontal":0},"image_box_shadow_box_shadow_type":"yes"},"elements":[],"isInner":false,"widgetType":"image","elType":"widget"}],"isInner":true,"elType":"container","isLocked":true},{"id":"4e0f39c8","settings":{"_title":"Slide #1","margin":{"top":"0","left":"0","unit":"px","right":"0","bottom":"0","isLinked":false},"padding":{"top":"5","left":"0","unit":"%","right":"0","bottom":"5","isLinked":false},"_offset_x":{"size":"0","unit":"px","sizes":[]},"_offset_y":{"size":"0","unit":"px","sizes":[]},"boxed_width":{"size":90,"unit":"%","sizes":[]},"_offset_x_end":{"size":"0","unit":"px","sizes":[]},"_offset_y_end":{"size":"0","unit":"px","sizes":[]},"padding_mobile":{"top":"","left":"","unit":"%","right":"","bottom":"","isLinked":true},"padding_tablet":{"top":"","left":"","unit":"%","right":"","bottom":"","isLinked":true},"boxed_width_mobile":{"size":"","unit":"%","sizes":[]},"boxed_width_tablet":{"size":"","unit":"%","sizes":[]}},"elements":[{"id":"acf09f7","settings":{"view":"traditional","image":{"id":111,"url":"https:\/\/limitless.dev.ananass.fr\/wp-content\/uploads\/2025\/08\/highpoint-gallery-placeholder-demo-image-scaled-2-18.webp"},"width":{"size":100,"unit":"%","sizes":[]},"_offset_x":{"size":"0","unit":"px","sizes":[]},"_offset_y":{"size":"0","unit":"px","sizes":[]},"image_size":"full","width_mobile":{"size":"","unit":"px","sizes":[]},"width_tablet":{"size":"","unit":"px","sizes":[]},"_offset_x_end":{"size":"0","unit":"px","sizes":[]},"_offset_y_end":{"size":"0","unit":"px","sizes":[]},"image_border_radius":{"top":"10","left":"10","unit":"px","right":"10","bottom":"10","isLinked":true},"image_box_shadow_box_shadow":{"blur":40,"color":"rgba(0,0,0,0.5)","spread":0,"vertical":0,"horizontal":0},"image_box_shadow_box_shadow_type":"yes"},"elements":[],"isInner":false,"widgetType":"image","elType":"widget"}],"isInner":true,"elType":"container","isLocked":true}],"isInner":false,"widgetType":"nested-carousel","elType":"widget"}],"isInner":false,"elType":"container"}],"settings":{"template":"elementor_header_footer","custom_css":"body{\r\n    overflow-x: hidden;\r\n}\r\n\r\n@media(min-width:1025px){\r\n    .scroll-headline, .scroll-des, .scroll-button{\r\n    opacity: 0;\r\n}\r\n}\r\n\r\n.overlay-zoom{\r\n    position: absolute;\r\n    top: 0;\r\n    left: 0;\r\n    width: 100%;\r\n}"},"metadata":[]}