{"content":[{"id":"14e9185f","settings":{"flex_direction":"row","boxed_width":{"unit":"px","size":1440,"sizes":[]},"background_background":"classic","background_overlay_color_b":"#FFFFFF00","background_overlay_gradient_position":"bottom left","background_overlay_opacity":{"unit":"px","size":0.66,"sizes":[]},"padding":{"unit":"%","top":"5","right":"5","bottom":"5","left":"5","isLinked":true},"padding_tablet":{"unit":"%","top":"","right":"","bottom":"","left":"","isLinked":true},"padding_mobile":{"unit":"%","top":"","right":"","bottom":"","left":"","isLinked":true},"background_overlay_color_stop":{"unit":"%","size":30,"sizes":[]},"background_overlay_gradient_angle":{"unit":"deg","size":360,"sizes":[]},"__globals__":{"background_color":"globals\/colors?id=primary","background_overlay_color":"globals\/colors?id=primary"}},"elements":[{"id":"5fe0081a","settings":{"content_width":"full","min_height":{"unit":"vh","size":72,"sizes":[]},"min_height_tablet":{"unit":"vh","size":"","sizes":[]},"min_height_mobile":{"unit":"vh","size":"","sizes":[]},"flex_direction":"row","background_background":"classic","background_image":{"id":33,"url":"http:\/\/localhost\/wordpress\/wp-content\/uploads\/2025\/08\/logo-limitless-400x199-1-2.png"},"background_position":"initial","background_repeat":"no-repeat","background_size":"initial","border_radius":{"unit":"px","top":"15","right":"15","bottom":"15","left":"15","isLinked":true},"box_shadow_box_shadow_type":"yes","margin":{"unit":"%","top":"5","right":"0","bottom":"0","left":"0","isLinked":false},"margin_tablet":{"unit":"%","top":"","right":"","bottom":"","left":"","isLinked":true},"margin_mobile":{"unit":"%","top":"","right":"","bottom":"","left":"","isLinked":true},"padding":{"unit":"%","top":"3","right":"3","bottom":"3","left":"3","isLinked":true},"padding_tablet":{"unit":"%","top":"","right":"","bottom":"","left":"","isLinked":true},"padding_mobile":{"unit":"%","top":"","right":"","bottom":"","left":"","isLinked":true},"motion_fx_motion_fx_mouse":"yes","motion_fx_tilt_effect":"yes","motion_fx_tilt_speed":{"unit":"px","size":0.2,"sizes":[]},"flex_align_items":"stretch","flex_wrap":"wrap","background_xpos":{"unit":"%","size":110,"sizes":[]},"background_xpos_tablet":{"unit":"%","size":0,"sizes":[]},"background_xpos_mobile":{"unit":"%","size":0,"sizes":[]},"background_ypos":{"unit":"%","size":50,"sizes":[]},"background_ypos_tablet":{"unit":"%","size":0,"sizes":[]},"background_ypos_mobile":{"unit":"%","size":0,"sizes":[]},"background_bg_width":{"unit":"%","size":26,"sizes":[]},"__globals__":{"background_color":"globals\/colors?id=secondary"},"box_shadow_box_shadow":{"horizontal":0,"vertical":0,"blur":1,"spread":0,"color":"rgba(0,0,0,0.5)"}},"elements":[{"id":"68851708","settings":{"__dynamic__":{"image":"[elementor-tag id=\"\" name=\"site-logo\" settings=\"%7B%7D\"]"},"align":"left","width":{"unit":"%","size":10,"sizes":[]},"_element_width":"inherit","_flex_align_self":"flex-start"},"elements":[],"isInner":false,"widgetType":"theme-site-logo","elType":"widget"},{"id":"6db24e36","settings":{"icon_list":[{"text":"List Item #1","selected_icon":{"value":"","library":""},"_id":"7cee890"},{"text":"List Item #2","selected_icon":{"value":"fas fa-angle-right","library":"fa-solid"},"_id":"b8e6fb6"},{"text":"List Item #2","selected_icon":{"value":"fas fa-angle-right","library":"fa-solid"},"_id":"9fdc726"},{"text":"List Item #2","selected_icon":{"value":"fas fa-angle-right","library":"fa-solid"},"_id":"a004239"},{"text":"List Item #2","selected_icon":{"value":"fas fa-angle-right","library":"fa-solid"},"_id":"40bee8c"}],"_flex_align_self":"center","space_between":{"unit":"px","size":5,"sizes":[]},"icon_align":"center","__globals__":{"text_color":"globals\/colors?id=text","icon_color":"globals\/colors?id=74c9197"}},"elements":[],"isInner":false,"widgetType":"icon-list","elType":"widget"},{"id":"78055218","settings":{"icon_list":[{"text":"List Item #1","selected_icon":{"value":"","library":""},"_id":"7cee890"},{"text":"List Item #2","selected_icon":{"value":"fas fa-angle-right","library":"fa-solid"},"_id":"b8e6fb6"},{"text":"List Item #2","selected_icon":{"value":"fas fa-angle-right","library":"fa-solid"},"_id":"9fdc726"},{"text":"List Item #2","selected_icon":{"value":"fas fa-angle-right","library":"fa-solid"},"_id":"a004239"},{"text":"List Item #2","selected_icon":{"value":"fas fa-angle-right","library":"fa-solid"},"_id":"40bee8c"}],"_flex_align_self":"center","space_between":{"unit":"px","size":5,"sizes":[]},"icon_align":"center","__globals__":{"text_color":"globals\/colors?id=text","icon_color":"globals\/colors?id=74c9197"}},"elements":[],"isInner":false,"widgetType":"icon-list","elType":"widget"},{"id":"2b4ee7dd","settings":{"icon_list":[{"text":"List Item #1","selected_icon":{"value":"","library":""},"_id":"7cee890"},{"text":"List Item #2","selected_icon":{"value":"fas fa-angle-right","library":"fa-solid"},"_id":"b8e6fb6"},{"text":"List Item #2","selected_icon":{"value":"fas fa-angle-right","library":"fa-solid"},"_id":"9fdc726"},{"text":"List Item #2","selected_icon":{"value":"fas fa-angle-right","library":"fa-solid"},"_id":"a004239"},{"text":"List Item #2","selected_icon":{"value":"fas fa-angle-right","library":"fa-solid"},"_id":"40bee8c"}],"_flex_align_self":"center","space_between":{"unit":"px","size":5,"sizes":[]},"icon_align":"center","__globals__":{"text_color":"globals\/colors?id=text","icon_color":"globals\/colors?id=74c9197"}},"elements":[],"isInner":false,"widgetType":"icon-list","elType":"widget"},{"id":"102e5957","settings":{"icon_list":[{"text":"List Item #1","selected_icon":{"value":"","library":""},"_id":"7cee890"},{"text":"List Item #2","selected_icon":{"value":"fas fa-angle-right","library":"fa-solid"},"_id":"b8e6fb6"},{"text":"List Item #2","selected_icon":{"value":"fas fa-angle-right","library":"fa-solid"},"_id":"9fdc726"},{"text":"List Item #2","selected_icon":{"value":"fas fa-angle-right","library":"fa-solid"},"_id":"a004239"},{"text":"List Item #2","selected_icon":{"value":"fas fa-angle-right","library":"fa-solid"},"_id":"40bee8c"}],"_flex_align_self":"center","space_between":{"unit":"px","size":5,"sizes":[]},"icon_align":"center","__globals__":{"text_color":"globals\/colors?id=text","icon_color":"globals\/colors?id=74c9197"}},"elements":[],"isInner":false,"widgetType":"icon-list","elType":"widget"},{"id":"5a437327","settings":{"text":"Divider","color":"#FFFFFF36","_element_width":"inherit","_flex_align_self":"flex-end"},"elements":[],"isInner":false,"widgetType":"divider","elType":"widget"},{"id":"3c1e9ef4","settings":{"icon_list":[{"text":"Limitless Theme","selected_icon":{"value":"","library":""},"_id":"7cee890"}],"icon_color":"#FFFFFF","view":"inline","_element_width":"initial","_element_custom_width":{"unit":"%","size":48,"sizes":[]},"_flex_align_self":"center","__globals__":{"text_color":"globals\/colors?id=text"}},"elements":[],"isInner":false,"widgetType":"icon-list","elType":"widget"},{"id":"67bd7512","settings":{"icon_list":[{"text":"Terms","selected_icon":{"value":"","library":""},"_id":"7cee890"},{"text":"Privacy","selected_icon":{"value":"","library":""},"_id":"435d45e"},{"text":"Manage cookies","selected_icon":{"value":"","library":""},"_id":"98a4a8c"}],"icon_color":"#FFFFFF","view":"inline","icon_align":"right","_element_width":"initial","_element_custom_width":{"unit":"%","size":50,"sizes":[]},"_flex_align_self":"center","__globals__":{"text_color":"globals\/colors?id=text"}},"elements":[],"isInner":false,"widgetType":"icon-list","elType":"widget"}],"isInner":true,"elType":"container"}],"isInner":false,"elType":"container"}],"settings":[],"metadata":[]}