{"content":[{"id":"40843f9d","settings":{"layout":"full_width","gap":"no","height":"min-height","column_position":"stretch","background_background":"classic","background_image":{"id":"13","url":"https:\/\/limitless.dev.ananass.fr\/wp-content\/uploads\/2025\/08\/Ferryman_elementor_kit_plumber_ananass-6-2-1-1.jpg"},"background_overlay_background":"gradient","background_overlay_color_b":"#FEFFFD","background_overlay_opacity":{"unit":"px","size":1,"sizes":[]},"padding":{"unit":"%","top":"","right":"","bottom":"","left":"","isLinked":true},"padding_tablet":{"unit":"%","top":"","right":"","bottom":"","left":"","isLinked":true},"padding_mobile":{"unit":"%","top":"","right":"","bottom":"","left":"","isLinked":true},"__globals__":{"background_overlay_color_b":"globals\/colors?id=571c1bb","background_overlay_color":""},"_title":"Title","custom_height":{"unit":"px","size":500,"sizes":[]},"background_overlay_color":"#FEFFFD7D","background_repeat":"no-repeat","background_size":"cover"},"elements":[{"id":"2b9030eb","settings":{"_column_size":100,"_inline_size":null,"content_position":"center","padding_mobile":{"unit":"px","top":"35","right":"35","bottom":"35","left":"35","isLinked":true},"__globals__":[]},"elements":[{"id":"58a31a5e","settings":{"__dynamic__":{"title":"[elementor-tag id=\"\" name=\"page-title\" settings=\"%7B%22include_context%22%3A%22%22%2C%22show_home_title%22%3A%22%22%2C%22before%22%3A%22%22%2C%22after%22%3A%22%22%2C%22fallback%22%3A%22%22%7D\"]","link":"[elementor-tag id=\"90683ac\" name=\"internal-url\" settings=\"%7B%22type%22%3A%22post%22%2C%22post_id%22%3A129%2C%22taxonomy_id%22%3A%22%22%2C%22attachment_id%22%3A%22%22%2C%22author_id%22%3A%22%22%7D\"]"},"title":"Add Your Heading Text Here","header_size":"span","align":"center","__globals__":{"title_color":"globals\/colors?id=text","typography_typography":"globals\/typography?id=primary"}},"elements":[],"isInner":false,"widgetType":"theme-page-title","elType":"widget"},{"id":"25420699","settings":{"title":"What service we offer","align":"center","__globals__":{"typography_typography":"globals\/typography?id=secondary","title_color":"globals\/colors?id=text"},"_padding":{"unit":"px","top":"25","right":"0","bottom":"25","left":"0","isLinked":false},"title_color":"#3D4573","link":{"url":"","is_external":"","nofollow":"","custom_attributes":"aria-label|Ki elementor for plumbing experts"},"header_size":"h1"},"elements":[],"isInner":false,"widgetType":"heading","elType":"widget"}],"isInner":false,"elType":"column"}],"isInner":false,"elType":"section"},{"id":"2f699fca","settings":{"background_background":"classic","background_color":"#FEFFFD","background_repeat":"no-repeat","background_size":"cover","background_overlay_color":"#FEFFFD","background_overlay_color_b":"#FEFFFD00","background_overlay_opacity":{"unit":"px","size":1,"sizes":[]},"gap":"no","background_attachment":"fixed","_title":"Our services","layout":"full_width","background_overlay_color_stop":{"unit":"%","size":21,"sizes":[]},"__globals__":{"background_color":"globals\/colors?id=571c1bb","background_overlay_color":"globals\/colors?id=571c1bb","background_overlay_color_b":""},"background_image_mobile":{"url":"https:\/\/ferryman.dev.ananass.fr\/wp-content\/uploads\/2022\/06\/ferryman-kit-elementor-bathroom-1.png","id":57,"alt":"","source":"library"},"background_size_mobile":"initial","background_bg_width_mobile":{"unit":"px","size":0,"sizes":[]}},"elements":[{"id":"32b88f20","settings":{"_column_size":100,"_inline_size":null,"align":"center","align_mobile":"flex-start","padding_mobile":{"unit":"px","top":"35","right":"35","bottom":"35","left":"35","isLinked":true},"padding":{"unit":"px","top":"0","right":"0","bottom":"0","left":"0","isLinked":true}},"elements":[{"id":"71d906b8","settings":{"content_width":{"unit":"px","size":1200,"sizes":[]},"structure":"40","layout":"full_width","padding":{"unit":"%","top":"5","right":"5","bottom":"0","left":"5","isLinked":false},"padding_tablet":{"unit":"%","top":"","right":"","bottom":"","left":"","isLinked":true},"padding_mobile":{"unit":"%","top":"0","right":"0","bottom":"0","left":"0","isLinked":true},"gap":"no","_title":"Row 1 service"},"elements":[{"id":"2f9c8a5a","settings":{"_column_size":25,"_inline_size":null,"background_background":"classic","border_color":"#F9F9FC","padding":{"unit":"px","top":"25","right":"25","bottom":"25","left":"25","isLinked":true},"background_overlay_hover_color":"#F9F9FC","background_overlay_hover_color_b":"#F9F9FC00","background_overlay_hover_opacity":{"unit":"px","size":0.88,"sizes":[]},"background_overlay_hover_transition":{"unit":"px","size":1.5,"sizes":[]},"motion_fx_translateY_effect":"yes","motion_fx_translateY_affectedRange":{"unit":"%","size":"","sizes":{"start":0,"end":50}},"motion_fx_mouseTrack_direction":"negative","motion_fx_tilt_direction":"negative","motion_fx_tilt_speed":{"unit":"px","size":2.7,"sizes":[]},"animation":"fadeInUp","border_radius_hover":{"unit":"px","top":"10","right":"10","bottom":"10","left":"10","isLinked":true},"box_shadow_hover_box_shadow_type":"yes","box_shadow_hover_box_shadow":{"horizontal":0,"vertical":16.29,"blur":80,"spread":0,"color":"rgba(0, 0, 0, 0.1)"},"motion_fx_translateY_speed":{"unit":"px","size":6.1,"sizes":[]},"border_width":{"unit":"px","top":"1","right":"1","bottom":"1","left":"1","isLinked":true},"border_radius":{"unit":"px","top":"5","right":"5","bottom":"5","left":"5","isLinked":true},"animation_delay":500,"margin":{"unit":"px","top":"15","right":"15","bottom":"15","left":"15","isLinked":true},"content_position":"center","align":"center","background_hover_background":"classic","background_hover_color":"#FFFFFF","background_hover_image":{"url":"","id":"","alt":"","source":"library"},"background_hover_position":"bottom right","background_hover_repeat":"no-repeat","background_hover_size":"initial","background_hover_bg_width":{"unit":"%","size":14,"sizes":[]},"background_hover_transition":{"unit":"px","size":0.8,"sizes":[]},"background_overlay_hover_image":{"url":"","id":"","alt":"","source":"library"},"background_overlay_hover_position":"center center","background_overlay_hover_repeat":"no-repeat","background_overlay_hover_size":"cover","_inline_size_tablet":50,"__globals__":{"background_color":"globals\/colors?id=040e214"},"margin_mobile":{"unit":"%","top":"5","right":"0","bottom":"20","left":"0","isLinked":false},"padding_mobile":{"unit":"px","top":"10","right":"10","bottom":"10","left":"10","isLinked":true}},"elements":[{"id":"55e46fdb","settings":{"__dynamic__":{"image":"[elementor-tag id=\"\" name=\"post-featured-image\" settings=\"%7B%22fallback%22%3A%7B%22url%22%3A%22https%3A%5C%2F%5C%2Fferryman.dev.ananass.fr%5C%2Fwp-content%5C%2Fuploads%5C%2F2022%5C%2F11%5C%2FFerryman_elementor_kit_plumber_ananass-18-1-1.jpg%22%2C%22id%22%3A23%2C%22size%22%3A%22%22%2C%22alt%22%3A%22%22%2C%22source%22%3A%22library%22%7D%7D\"]"},"align":"center","css_filters_hover_brightness":{"unit":"px","size":144,"sizes":[]},"css_filters_hover_contrast":{"unit":"px","size":115,"sizes":[]},"css_filters_hover_saturate":{"unit":"px","size":111,"sizes":[]},"css_filters_hover_hue":{"unit":"px","size":49,"sizes":[]},"background_hover_transition":{"unit":"px","size":0.9,"sizes":[]},"hover_animation":"bob","image_border_radius":{"unit":"px","top":"5","right":"5","bottom":"5","left":"5","isLinked":true},"_margin":{"unit":"px","top":"-65","right":"0","bottom":"0","left":"0","isLinked":false}},"elements":[],"isInner":false,"widgetType":"theme-post-featured-image","elType":"widget"},{"id":"6f2b6b21","settings":{"selected_icon":{"value":{"id":55,"url":"https:\/\/limitless.dev.ananass.fr\/wp-content\/uploads\/2025\/08\/salle-de-bains-1-1-1-1.svg"},"library":"svg"},"title_text":"Creation bathroom","description_text":"Lorem Ipsum is simply ","icon_size":{"unit":"px","size":40,"sizes":[]},"_transform_scale_effect_hover":{"unit":"px","size":1.1,"sizes":[]},"_transform_skewX_effect_hover":{"unit":"px","size":70,"sizes":[]},"_transform_transition_hover":{"unit":"px","size":500,"sizes":[]},"__globals__":{"primary_color":"globals\/colors?id=accent","title_color":"globals\/colors?id=text","title_typography_typography":"globals\/typography?id=accent","description_color":"globals\/colors?id=text","description_typography_typography":""},"icon_space":{"unit":"px","size":"","sizes":[]},"primary_color":"#FD830D","position":"top","text_align":"center","description_typography_typography":"custom","description_typography_font_family":"Inter","description_typography_font_size":{"unit":"px","size":13,"sizes":[]},"description_typography_font_weight":"400","_padding":{"unit":"px","top":"15","right":"15","bottom":"15","left":"15","isLinked":true},"description_color":"#54595F","_transform_keep_proportions":"","_transform_scale_effect":{"unit":"px","size":1.1,"sizes":[]},"link":{"url":"#","is_external":"","nofollow":"","custom_attributes":"aria-label|Creation bathroom"},"view":"stacked","_margin":{"unit":"px","top":"-75","right":"0","bottom":"0","left":"0","isLinked":false}},"elements":[],"isInner":false,"widgetType":"icon-box","elType":"widget"}],"isInner":true,"elType":"column"},{"id":"4185b0c9","settings":{"_column_size":25,"_inline_size":null,"background_background":"classic","border_color":"#F9F9FC","padding":{"unit":"px","top":"25","right":"25","bottom":"25","left":"25","isLinked":true},"background_overlay_hover_color":"#F9F9FC","background_overlay_hover_color_b":"#F9F9FC00","background_overlay_hover_opacity":{"unit":"px","size":0.88,"sizes":[]},"background_overlay_hover_transition":{"unit":"px","size":1.5,"sizes":[]},"motion_fx_translateY_effect":"yes","motion_fx_translateY_affectedRange":{"unit":"%","size":"","sizes":{"start":0,"end":50}},"motion_fx_mouseTrack_direction":"negative","motion_fx_tilt_direction":"negative","motion_fx_tilt_speed":{"unit":"px","size":2.7,"sizes":[]},"animation":"fadeInUp","border_radius_hover":{"unit":"px","top":"10","right":"10","bottom":"10","left":"10","isLinked":true},"box_shadow_hover_box_shadow_type":"yes","box_shadow_hover_box_shadow":{"horizontal":0,"vertical":16.29,"blur":80,"spread":0,"color":"rgba(0, 0, 0, 0.1)"},"motion_fx_translateY_speed":{"unit":"px","size":6.1,"sizes":[]},"border_width":{"unit":"px","top":"1","right":"1","bottom":"1","left":"1","isLinked":true},"border_radius":{"unit":"px","top":"5","right":"5","bottom":"5","left":"5","isLinked":true},"animation_delay":500,"margin":{"unit":"px","top":"15","right":"15","bottom":"15","left":"15","isLinked":true},"content_position":"center","align":"center","background_hover_background":"classic","background_hover_color":"#FFFFFF","background_hover_image":{"url":"","id":"","alt":"","source":"library"},"background_hover_position":"bottom right","background_hover_repeat":"no-repeat","background_hover_size":"initial","background_hover_bg_width":{"unit":"%","size":14,"sizes":[]},"background_hover_transition":{"unit":"px","size":0.8,"sizes":[]},"background_overlay_hover_image":{"url":"","id":"","alt":"","source":"library"},"background_overlay_hover_position":"center center","background_overlay_hover_repeat":"no-repeat","background_overlay_hover_size":"cover","_inline_size_tablet":50,"margin_mobile":{"unit":"%","top":"5","right":"0","bottom":"20","left":"0","isLinked":false},"padding_mobile":{"unit":"px","top":"10","right":"10","bottom":"10","left":"10","isLinked":true},"__globals__":{"background_color":"globals\/colors?id=040e214"}},"elements":[{"id":"1d93ab06","settings":{"__dynamic__":{"image":"[elementor-tag id=\"\" name=\"post-featured-image\" settings=\"%7B%22fallback%22%3A%7B%22url%22%3A%22https%3A%5C%2F%5C%2Fferryman.ananass.fr%5C%2Fwp-content%5C%2Fuploads%5C%2F2022%5C%2F11%5C%2FFerryman_elementor_kit_plumber_ananass-17-1-1.jpg%22%2C%22id%22%3A24%2C%22size%22%3A%22%22%2C%22alt%22%3A%22%22%2C%22source%22%3A%22library%22%7D%7D\"]"},"css_filters_hover_brightness":{"unit":"px","size":144,"sizes":[]},"css_filters_hover_contrast":{"unit":"px","size":115,"sizes":[]},"css_filters_hover_saturate":{"unit":"px","size":111,"sizes":[]},"css_filters_hover_hue":{"unit":"px","size":49,"sizes":[]},"background_hover_transition":{"unit":"px","size":0.9,"sizes":[]},"hover_animation":"bob","image_border_radius":{"unit":"px","top":"5","right":"5","bottom":"5","left":"5","isLinked":true},"_margin":{"unit":"px","top":"-65","right":"0","bottom":"0","left":"0","isLinked":false}},"elements":[],"isInner":false,"widgetType":"theme-post-featured-image","elType":"widget"},{"id":"2263b350","settings":{"selected_icon":{"value":{"id":57,"url":"https:\/\/limitless.dev.ananass.fr\/wp-content\/uploads\/2025\/08\/salle-de-bains-2-1-1.svg"},"library":"svg"},"title_text":"Bathroom renovation","description_text":"Lorem Ipsum is simply ","icon_size":{"unit":"px","size":40,"sizes":[]},"_transform_scale_effect_hover":{"unit":"px","size":1.1,"sizes":[]},"_transform_skewX_effect_hover":{"unit":"px","size":70,"sizes":[]},"_transform_transition_hover":{"unit":"px","size":500,"sizes":[]},"__globals__":{"primary_color":"globals\/colors?id=accent","title_color":"globals\/colors?id=text","title_typography_typography":"globals\/typography?id=accent","description_color":"globals\/colors?id=text","description_typography_typography":""},"icon_space":{"unit":"px","size":"","sizes":[]},"primary_color":"#FD830D","position":"top","text_align":"center","description_color":"#54595F","description_typography_typography":"custom","description_typography_font_family":"Inter","description_typography_font_size":{"unit":"px","size":13,"sizes":[]},"description_typography_font_weight":"400","_padding":{"unit":"px","top":"15","right":"15","bottom":"15","left":"15","isLinked":true},"_transform_keep_proportions":"","_transform_scale_effect":{"unit":"px","size":1.1,"sizes":[]},"link":{"url":"","is_external":"","nofollow":"","custom_attributes":"aria-label|Bathroom renovation"},"view":"stacked","_margin":{"unit":"px","top":"-75","right":"0","bottom":"0","left":"0","isLinked":false}},"elements":[],"isInner":false,"widgetType":"icon-box","elType":"widget"}],"isInner":true,"elType":"column"},{"id":"3e3942d5","settings":{"_column_size":25,"_inline_size":null,"background_background":"classic","border_color":"#F9F9FC","padding":{"unit":"px","top":"25","right":"25","bottom":"25","left":"25","isLinked":true},"background_overlay_hover_color":"#F9F9FC","background_overlay_hover_color_b":"#F9F9FC00","background_overlay_hover_opacity":{"unit":"px","size":0.88,"sizes":[]},"background_overlay_hover_transition":{"unit":"px","size":1.5,"sizes":[]},"motion_fx_translateY_effect":"yes","motion_fx_translateY_affectedRange":{"unit":"%","size":"","sizes":{"start":0,"end":50}},"motion_fx_mouseTrack_direction":"negative","motion_fx_tilt_direction":"negative","motion_fx_tilt_speed":{"unit":"px","size":2.7,"sizes":[]},"animation":"fadeInUp","border_radius_hover":{"unit":"px","top":"10","right":"10","bottom":"10","left":"10","isLinked":true},"box_shadow_hover_box_shadow_type":"yes","box_shadow_hover_box_shadow":{"horizontal":0,"vertical":16.29,"blur":80,"spread":0,"color":"rgba(0, 0, 0, 0.1)"},"motion_fx_translateY_speed":{"unit":"px","size":6.1,"sizes":[]},"border_width":{"unit":"px","top":"1","right":"1","bottom":"1","left":"1","isLinked":true},"border_radius":{"unit":"px","top":"5","right":"5","bottom":"5","left":"5","isLinked":true},"animation_delay":500,"margin":{"unit":"px","top":"15","right":"15","bottom":"15","left":"15","isLinked":true},"content_position":"center","align":"center","background_hover_background":"classic","background_hover_color":"#FFFFFF","background_hover_image":{"url":"","id":"","alt":"","source":"library"},"background_hover_position":"bottom right","background_hover_repeat":"no-repeat","background_hover_size":"initial","background_hover_bg_width":{"unit":"%","size":14,"sizes":[]},"background_hover_transition":{"unit":"px","size":0.8,"sizes":[]},"background_overlay_hover_image":{"url":"","id":"","alt":"","source":"library"},"background_overlay_hover_position":"center center","background_overlay_hover_repeat":"no-repeat","background_overlay_hover_size":"cover","_inline_size_tablet":50,"margin_mobile":{"unit":"%","top":"5","right":"0","bottom":"20","left":"0","isLinked":false},"padding_mobile":{"unit":"px","top":"10","right":"10","bottom":"10","left":"10","isLinked":true},"__globals__":{"background_color":"globals\/colors?id=040e214"}},"elements":[{"id":"3d21dbdd","settings":{"__dynamic__":{"image":"[elementor-tag id=\"\" name=\"post-featured-image\" settings=\"%7B%22fallback%22%3A%7B%22url%22%3A%22https%3A%5C%2F%5C%2Fferryman.dev.ananass.fr%5C%2Fwp-content%5C%2Fuploads%5C%2F2022%5C%2F11%5C%2FFerryman_elementor_kit_plumber_ananass-14-1-1.jpg%22%2C%22id%22%3A37%2C%22size%22%3A%22%22%2C%22alt%22%3A%22%22%2C%22source%22%3A%22library%22%7D%7D\"]"},"css_filters_hover_brightness":{"unit":"px","size":144,"sizes":[]},"css_filters_hover_contrast":{"unit":"px","size":115,"sizes":[]},"css_filters_hover_saturate":{"unit":"px","size":111,"sizes":[]},"css_filters_hover_hue":{"unit":"px","size":49,"sizes":[]},"background_hover_transition":{"unit":"px","size":0.9,"sizes":[]},"hover_animation":"bob","image_border_radius":{"unit":"px","top":"5","right":"5","bottom":"5","left":"5","isLinked":true},"_margin":{"unit":"px","top":"-65","right":"0","bottom":"0","left":"0","isLinked":false}},"elements":[],"isInner":false,"widgetType":"theme-post-featured-image","elType":"widget"},{"id":"4f4563f","settings":{"selected_icon":{"value":{"id":60,"url":"https:\/\/limitless.dev.ananass.fr\/wp-content\/uploads\/2025\/08\/temperatures-1-1-1.svg"},"library":"svg"},"title_text":"Heat pump","description_text":"Lorem Ipsum is simply ","icon_size":{"unit":"px","size":40,"sizes":[]},"_transform_scale_effect_hover":{"unit":"px","size":1.1,"sizes":[]},"_transform_skewX_effect_hover":{"unit":"px","size":70,"sizes":[]},"_transform_transition_hover":{"unit":"px","size":500,"sizes":[]},"__globals__":{"primary_color":"globals\/colors?id=accent","title_color":"globals\/colors?id=text","title_typography_typography":"globals\/typography?id=accent","description_color":"globals\/colors?id=text","description_typography_typography":""},"icon_space":{"unit":"px","size":"","sizes":[]},"primary_color":"#FD830D","position":"top","text_align":"center","description_typography_typography":"custom","description_typography_font_family":"Inter","description_typography_font_size":{"unit":"px","size":13,"sizes":[]},"description_typography_font_weight":"400","_padding":{"unit":"px","top":"15","right":"15","bottom":"15","left":"15","isLinked":true},"description_color":"#54595F","_transform_keep_proportions":"","_transform_scale_effect":{"unit":"px","size":1.1,"sizes":[]},"link":{"url":"","is_external":"","nofollow":"","custom_attributes":"aria-label|Heat pump"},"view":"stacked","_margin":{"unit":"px","top":"-75","right":"0","bottom":"0","left":"0","isLinked":false}},"elements":[],"isInner":false,"widgetType":"icon-box","elType":"widget"}],"isInner":true,"elType":"column"},{"id":"6f0de3e8","settings":{"_column_size":25,"_inline_size":null,"background_background":"classic","border_color":"#F9F9FC","padding":{"unit":"px","top":"25","right":"25","bottom":"25","left":"25","isLinked":true},"background_overlay_hover_color":"#F9F9FC","background_overlay_hover_color_b":"#F9F9FC00","background_overlay_hover_opacity":{"unit":"px","size":0.88,"sizes":[]},"background_overlay_hover_transition":{"unit":"px","size":1.5,"sizes":[]},"motion_fx_translateY_effect":"yes","motion_fx_translateY_affectedRange":{"unit":"%","size":"","sizes":{"start":0,"end":50}},"motion_fx_mouseTrack_direction":"negative","motion_fx_tilt_direction":"negative","motion_fx_tilt_speed":{"unit":"px","size":2.7,"sizes":[]},"animation":"fadeInUp","border_radius_hover":{"unit":"px","top":"10","right":"10","bottom":"10","left":"10","isLinked":true},"box_shadow_hover_box_shadow_type":"yes","box_shadow_hover_box_shadow":{"horizontal":0,"vertical":16.29,"blur":80,"spread":0,"color":"rgba(0, 0, 0, 0.1)"},"motion_fx_translateY_speed":{"unit":"px","size":6.1,"sizes":[]},"border_width":{"unit":"px","top":"1","right":"1","bottom":"1","left":"1","isLinked":true},"border_radius":{"unit":"px","top":"5","right":"5","bottom":"5","left":"5","isLinked":true},"animation_delay":500,"margin":{"unit":"px","top":"15","right":"15","bottom":"15","left":"15","isLinked":true},"content_position":"center","align":"center","background_hover_background":"classic","background_hover_color":"#FFFFFF","background_hover_image":{"url":"","id":"","alt":"","source":"library"},"background_hover_position":"bottom right","background_hover_repeat":"no-repeat","background_hover_size":"initial","background_hover_bg_width":{"unit":"%","size":14,"sizes":[]},"background_hover_transition":{"unit":"px","size":0.8,"sizes":[]},"background_overlay_hover_image":{"url":"","id":"","alt":"","source":"library"},"background_overlay_hover_position":"center center","background_overlay_hover_repeat":"no-repeat","background_overlay_hover_size":"cover","_inline_size_tablet":50,"margin_mobile":{"unit":"%","top":"5","right":"0","bottom":"20","left":"0","isLinked":false},"padding_mobile":{"unit":"px","top":"10","right":"10","bottom":"10","left":"10","isLinked":true},"__globals__":{"background_color":"globals\/colors?id=040e214"}},"elements":[{"id":"62f49af4","settings":{"__dynamic__":{"image":"[elementor-tag id=\"\" name=\"post-featured-image\" settings=\"%7B%22fallback%22%3A%7B%22url%22%3A%22https%3A%5C%2F%5C%2Fferryman.dev.ananass.fr%5C%2Fwp-content%5C%2Fuploads%5C%2F2022%5C%2F11%5C%2FFerryman_elementor_kit_plumber_ananass-15-1-1.jpg%22%2C%22id%22%3A39%2C%22size%22%3A%22%22%2C%22alt%22%3A%22%22%2C%22source%22%3A%22library%22%7D%7D\"]"},"css_filters_hover_brightness":{"unit":"px","size":144,"sizes":[]},"css_filters_hover_contrast":{"unit":"px","size":115,"sizes":[]},"css_filters_hover_saturate":{"unit":"px","size":111,"sizes":[]},"css_filters_hover_hue":{"unit":"px","size":49,"sizes":[]},"background_hover_transition":{"unit":"px","size":0.9,"sizes":[]},"hover_animation":"bob","image_border_radius":{"unit":"px","top":"5","right":"5","bottom":"5","left":"5","isLinked":true},"_margin":{"unit":"px","top":"-65","right":"0","bottom":"0","left":"0","isLinked":false}},"elements":[],"isInner":false,"widgetType":"theme-post-featured-image","elType":"widget"},{"id":"551496ed","settings":{"selected_icon":{"value":{"id":63,"url":"https:\/\/limitless.dev.ananass.fr\/wp-content\/uploads\/2025\/08\/Underfloor-Heating-1-1-1.svg"},"library":"svg"},"title_text":"Heating systems","description_text":"Lorem Ipsum is simply ","icon_size":{"unit":"px","size":40,"sizes":[]},"_transform_scale_effect_hover":{"unit":"px","size":1.1,"sizes":[]},"_transform_skewX_effect_hover":{"unit":"px","size":70,"sizes":[]},"_transform_transition_hover":{"unit":"px","size":500,"sizes":[]},"__globals__":{"primary_color":"globals\/colors?id=accent","title_color":"globals\/colors?id=text","title_typography_typography":"globals\/typography?id=accent","description_color":"globals\/colors?id=text","description_typography_typography":""},"icon_space":{"unit":"px","size":"","sizes":[]},"primary_color":"#FD830D","position":"top","text_align":"center","description_typography_typography":"custom","description_typography_font_family":"Inter","description_typography_font_size":{"unit":"px","size":13,"sizes":[]},"description_typography_font_weight":"400","_padding":{"unit":"px","top":"15","right":"15","bottom":"15","left":"15","isLinked":true},"description_color":"#54595F","_transform_keep_proportions":"","_transform_scale_effect":{"unit":"px","size":1.1,"sizes":[]},"link":{"url":"","is_external":"","nofollow":"","custom_attributes":"aria-label|Heating systems"},"view":"stacked","_margin":{"unit":"px","top":"-75","right":"0","bottom":"0","left":"0","isLinked":false}},"elements":[],"isInner":false,"widgetType":"icon-box","elType":"widget"}],"isInner":true,"elType":"column"}],"isInner":true,"elType":"section"},{"id":"140a6144","settings":{"content_width":{"unit":"px","size":1200,"sizes":[]},"structure":"40","layout":"full_width","padding":{"unit":"%","top":"5","right":"5","bottom":"5","left":"5","isLinked":false},"padding_tablet":{"unit":"%","top":"","right":"","bottom":"","left":"","isLinked":true},"padding_mobile":{"unit":"%","top":"0","right":"0","bottom":"0","left":"0","isLinked":true},"gap":"no","_title":"Row 1 service"},"elements":[{"id":"56f5ec3f","settings":{"_column_size":25,"_inline_size":null,"background_background":"classic","border_color":"#F9F9FC","padding":{"unit":"px","top":"25","right":"25","bottom":"25","left":"25","isLinked":true},"background_overlay_hover_color":"#F9F9FC","background_overlay_hover_color_b":"#F9F9FC00","background_overlay_hover_opacity":{"unit":"px","size":0.88,"sizes":[]},"background_overlay_hover_transition":{"unit":"px","size":1.5,"sizes":[]},"motion_fx_translateY_effect":"yes","motion_fx_translateY_affectedRange":{"unit":"%","size":"","sizes":{"start":0,"end":50}},"motion_fx_mouseTrack_direction":"negative","motion_fx_tilt_direction":"negative","motion_fx_tilt_speed":{"unit":"px","size":2.7,"sizes":[]},"animation":"fadeInUp","border_radius_hover":{"unit":"px","top":"10","right":"10","bottom":"10","left":"10","isLinked":true},"box_shadow_hover_box_shadow_type":"yes","box_shadow_hover_box_shadow":{"horizontal":0,"vertical":16.29,"blur":80,"spread":0,"color":"rgba(0, 0, 0, 0.1)"},"motion_fx_translateY_speed":{"unit":"px","size":6.1,"sizes":[]},"border_width":{"unit":"px","top":"1","right":"1","bottom":"1","left":"1","isLinked":true},"border_radius":{"unit":"px","top":"5","right":"5","bottom":"5","left":"5","isLinked":true},"animation_delay":500,"margin":{"unit":"px","top":"15","right":"15","bottom":"15","left":"15","isLinked":true},"content_position":"center","align":"center","background_hover_background":"classic","background_hover_color":"#FFFFFF","background_hover_image":{"url":"","id":"","alt":"","source":"library"},"background_hover_position":"bottom right","background_hover_repeat":"no-repeat","background_hover_size":"initial","background_hover_bg_width":{"unit":"%","size":14,"sizes":[]},"background_hover_transition":{"unit":"px","size":0.8,"sizes":[]},"background_overlay_hover_image":{"url":"","id":"","alt":"","source":"library"},"background_overlay_hover_position":"center center","background_overlay_hover_repeat":"no-repeat","background_overlay_hover_size":"cover","_inline_size_tablet":50,"__globals__":{"background_color":"globals\/colors?id=040e214"},"margin_mobile":{"unit":"%","top":"5","right":"0","bottom":"20","left":"0","isLinked":false},"padding_mobile":{"unit":"px","top":"10","right":"10","bottom":"10","left":"10","isLinked":true}},"elements":[{"id":"75500132","settings":{"__dynamic__":{"image":"[elementor-tag id=\"\" name=\"post-featured-image\" settings=\"%7B%22fallback%22%3A%7B%22url%22%3A%22https%3A%5C%2F%5C%2Fferryman.dev.ananass.fr%5C%2Fwp-content%5C%2Fuploads%5C%2F2022%5C%2F11%5C%2FFerryman_elementor_kit_plumber_ananass-16-1-1.jpg%22%2C%22id%22%3A41%2C%22size%22%3A%22%22%2C%22alt%22%3A%22%22%2C%22source%22%3A%22library%22%7D%7D\"]"},"css_filters_hover_brightness":{"unit":"px","size":144,"sizes":[]},"css_filters_hover_contrast":{"unit":"px","size":115,"sizes":[]},"css_filters_hover_saturate":{"unit":"px","size":111,"sizes":[]},"css_filters_hover_hue":{"unit":"px","size":49,"sizes":[]},"background_hover_transition":{"unit":"px","size":0.9,"sizes":[]},"hover_animation":"bob","image_border_radius":{"unit":"px","top":"5","right":"5","bottom":"5","left":"5","isLinked":true},"_margin":{"unit":"px","top":"-65","right":"0","bottom":"0","left":"0","isLinked":false}},"elements":[],"isInner":false,"widgetType":"theme-post-featured-image","elType":"widget"},{"id":"6f8b8692","settings":{"selected_icon":{"value":{"id":66,"url":"https:\/\/limitless.dev.ananass.fr\/wp-content\/uploads\/2025\/08\/pipe-1-1-1-1.svg"},"library":"svg"},"title_text":"Unclogging","description_text":"Lorem Ipsum is simply ","icon_size":{"unit":"px","size":40,"sizes":[]},"_transform_scale_effect_hover":{"unit":"px","size":1.1,"sizes":[]},"_transform_skewX_effect_hover":{"unit":"px","size":70,"sizes":[]},"_transform_transition_hover":{"unit":"px","size":500,"sizes":[]},"__globals__":{"primary_color":"globals\/colors?id=accent","title_color":"globals\/colors?id=text","title_typography_typography":"globals\/typography?id=accent","description_color":"globals\/colors?id=text","description_typography_typography":"","secondary_color":"globals\/colors?id=571c1bb"},"icon_space":{"unit":"px","size":"","sizes":[]},"primary_color":"#FD830D","position":"top","text_align":"center","description_typography_typography":"custom","description_typography_font_family":"Inter","description_typography_font_size":{"unit":"px","size":13,"sizes":[]},"description_typography_font_weight":"400","_padding":{"unit":"px","top":"15","right":"15","bottom":"15","left":"15","isLinked":true},"description_color":"#54595F","_transform_keep_proportions":"","_transform_scale_effect":{"unit":"px","size":1.1,"sizes":[]},"link":{"url":"#","is_external":"","nofollow":"","custom_attributes":"aria-label|Creation bathroom"},"view":"stacked","_margin":{"unit":"px","top":"-75","right":"0","bottom":"0","left":"0","isLinked":false}},"elements":[],"isInner":false,"widgetType":"icon-box","elType":"widget"}],"isInner":true,"elType":"column"},{"id":"10dbe694","settings":{"_column_size":25,"_inline_size":null,"background_background":"classic","border_color":"#F9F9FC","padding":{"unit":"px","top":"25","right":"25","bottom":"25","left":"25","isLinked":true},"background_overlay_hover_color":"#F9F9FC","background_overlay_hover_color_b":"#F9F9FC00","background_overlay_hover_opacity":{"unit":"px","size":0.88,"sizes":[]},"background_overlay_hover_transition":{"unit":"px","size":1.5,"sizes":[]},"motion_fx_translateY_effect":"yes","motion_fx_translateY_affectedRange":{"unit":"%","size":"","sizes":{"start":0,"end":50}},"motion_fx_mouseTrack_direction":"negative","motion_fx_tilt_direction":"negative","motion_fx_tilt_speed":{"unit":"px","size":2.7,"sizes":[]},"animation":"fadeInUp","border_radius_hover":{"unit":"px","top":"10","right":"10","bottom":"10","left":"10","isLinked":true},"box_shadow_hover_box_shadow_type":"yes","box_shadow_hover_box_shadow":{"horizontal":0,"vertical":16.29,"blur":80,"spread":0,"color":"rgba(0, 0, 0, 0.1)"},"motion_fx_translateY_speed":{"unit":"px","size":6.1,"sizes":[]},"border_width":{"unit":"px","top":"1","right":"1","bottom":"1","left":"1","isLinked":true},"border_radius":{"unit":"px","top":"5","right":"5","bottom":"5","left":"5","isLinked":true},"animation_delay":500,"margin":{"unit":"px","top":"15","right":"15","bottom":"15","left":"15","isLinked":true},"content_position":"center","align":"center","background_hover_background":"classic","background_hover_color":"#FFFFFF","background_hover_image":{"url":"","id":"","alt":"","source":"library"},"background_hover_position":"bottom right","background_hover_repeat":"no-repeat","background_hover_size":"initial","background_hover_bg_width":{"unit":"%","size":14,"sizes":[]},"background_hover_transition":{"unit":"px","size":0.8,"sizes":[]},"background_overlay_hover_image":{"url":"","id":"","alt":"","source":"library"},"background_overlay_hover_position":"center center","background_overlay_hover_repeat":"no-repeat","background_overlay_hover_size":"cover","_inline_size_tablet":50,"margin_mobile":{"unit":"%","top":"5","right":"0","bottom":"20","left":"0","isLinked":false},"padding_mobile":{"unit":"px","top":"10","right":"10","bottom":"10","left":"10","isLinked":true},"__globals__":{"background_color":"globals\/colors?id=040e214"}},"elements":[{"id":"6588f64","settings":{"__dynamic__":{"image":"[elementor-tag id=\"\" name=\"post-featured-image\" settings=\"%7B%22fallback%22%3A%7B%22url%22%3A%22https%3A%5C%2F%5C%2Fferryman.dev.ananass.fr%5C%2Fwp-content%5C%2Fuploads%5C%2F2022%5C%2F11%5C%2FFerryman_elementor_kit_plumber_ananass-7-1-1.jpg%22%2C%22id%22%3A29%2C%22size%22%3A%22%22%2C%22alt%22%3A%22%22%2C%22source%22%3A%22library%22%7D%7D\"]"},"css_filters_hover_brightness":{"unit":"px","size":144,"sizes":[]},"css_filters_hover_contrast":{"unit":"px","size":115,"sizes":[]},"css_filters_hover_saturate":{"unit":"px","size":111,"sizes":[]},"css_filters_hover_hue":{"unit":"px","size":49,"sizes":[]},"background_hover_transition":{"unit":"px","size":0.9,"sizes":[]},"hover_animation":"bob","image_border_radius":{"unit":"px","top":"5","right":"5","bottom":"5","left":"5","isLinked":true},"_margin":{"unit":"px","top":"-65","right":"0","bottom":"0","left":"0","isLinked":false}},"elements":[],"isInner":false,"widgetType":"theme-post-featured-image","elType":"widget"},{"id":"350c2ced","settings":{"selected_icon":{"value":{"id":68,"url":"https:\/\/limitless.dev.ananass.fr\/wp-content\/uploads\/2025\/08\/faucet-1-1-1.svg"},"library":"svg"},"title_text":"Leak detection","description_text":"Lorem Ipsum is simply ","icon_size":{"unit":"px","size":40,"sizes":[]},"_transform_scale_effect_hover":{"unit":"px","size":1.1,"sizes":[]},"_transform_skewX_effect_hover":{"unit":"px","size":70,"sizes":[]},"_transform_transition_hover":{"unit":"px","size":500,"sizes":[]},"__globals__":{"primary_color":"globals\/colors?id=accent","title_color":"globals\/colors?id=text","title_typography_typography":"globals\/typography?id=accent","description_color":"globals\/colors?id=text","description_typography_typography":""},"icon_space":{"unit":"px","size":"","sizes":[]},"primary_color":"#FD830D","position":"top","text_align":"center","description_color":"#54595F","description_typography_typography":"custom","description_typography_font_family":"Inter","description_typography_font_size":{"unit":"px","size":13,"sizes":[]},"description_typography_font_weight":"400","_padding":{"unit":"px","top":"15","right":"15","bottom":"15","left":"15","isLinked":true},"_transform_keep_proportions":"","_transform_scale_effect":{"unit":"px","size":1.1,"sizes":[]},"link":{"url":"","is_external":"","nofollow":"","custom_attributes":"aria-label|Bathroom renovation"},"view":"stacked","_margin":{"unit":"px","top":"-75","right":"0","bottom":"0","left":"0","isLinked":false}},"elements":[],"isInner":false,"widgetType":"icon-box","elType":"widget"}],"isInner":true,"elType":"column"},{"id":"7584decc","settings":{"_column_size":25,"_inline_size":null,"background_background":"classic","border_color":"#F9F9FC","padding":{"unit":"px","top":"25","right":"25","bottom":"25","left":"25","isLinked":true},"background_overlay_hover_color":"#F9F9FC","background_overlay_hover_color_b":"#F9F9FC00","background_overlay_hover_opacity":{"unit":"px","size":0.88,"sizes":[]},"background_overlay_hover_transition":{"unit":"px","size":1.5,"sizes":[]},"motion_fx_translateY_effect":"yes","motion_fx_translateY_affectedRange":{"unit":"%","size":"","sizes":{"start":0,"end":50}},"motion_fx_mouseTrack_direction":"negative","motion_fx_tilt_direction":"negative","motion_fx_tilt_speed":{"unit":"px","size":2.7,"sizes":[]},"animation":"fadeInUp","border_radius_hover":{"unit":"px","top":"10","right":"10","bottom":"10","left":"10","isLinked":true},"box_shadow_hover_box_shadow_type":"yes","box_shadow_hover_box_shadow":{"horizontal":0,"vertical":16.29,"blur":80,"spread":0,"color":"rgba(0, 0, 0, 0.1)"},"motion_fx_translateY_speed":{"unit":"px","size":6.1,"sizes":[]},"border_width":{"unit":"px","top":"1","right":"1","bottom":"1","left":"1","isLinked":true},"border_radius":{"unit":"px","top":"5","right":"5","bottom":"5","left":"5","isLinked":true},"animation_delay":500,"margin":{"unit":"px","top":"15","right":"15","bottom":"15","left":"15","isLinked":true},"content_position":"center","align":"center","background_hover_background":"classic","background_hover_color":"#FFFFFF","background_hover_image":{"url":"","id":"","alt":"","source":"library"},"background_hover_position":"bottom right","background_hover_repeat":"no-repeat","background_hover_size":"initial","background_hover_bg_width":{"unit":"%","size":14,"sizes":[]},"background_hover_transition":{"unit":"px","size":0.8,"sizes":[]},"background_overlay_hover_image":{"url":"","id":"","alt":"","source":"library"},"background_overlay_hover_position":"center center","background_overlay_hover_repeat":"no-repeat","background_overlay_hover_size":"cover","_inline_size_tablet":50,"margin_mobile":{"unit":"%","top":"5","right":"0","bottom":"20","left":"0","isLinked":false},"padding_mobile":{"unit":"px","top":"10","right":"10","bottom":"10","left":"10","isLinked":true},"__globals__":{"background_color":"globals\/colors?id=040e214"}},"elements":[{"id":"3e3e7a49","settings":{"__dynamic__":{"image":"[elementor-tag id=\"\" name=\"post-featured-image\" settings=\"%7B%22fallback%22%3A%7B%22url%22%3A%22https%3A%5C%2F%5C%2Fferryman.dev.ananass.fr%5C%2Fwp-content%5C%2Fuploads%5C%2F2022%5C%2F11%5C%2FFerryman_elementor_kit_plumber_ananass-21-1-1.jpg%22%2C%22id%22%3A44%2C%22size%22%3A%22%22%2C%22alt%22%3A%22%22%2C%22source%22%3A%22library%22%7D%7D\"]"},"css_filters_hover_brightness":{"unit":"px","size":144,"sizes":[]},"css_filters_hover_contrast":{"unit":"px","size":115,"sizes":[]},"css_filters_hover_saturate":{"unit":"px","size":111,"sizes":[]},"css_filters_hover_hue":{"unit":"px","size":49,"sizes":[]},"background_hover_transition":{"unit":"px","size":0.9,"sizes":[]},"hover_animation":"bob","image_border_radius":{"unit":"px","top":"5","right":"5","bottom":"5","left":"5","isLinked":true},"_margin":{"unit":"px","top":"-65","right":"0","bottom":"0","left":"0","isLinked":false}},"elements":[],"isInner":false,"widgetType":"theme-post-featured-image","elType":"widget"},{"id":"4a70a831","settings":{"selected_icon":{"value":{"id":71,"url":"https:\/\/limitless.dev.ananass.fr\/wp-content\/uploads\/2025\/08\/chaudiere-1-1-1.svg"},"library":"svg"},"title_text":"Replacement of boiler","description_text":"Lorem Ipsum is simply ","icon_size":{"unit":"px","size":40,"sizes":[]},"_transform_scale_effect_hover":{"unit":"px","size":1.1,"sizes":[]},"_transform_skewX_effect_hover":{"unit":"px","size":70,"sizes":[]},"_transform_transition_hover":{"unit":"px","size":500,"sizes":[]},"__globals__":{"primary_color":"globals\/colors?id=accent","title_color":"globals\/colors?id=text","title_typography_typography":"globals\/typography?id=accent","description_color":"globals\/colors?id=text","description_typography_typography":""},"icon_space":{"unit":"px","size":"","sizes":[]},"primary_color":"#FD830D","position":"top","text_align":"center","description_typography_typography":"custom","description_typography_font_family":"Inter","description_typography_font_size":{"unit":"px","size":13,"sizes":[]},"description_typography_font_weight":"400","_padding":{"unit":"px","top":"15","right":"15","bottom":"15","left":"15","isLinked":true},"description_color":"#54595F","_transform_keep_proportions":"","_transform_scale_effect":{"unit":"px","size":1.1,"sizes":[]},"link":{"url":"","is_external":"","nofollow":"","custom_attributes":"aria-label|Heat pump"},"view":"stacked","_margin":{"unit":"px","top":"-75","right":"0","bottom":"0","left":"0","isLinked":false}},"elements":[],"isInner":false,"widgetType":"icon-box","elType":"widget"}],"isInner":true,"elType":"column"},{"id":"308a2755","settings":{"_column_size":25,"_inline_size":null,"background_background":"classic","border_color":"#F9F9FC","padding":{"unit":"px","top":"25","right":"25","bottom":"25","left":"25","isLinked":true},"background_overlay_hover_color":"#F9F9FC","background_overlay_hover_color_b":"#F9F9FC00","background_overlay_hover_opacity":{"unit":"px","size":0.88,"sizes":[]},"background_overlay_hover_transition":{"unit":"px","size":1.5,"sizes":[]},"motion_fx_translateY_effect":"yes","motion_fx_translateY_affectedRange":{"unit":"%","size":"","sizes":{"start":0,"end":50}},"motion_fx_mouseTrack_direction":"negative","motion_fx_tilt_direction":"negative","motion_fx_tilt_speed":{"unit":"px","size":2.7,"sizes":[]},"animation":"fadeInUp","border_radius_hover":{"unit":"px","top":"10","right":"10","bottom":"10","left":"10","isLinked":true},"box_shadow_hover_box_shadow_type":"yes","box_shadow_hover_box_shadow":{"horizontal":0,"vertical":16.29,"blur":80,"spread":0,"color":"rgba(0, 0, 0, 0.1)"},"motion_fx_translateY_speed":{"unit":"px","size":6.1,"sizes":[]},"border_width":{"unit":"px","top":"1","right":"1","bottom":"1","left":"1","isLinked":true},"border_radius":{"unit":"px","top":"5","right":"5","bottom":"5","left":"5","isLinked":true},"animation_delay":500,"margin":{"unit":"px","top":"15","right":"15","bottom":"15","left":"15","isLinked":true},"content_position":"center","align":"center","background_hover_background":"classic","background_hover_color":"#FFFFFF","background_hover_image":{"url":"","id":"","alt":"","source":"library"},"background_hover_position":"bottom right","background_hover_repeat":"no-repeat","background_hover_size":"initial","background_hover_bg_width":{"unit":"%","size":14,"sizes":[]},"background_hover_transition":{"unit":"px","size":0.8,"sizes":[]},"background_overlay_hover_image":{"url":"","id":"","alt":"","source":"library"},"background_overlay_hover_position":"center center","background_overlay_hover_repeat":"no-repeat","background_overlay_hover_size":"cover","_inline_size_tablet":50,"margin_mobile":{"unit":"%","top":"5","right":"0","bottom":"20","left":"0","isLinked":false},"padding_mobile":{"unit":"px","top":"10","right":"10","bottom":"10","left":"10","isLinked":true},"__globals__":{"background_color":"globals\/colors?id=040e214"}},"elements":[{"id":"45f02a5e","settings":{"__dynamic__":{"image":"[elementor-tag id=\"\" name=\"post-featured-image\" settings=\"%7B%22fallback%22%3A%7B%22url%22%3A%22https%3A%5C%2F%5C%2Fferryman.dev.ananass.fr%5C%2Fwp-content%5C%2Fuploads%5C%2F2022%5C%2F11%5C%2FFerryman_elementor_kit_plumber_ananass-12-1-1.jpg%22%2C%22id%22%3A46%2C%22size%22%3A%22%22%2C%22alt%22%3A%22%22%2C%22source%22%3A%22library%22%7D%7D\"]"},"css_filters_hover_brightness":{"unit":"px","size":144,"sizes":[]},"css_filters_hover_contrast":{"unit":"px","size":115,"sizes":[]},"css_filters_hover_saturate":{"unit":"px","size":111,"sizes":[]},"css_filters_hover_hue":{"unit":"px","size":49,"sizes":[]},"background_hover_transition":{"unit":"px","size":0.9,"sizes":[]},"hover_animation":"bob","image_border_radius":{"unit":"px","top":"5","right":"5","bottom":"5","left":"5","isLinked":true},"_margin":{"unit":"px","top":"-65","right":"0","bottom":"0","left":"0","isLinked":false}},"elements":[],"isInner":false,"widgetType":"theme-post-featured-image","elType":"widget"},{"id":"20098689","settings":{"selected_icon":{"value":{"id":74,"url":"https:\/\/limitless.dev.ananass.fr\/wp-content\/uploads\/2025\/08\/ventilateur-1-1-1.svg"},"library":"svg"},"title_text":"installation VMC","description_text":"Lorem Ipsum is simply ","icon_size":{"unit":"px","size":40,"sizes":[]},"_transform_scale_effect_hover":{"unit":"px","size":1.1,"sizes":[]},"_transform_skewX_effect_hover":{"unit":"px","size":70,"sizes":[]},"_transform_transition_hover":{"unit":"px","size":500,"sizes":[]},"__globals__":{"primary_color":"globals\/colors?id=accent","title_color":"globals\/colors?id=text","title_typography_typography":"globals\/typography?id=accent","description_color":"globals\/colors?id=text","description_typography_typography":""},"icon_space":{"unit":"px","size":"","sizes":[]},"primary_color":"#FD830D","position":"top","text_align":"center","description_typography_typography":"custom","description_typography_font_family":"Inter","description_typography_font_size":{"unit":"px","size":13,"sizes":[]},"description_typography_font_weight":"400","_padding":{"unit":"px","top":"15","right":"15","bottom":"15","left":"15","isLinked":true},"description_color":"#54595F","_transform_keep_proportions":"","_transform_scale_effect":{"unit":"px","size":1.1,"sizes":[]},"link":{"url":"","is_external":"","nofollow":"","custom_attributes":"aria-label|Heating systems"},"view":"stacked","_margin":{"unit":"px","top":"-75","right":"0","bottom":"0","left":"0","isLinked":false}},"elements":[],"isInner":false,"widgetType":"icon-box","elType":"widget"}],"isInner":true,"elType":"column"}],"isInner":true,"elType":"section"}],"isInner":false,"elType":"column"}],"isInner":false,"elType":"section"},{"id":"1c741836","settings":{"height":"min-height","column_position":"stretch","content_position":"middle","background_background":"classic","background_image":{"url":"","id":"","alt":"","source":"library"},"background_position":"top left","background_attachment":"scroll","background_repeat":"no-repeat","background_size":"cover","background_overlay_color":"#F9F9FC","background_overlay_color_b":"#E9F4FF00","background_overlay_opacity":{"unit":"px","size":0.89,"sizes":[]},"_title":"Our process","gap":"no","structure":"20","background_color":"#FEFFFD","margin":{"unit":"px","top":"0","right":0,"bottom":"0","left":0,"isLinked":false},"padding":{"unit":"px","top":"90","right":"90","bottom":"90","left":"90","isLinked":true},"content_width":{"unit":"px","size":1200,"sizes":[]},"padding_mobile":{"unit":"px","top":"35","right":"35","bottom":"35","left":"35","isLinked":true},"__globals__":{"background_color":""}},"elements":[{"id":"44aa2cd2","settings":{"_column_size":50,"_inline_size":55.06,"align":"flex-start","content_position":"bottom","margin":{"unit":"px","top":"0","right":"0","bottom":"90","left":"0","isLinked":false},"_inline_size_tablet":100,"margin_tablet":{"unit":"px","top":"0","right":"0","bottom":"0","left":"0","isLinked":true},"margin_mobile":{"unit":"px","top":"0","right":"0","bottom":"0","left":"0","isLinked":true},"padding_mobile":{"unit":"px","top":"0","right":"0","bottom":"0","left":"0","isLinked":true}},"elements":[{"id":"6d5974ed","settings":{"padding":{"unit":"px","top":"90","right":"90","bottom":"90","left":"0","isLinked":false},"padding_mobile":{"unit":"px","top":"0","right":"0","bottom":"0","left":"0","isLinked":true}},"elements":[{"id":"7c22a9af","settings":{"_column_size":100,"_inline_size":null,"padding_mobile":{"unit":"px","top":"0","right":"0","bottom":"0","left":"0","isLinked":true}},"elements":[{"id":"70ed568a","settings":{"title":"Our","header_size":"span","align":"center","_element_width":"auto","_element_vertical_align":"center","_animation":"fadeInDown","_padding":{"unit":"px","top":"0","right":"25","bottom":"0","left":"0","isLinked":false},"__globals__":{"title_color":"globals\/colors?id=primary","typography_typography":"globals\/typography?id=primary"},"title_color":"#0439D9"},"elements":[],"isInner":false,"widgetType":"heading","elType":"widget"},{"id":"d0b2347","settings":{"title":"Process","header_size":"span","align":"center","_element_width":"auto","_animation":"fadeInDown","__globals__":{"title_color":"globals\/colors?id=accent","typography_typography":"globals\/typography?id=primary"},"title_color":"#FD830D"},"elements":[],"isInner":false,"widgetType":"heading","elType":"widget"},{"id":"197b628c","settings":{"title":"Ferryman template kit ","align":"left","__globals__":{"typography_typography":"globals\/typography?id=secondary","title_color":"globals\/colors?id=text"},"_padding":{"unit":"px","top":"25","right":"0","bottom":"25","left":"0","isLinked":false},"link":{"url":"","is_external":"","nofollow":"","custom_attributes":"aria-label|Our process"}},"elements":[],"isInner":false,"widgetType":"heading","elType":"widget"},{"id":"3d0987fb","settings":{"editor":"Lorem Ipsum is simply dummy text of the printing and typesetting industry. Lorem Ipsum has been the industry\u2019s standard dummy text ever since the 1500s, when an unknown printer took a galley of type and scrambled it to make a type specimen book. but also the leap into electronic typesetting, remaining essentially unchanged.","__globals__":{"typography_typography":"globals\/typography?id=text","text_color":"globals\/colors?id=text"}},"elements":[],"isInner":false,"widgetType":"text-editor","elType":"widget"}],"isInner":true,"elType":"column"}],"isInner":true,"elType":"section"},{"id":"4317d6f","settings":{"structure":"20","margin":{"unit":"px","top":"","right":0,"bottom":"","left":0,"isLinked":true},"gap":"no","z_index":2,"margin_tablet":{"unit":"px","top":"10","right":0,"bottom":"10","left":0,"isLinked":true},"padding_tablet":{"unit":"px","top":"10","right":"0","bottom":"10","left":"0","isLinked":false},"padding_mobile":{"unit":"px","top":"0","right":"0","bottom":"0","left":"0","isLinked":true}},"elements":[{"id":"1cbfb765","settings":{"_column_size":50,"_inline_size":null,"_inline_size_tablet":100},"elements":[{"id":"51ecacad","settings":{"selected_icon":{"value":{"id":83,"url":"https:\/\/limitless.dev.ananass.fr\/wp-content\/uploads\/2025\/08\/calling-1-1-1.svg"},"library":"svg"},"title_text_a":"Make Appointment","description_text_a":"","background_a_background":"classic","title_text_b":"what we do","description_text_b":"Lorem Ipsum is simply dummy text of the printing and typesetting industry.","button_text":"","background_b_background":"classic","background_b_color":"#FFFFFF","border_radius":{"unit":"px","size":5,"sizes":[]},"border_a_width":{"unit":"px","top":"1","right":"1","bottom":"1","left":"1","isLinked":true},"border_a_color":"#003795","icon_size":{"unit":"px","size":80,"sizes":[]},"title_color_a":"#141414","title_color_b":"#FD830D","_margin":{"unit":"px","top":"10","right":"10","bottom":"10","left":"10","isLinked":true},"_transform_scale_popover_hover":"transform","_transform_scale_effect_hover":{"unit":"px","size":1.1,"sizes":[]},"__globals__":{"title_color_a":"globals\/colors?id=text","button_text_color":"globals\/colors?id=secondary","title_color_b":"globals\/colors?id=accent","button_background_color":"","description_color_b":"globals\/colors?id=text","title_typography_a_typography":"globals\/typography?id=accent","title_typography_b_typography":"globals\/typography?id=accent","description_typography_b_typography":"globals\/typography?id=text","background_a_color":"globals\/colors?id=040e214","icon_primary_color":"globals\/colors?id=accent","button_border_color":"globals\/colors?id=040e214","_border_hover_color":"globals\/colors?id=accent","border_b_color":"globals\/colors?id=040e214"},"flip_3d":"elementor-flip-box--3d","description_color_b":"#141414","description_typography_b_typography":"custom","description_typography_b_font_family":"Inter","description_typography_b_font_size":{"unit":"rem","size":1,"sizes":[]},"description_typography_b_font_weight":"400","_animation":"fadeInUp","_animation_delay":500,"_transform_keep_proportions":"","_transform_scale_effect":{"unit":"px","size":1.2,"sizes":[]},"_animation_mobile":"fadeInUp","vertical_position_a":"middle","height":{"unit":"vh","size":29,"sizes":[]},"height_tablet":{"unit":"vh","size":"","sizes":[]},"height_mobile":{"unit":"vh","size":"","sizes":[]},"icon_primary_color":"#FD830D","vertical_position_b":"middle","border_b_border":"solid","border_b_width":{"unit":"px","top":"1","right":"1","bottom":"1","left":"1","isLinked":true},"title_spacing_b":{"unit":"px","size":20,"sizes":[]},"_border_hover_width":{"unit":"px","top":"1","right":"1","bottom":"1","left":"1","isLinked":true},"_border_radius_hover":{"unit":"px","top":"5","right":"5","bottom":"5","left":"5","isLinked":true},"button_text_color":"#54595F","button_background_color":"#FFFFFF","button_border_color":"#FD830D","_border_hover_color":"#FD830D","flip_effect":"slide","_margin_tablet":{"unit":"px","top":"0","right":"0","bottom":"10","left":"0","isLinked":false},"_padding_tablet":{"unit":"px","top":"0","right":"0","bottom":"0","left":"0","isLinked":true},"image":{"id":111,"url":"https:\/\/limitless.dev.ananass.fr\/wp-content\/uploads\/2025\/08\/placeholder-204.png"}},"elements":[],"isInner":false,"widgetType":"flip-box","elType":"widget"}],"isInner":true,"elType":"column"},{"id":"32f4775","settings":{"_column_size":50,"_inline_size":null,"_inline_size_tablet":100},"elements":[{"id":"7bccb571","settings":{"selected_icon":{"value":{"id":85,"url":"https:\/\/limitless.dev.ananass.fr\/wp-content\/uploads\/2025\/08\/fast-service-1-1-1.svg"},"library":"svg"},"title_text_a":"We Arrive in1 Hour","description_text_a":"","background_a_background":"classic","title_text_b":"how","description_text_b":"Lorem Ipsum is simply dummy text of the printing and typesetting industry.","button_text":"","background_b_background":"classic","background_b_color":"#FFFFFF","border_radius":{"unit":"px","size":5,"sizes":[]},"border_a_width":{"unit":"px","top":"1","right":"1","bottom":"1","left":"1","isLinked":true},"border_a_color":"#003795","icon_size":{"unit":"px","size":80,"sizes":[]},"title_color_a":"#141414","title_color_b":"#FD830D","_margin":{"unit":"px","top":"10","right":"10","bottom":"10","left":"10","isLinked":true},"_transform_scale_popover_hover":"transform","_transform_scale_effect_hover":{"unit":"px","size":1.1,"sizes":[]},"__globals__":{"title_color_a":"globals\/colors?id=text","button_text_color":"globals\/colors?id=secondary","title_color_b":"globals\/colors?id=accent","button_background_color":"","description_color_b":"globals\/colors?id=text","title_typography_a_typography":"globals\/typography?id=accent","title_typography_b_typography":"globals\/typography?id=accent","description_typography_b_typography":"globals\/typography?id=text","background_a_color":"globals\/colors?id=040e214","icon_primary_color":"globals\/colors?id=accent","button_border_color":"globals\/colors?id=accent","_border_hover_color":"globals\/colors?id=accent","border_b_color":"globals\/colors?id=040e214"},"flip_3d":"elementor-flip-box--3d","description_color_b":"#141414","description_typography_b_typography":"custom","description_typography_b_font_family":"Inter","description_typography_b_font_size":{"unit":"rem","size":1,"sizes":[]},"description_typography_b_font_weight":"400","_animation":"fadeInUp","_animation_delay":510,"_transform_keep_proportions":"","_transform_scale_effect":{"unit":"px","size":1.2,"sizes":[]},"_animation_mobile":"fadeInUp","vertical_position_a":"middle","height":{"unit":"vh","size":29,"sizes":[]},"height_tablet":{"unit":"vh","size":"","sizes":[]},"height_mobile":{"unit":"vh","size":"","sizes":[]},"icon_primary_color":"#FD830D","vertical_position_b":"middle","border_b_border":"solid","border_b_width":{"unit":"px","top":"1","right":"1","bottom":"1","left":"1","isLinked":true},"title_spacing_b":{"unit":"px","size":20,"sizes":[]},"_border_hover_width":{"unit":"px","top":"1","right":"1","bottom":"1","left":"1","isLinked":true},"_border_radius_hover":{"unit":"px","top":"5","right":"5","bottom":"5","left":"5","isLinked":true},"button_text_color":"#54595F","button_background_color":"#FFFFFF","button_border_color":"#FD830D","_border_hover_color":"#FD830D","flip_effect":"slide","_margin_tablet":{"unit":"px","top":"0","right":"0","bottom":"0","left":"0","isLinked":true},"_margin_mobile":{"unit":"px","top":"0","right":"0","bottom":"0","left":"0","isLinked":true},"_padding_mobile":{"unit":"px","top":"0","right":"0","bottom":"0","left":"0","isLinked":true},"image":{"id":112,"url":"https:\/\/limitless.dev.ananass.fr\/wp-content\/uploads\/2025\/08\/placeholder-205.png"}},"elements":[],"isInner":false,"widgetType":"flip-box","elType":"widget"}],"isInner":true,"elType":"column"}],"isInner":true,"elType":"section"}],"isInner":false,"elType":"column"},{"id":"178d21c0","settings":{"_column_size":50,"content_position":"bottom","background_background":"classic","background_image":{"id":87,"url":"https:\/\/limitless.dev.ananass.fr\/wp-content\/uploads\/2025\/08\/Ferryman_elementor_kit_plumber_ananass-11-1-1-1.jpg"},"background_position":"center center","background_repeat":"no-repeat","background_size":"cover","margin":{"unit":"px","top":"90","right":"0","bottom":"0","left":"0","isLinked":false},"border_radius":{"unit":"px","top":"10","right":"10","bottom":"10","left":"10","isLinked":true},"box_shadow_box_shadow_type":"yes","box_shadow_box_shadow":{"horizontal":0,"vertical":16.29,"blur":35,"spread":0,"color":"rgba(0, 0, 0, 0.22)"},"background_overlay_image":{"url":"","id":"","alt":"","source":"library"},"background_overlay_position":"top right","background_overlay_repeat":"no-repeat","background_overlay_size":"initial","background_overlay_bg_width":{"unit":"%","size":28,"sizes":[]},"background_overlay_opacity":{"unit":"px","size":1,"sizes":[]},"background_image_mobile":{"url":"https:\/\/vendeerland.com\/wp-content\/uploads\/2022\/11\/Ferryman_elementor_kit_plumber_ananass-10-1-1.jpg","id":41,"alt":"","source":"library"},"background_size_mobile":"initial","background_bg_width_mobile":{"unit":"px","size":1,"sizes":[]},"margin_mobile":{"unit":"px","top":"0","right":"0","bottom":"0","left":"0","isLinked":true},"_inline_size_tablet":100,"background_image_tablet":{"url":"https:\/\/vendeerland.com\/wp-content\/uploads\/2022\/11\/Ferryman_elementor_kit_plumber_ananass-10-1-1.jpg","id":41,"alt":"","source":"library"},"background_size_tablet":"initial","background_bg_width_tablet":{"unit":"px","size":1,"sizes":[]},"margin_tablet":{"unit":"px","top":"0","right":"0","bottom":"0","left":"0","isLinked":true}},"elements":[{"id":"5376d9b2","settings":{"structure":"20","margin":{"unit":"px","top":"0","right":0,"bottom":"90","left":0,"isLinked":false},"gap":"no","margin_tablet":{"unit":"px","top":"0","right":0,"bottom":"0","left":0,"isLinked":true}},"elements":[{"id":"46562ffc","settings":{"_column_size":50,"_inline_size":51.399,"_inline_size_tablet":100},"elements":[{"id":"564bcca9","settings":{"selected_icon":{"value":{"id":49,"url":"https:\/\/limitless.dev.ananass.fr\/wp-content\/uploads\/2025\/08\/018-plumber-1-1-1.svg"},"library":"svg"},"title_text_a":"Solve Your Problem","description_text_a":"","background_a_background":"classic","title_text_b":"How long","description_text_b":"Lorem Ipsum is simply dummy text of the printing and typesetting industry.","button_text":"","background_b_background":"classic","background_b_color":"#FFFFFF","border_radius":{"unit":"px","size":5,"sizes":[]},"border_a_width":{"unit":"px","top":"1","right":"1","bottom":"1","left":"1","isLinked":true},"border_a_color":"#003795","icon_size":{"unit":"px","size":80,"sizes":[]},"title_color_a":"#141414","title_color_b":"#FD830D","_margin":{"unit":"px","top":"10","right":"10","bottom":"10","left":"10","isLinked":true},"_transform_scale_popover_hover":"transform","_transform_scale_effect_hover":{"unit":"px","size":1.1,"sizes":[]},"__globals__":{"title_color_a":"globals\/colors?id=text","button_text_color":"globals\/colors?id=secondary","title_color_b":"globals\/colors?id=accent","button_background_color":"","description_color_b":"globals\/colors?id=text","title_typography_a_typography":"globals\/typography?id=accent","title_typography_b_typography":"globals\/typography?id=accent","description_typography_b_typography":"globals\/typography?id=text","background_a_color":"globals\/colors?id=040e214","icon_primary_color":"globals\/colors?id=accent","button_border_color":"globals\/colors?id=040e214","_border_hover_color":"globals\/colors?id=accent","border_b_color":"globals\/colors?id=040e214"},"flip_3d":"elementor-flip-box--3d","description_color_b":"#141414","description_typography_b_typography":"custom","description_typography_b_font_family":"Inter","description_typography_b_font_size":{"unit":"rem","size":1,"sizes":[]},"description_typography_b_font_weight":"400","_animation":"fadeInUp","_animation_delay":520,"_transform_keep_proportions":"","_transform_scale_effect":{"unit":"px","size":1.2,"sizes":[]},"_animation_mobile":"fadeInUp","vertical_position_a":"middle","height":{"unit":"vh","size":29,"sizes":[]},"height_tablet":{"unit":"vh","size":29,"sizes":[]},"height_mobile":{"unit":"vh","size":"","sizes":[]},"icon_primary_color":"#FD830D","vertical_position_b":"middle","border_b_border":"solid","border_b_width":{"unit":"px","top":"1","right":"1","bottom":"1","left":"1","isLinked":true},"title_spacing_b":{"unit":"px","size":20,"sizes":[]},"_border_hover_width":{"unit":"px","top":"1","right":"1","bottom":"1","left":"1","isLinked":true},"_border_radius_hover":{"unit":"px","top":"5","right":"5","bottom":"5","left":"5","isLinked":true},"button_text_color":"#54595F","button_background_color":"#FFFFFF","button_border_color":"#FD830D","_border_hover_color":"#FD830D","flip_effect":"slide","_margin_tablet":{"unit":"px","top":"0","right":"0","bottom":"0","left":"0","isLinked":true},"_margin_mobile":{"unit":"px","top":"0","right":"0","bottom":"0","left":"0","isLinked":true},"_padding_mobile":{"unit":"px","top":"0","right":"0","bottom":"0","left":"0","isLinked":true},"image":{"id":113,"url":"https:\/\/limitless.dev.ananass.fr\/wp-content\/uploads\/2025\/08\/placeholder-206.png"}},"elements":[],"isInner":false,"widgetType":"flip-box","elType":"widget"}],"isInner":true,"elType":"column"},{"id":"7b8f3a74","settings":{"_column_size":50,"_inline_size":48.515,"hide_tablet":"hidden-tablet","hide_mobile":"hidden-mobile","hide_desktop":"hidden-desktop"},"elements":[],"isInner":true,"elType":"column"}],"isInner":true,"elType":"section"}],"isInner":false,"elType":"column"}],"isInner":false,"elType":"section"},{"id":"22f1cd9b","settings":{"layout":"full_width","structure":"20","background_background":"classic","_title":"Ind\/ pro","__globals__":{"background_color":"globals\/colors?id=571c1bb"}},"elements":[{"id":"26b57873","settings":{"_column_size":50,"_inline_size":null,"align":"center","background_background":"classic","border_radius":{"unit":"px","top":"0","right":"20","bottom":"0","left":"0","isLinked":false},"__globals__":{"background_color":"globals\/colors?id=secondary"},"padding":{"unit":"px","top":"90","right":"90","bottom":"90","left":"90","isLinked":true},"_inline_size_tablet":100,"padding_mobile":{"unit":"px","top":"35","right":"35","bottom":"35","left":"35","isLinked":true},"align_mobile":"flex-start"},"elements":[{"id":"14f78be2","settings":{"space":{"unit":"vh","size":10,"sizes":[]},"space_tablet":{"unit":"vh","size":"","sizes":[]},"space_mobile":{"unit":"vh","size":"","sizes":[]}},"elements":[],"isInner":false,"widgetType":"spacer","elType":"widget"},{"id":"6a39267b","settings":{"title":"Individuals","header_size":"h4","align":"center","_element_width":"auto","_animation":"fadeInDown","__globals__":{"title_color":"globals\/colors?id=accent","typography_typography":"globals\/typography?id=primary"},"title_color":"#FD830D","link":{"url":"","is_external":"","nofollow":"","custom_attributes":"aria-label|Individuals"}},"elements":[],"isInner":false,"widgetType":"heading","elType":"widget"},{"id":"63e2b6cc","settings":{"title":"Why should people by from you","align":"center","__globals__":{"typography_typography":"globals\/typography?id=accent","title_color":"globals\/colors?id=571c1bb"},"_padding":{"unit":"px","top":"25","right":"25","bottom":"25","left":"25","isLinked":true},"align_mobile":"left","_padding_mobile":{"unit":"px","top":"25","right":"0","bottom":"25","left":"0","isLinked":false},"header_size":"span"},"elements":[],"isInner":false,"widgetType":"heading","elType":"widget"},{"id":"6701d4bc","settings":{"editor":"<p>Lorem Ipsum is simply dummy text of the printing and typesetting industry. Lorem Ipsum has been the industry\u2019s standard dummy text ever since the 1500s, when an unknown printer took a galley of type and scrambled it to make a type specimen book. but also the leap into electronic typesetting, remaining essentially unchanged.<\/p>","align":"center","__globals__":{"text_color":"globals\/colors?id=571c1bb","typography_typography":"globals\/typography?id=text"},"align_mobile":"left"},"elements":[],"isInner":false,"widgetType":"text-editor","elType":"widget"},{"id":"7c3ae1f6","settings":{"text":"Ask for quotation","align":"center","size":"xl","text_padding":{"unit":"px","top":"28","right":"40","bottom":"28","left":"40","isLinked":false},"align_mobile":"justify","border_radius":{"unit":"px","top":"5","right":"5","bottom":"5","left":"5","isLinked":true},"__globals__":{"typography_typography":"globals\/typography?id=accent","hover_color":"globals\/colors?id=accent","button_background_hover_color":"globals\/colors?id=571c1bb","border_color":"globals\/colors?id=accent","background_color":"globals\/colors?id=accent","button_text_color":"globals\/colors?id=571c1bb"},"hover_animation":"float","border_width":{"unit":"px","top":"1","right":"1","bottom":"1","left":"1","isLinked":true},"button_box_shadow_box_shadow_type":"yes","button_box_shadow_box_shadow":{"horizontal":0,"vertical":16.29,"blur":35,"spread":0,"color":"rgba(0, 0, 0, 0.22)"},"_transform_keep_proportions_hover":"","_transform_scale_effect_hover":{"unit":"px","size":1.1,"sizes":[]},"_transform_scaleX_effect_hover":{"unit":"px","size":1,"sizes":[]},"_transform_scaleY_effect_hover":{"unit":"px","size":1,"sizes":[]},"motion_fx_transform_x_anchor_point":"left","motion_fx_transform_y_anchor_point":"center","link":{"url":"#","is_external":"","nofollow":"","custom_attributes":"aria-label|Ask for quotation"}},"elements":[],"isInner":false,"widgetType":"button","elType":"widget"},{"id":"522ce172","settings":{"space":{"unit":"vh","size":10,"sizes":[]},"space_tablet":{"unit":"vh","size":"","sizes":[]},"space_mobile":{"unit":"vh","size":0,"sizes":[]}},"elements":[],"isInner":false,"widgetType":"spacer","elType":"widget"}],"isInner":false,"elType":"column"},{"id":"217aa754","settings":{"_column_size":50,"_inline_size":null,"align":"center","background_background":"classic","border_radius":{"unit":"px","top":"20","right":"0","bottom":"0","left":"20","isLinked":false},"margin":{"unit":"px","top":"50","right":"0","bottom":"-50","left":"0","isLinked":false},"__globals__":{"background_color":"globals\/colors?id=primary"},"padding":{"unit":"px","top":"90","right":"90","bottom":"90","left":"90","isLinked":true},"z_index":2,"_inline_size_tablet":100,"margin_tablet":{"unit":"px","top":"-20","right":"0","bottom":"0","left":"0","isLinked":false},"margin_mobile":{"unit":"px","top":"-20","right":"0","bottom":"0","left":"0","isLinked":false},"padding_mobile":{"unit":"px","top":"35","right":"35","bottom":"35","left":"35","isLinked":true},"align_mobile":"flex-start"},"elements":[{"id":"78113601","settings":{"space":{"unit":"vh","size":10,"sizes":[]},"space_tablet":{"unit":"vh","size":"","sizes":[]},"space_mobile":{"unit":"vh","size":0,"sizes":[]}},"elements":[],"isInner":false,"widgetType":"spacer","elType":"widget"},{"id":"26185c4e","settings":{"title":"Professionals","header_size":"h4","align":"center","_element_width":"auto","_animation":"fadeInDown","__globals__":{"title_color":"globals\/colors?id=accent","typography_typography":"globals\/typography?id=primary"},"title_color":"#FBA611","link":{"url":"","is_external":"","nofollow":"","custom_attributes":"aria-label|Professionals"}},"elements":[],"isInner":false,"widgetType":"heading","elType":"widget"},{"id":"7cf681df","settings":{"title":"Why should people by from you","align":"center","__globals__":{"typography_typography":"globals\/typography?id=accent","title_color":"globals\/colors?id=571c1bb"},"_padding":{"unit":"px","top":"25","right":"25","bottom":"25","left":"25","isLinked":true},"align_mobile":"left","_padding_mobile":{"unit":"px","top":"25","right":"0","bottom":"25","left":"0","isLinked":false},"header_size":"span"},"elements":[],"isInner":false,"widgetType":"heading","elType":"widget"},{"id":"5e66b95c","settings":{"editor":"<p>Lorem Ipsum is simply dummy text of the printing and typesetting industry. Lorem Ipsum has been the industry\u2019s standard dummy text ever since the 1500s, when an unknown printer took a galley of type and scrambled it to make a type specimen book. but also the leap into electronic typesetting, remaining essentially unchanged.<\/p>","align":"center","__globals__":{"text_color":"globals\/colors?id=571c1bb","typography_typography":"globals\/typography?id=text"},"align_mobile":"left"},"elements":[],"isInner":false,"widgetType":"text-editor","elType":"widget"},{"id":"77bac56","settings":{"text":"Ask for quotation","align":"center","size":"xl","text_padding":{"unit":"px","top":"28","right":"40","bottom":"28","left":"40","isLinked":false},"align_mobile":"justify","border_radius":{"unit":"px","top":"5","right":"5","bottom":"5","left":"5","isLinked":true},"__globals__":{"typography_typography":"globals\/typography?id=accent","hover_color":"globals\/colors?id=accent","button_background_hover_color":"globals\/colors?id=571c1bb","border_color":"globals\/colors?id=accent","background_color":"globals\/colors?id=accent"},"hover_animation":"float","border_width":{"unit":"px","top":"1","right":"1","bottom":"1","left":"1","isLinked":true},"button_box_shadow_box_shadow_type":"yes","button_box_shadow_box_shadow":{"horizontal":0,"vertical":16.29,"blur":35,"spread":0,"color":"rgba(0, 0, 0, 0.22)"},"_transform_keep_proportions_hover":"","_transform_scale_effect_hover":{"unit":"px","size":1.1,"sizes":[]},"_transform_scaleX_effect_hover":{"unit":"px","size":1,"sizes":[]},"_transform_scaleY_effect_hover":{"unit":"px","size":1,"sizes":[]},"motion_fx_transform_x_anchor_point":"left","motion_fx_transform_y_anchor_point":"center","link":{"url":"#","is_external":"","nofollow":"","custom_attributes":"aria-label|Ask for quotation"}},"elements":[],"isInner":false,"widgetType":"button","elType":"widget"},{"id":"5afe58c","settings":{"space":{"unit":"vh","size":10,"sizes":[]},"space_tablet":{"unit":"vh","size":"","sizes":[]},"space_mobile":{"unit":"vh","size":0,"sizes":[]}},"elements":[],"isInner":false,"widgetType":"spacer","elType":"widget"}],"isInner":false,"elType":"column"}],"isInner":false,"elType":"section"}],"settings":{"template":"elementor_header_footer"},"metadata":[]}