{"content":[{"id":"a275750","settings":{"layout":"full_width","gap":"no","height":"min-height","column_position":"stretch","background_background":"classic","background_image":{"id":"13","url":"https:\/\/limitless.dev.ananass.fr\/wp-content\/uploads\/2025\/08\/Ferryman_elementor_kit_plumber_ananass-6-2-1-1.jpg"},"background_overlay_background":"gradient","background_overlay_color_b":"#FEFFFD","background_overlay_opacity":{"unit":"px","size":1,"sizes":[]},"padding":{"unit":"%","top":"","right":"","bottom":"","left":"","isLinked":true},"padding_tablet":{"unit":"%","top":"","right":"","bottom":"","left":"","isLinked":true},"padding_mobile":{"unit":"%","top":"","right":"","bottom":"","left":"","isLinked":true},"__globals__":{"background_overlay_color_b":"globals\/colors?id=571c1bb","background_overlay_color":""},"_title":"Title","custom_height":{"unit":"px","size":500,"sizes":[]},"background_overlay_color":"#FEFFFD7D","background_image_tablet":{"url":"https:\/\/ferryman.dev.ananass.fr\/wp-content\/uploads\/2022\/11\/Ferryman_elementor_kit_plumber_ananass-6-1-1-1.jpg","id":27,"alt":"","source":"library","size":""},"background_image_mobile":{"url":"https:\/\/ferryman.dev.ananass.fr\/wp-content\/uploads\/2022\/11\/Ferryman_elementor_kit_plumber_ananass-6-1-1-1.jpg","id":27,"alt":"","source":"library","size":""},"background_repeat":"no-repeat","background_size":"cover","background_video_fallback":{"url":"","id":""},"background_hover_image":{"url":"","id":""},"background_hover_video_fallback":{"url":"","id":""},"background_overlay_image":{"url":"","id":""},"background_overlay_video_fallback":{"url":"","id":""},"background_overlay_hover_image":{"url":"","id":""},"background_overlay_hover_video_fallback":{"url":"","id":""}},"elements":[{"id":"b027132","settings":{"_column_size":100,"_inline_size":null,"content_position":"center","padding_mobile":{"unit":"px","top":"35","right":"35","bottom":"35","left":"35","isLinked":true},"__globals__":[],"background_background":"classic","background_image":{"url":"","id":""},"background_video_fallback":{"url":"","id":""},"background_hover_image":{"url":"","id":""},"background_hover_video_fallback":{"url":"","id":""},"background_overlay_image":{"url":"","id":""},"background_overlay_video_fallback":{"url":"","id":""},"background_overlay_hover_image":{"url":"","id":""},"background_overlay_hover_video_fallback":{"url":"","id":""}},"elements":[{"id":"6f00cb15","settings":{"__dynamic__":{"title":"[elementor-tag id=\"\" name=\"page-title\" settings=\"%7B%22include_context%22%3A%22%22%2C%22show_home_title%22%3A%22%22%2C%22before%22%3A%22%22%2C%22after%22%3A%22%22%2C%22fallback%22%3A%22%22%7D\"]","link":"[elementor-tag id=\"90683ac\" name=\"internal-url\" settings=\"%7B%22type%22%3A%22post%22%2C%22post_id%22%3A129%2C%22taxonomy_id%22%3A%22%22%2C%22attachment_id%22%3A%22%22%2C%22author_id%22%3A%22%22%7D\"]"},"title":"Add Your Heading Text Here","header_size":"span","align":"center","__globals__":{"title_color":"globals\/colors?id=text","typography_typography":"globals\/typography?id=primary"},"_background_image":{"url":"","id":""},"_background_video_fallback":{"url":"","id":""},"_background_hover_image":{"url":"","id":""},"_background_hover_video_fallback":{"url":"","id":""},"_mask_image":{"url":"","id":""}},"elements":[],"isInner":false,"widgetType":"theme-page-title","elType":"widget"},{"id":"4b2b035","settings":{"title":"What service we offer","align":"center","__globals__":{"typography_typography":"globals\/typography?id=secondary","title_color":"globals\/colors?id=text"},"_padding":{"unit":"px","top":"25","right":"0","bottom":"25","left":"0","isLinked":false},"title_color":"#3D4573","link":{"url":"","is_external":"","nofollow":"","custom_attributes":"aria-label|Ki elementor for plumbing experts"},"header_size":"h1","_background_image":{"url":"","id":""},"_background_video_fallback":{"url":"","id":""},"_background_hover_image":{"url":"","id":""},"_background_hover_video_fallback":{"url":"","id":""},"_mask_image":{"url":"","id":""}},"elements":[],"isInner":false,"widgetType":"heading","elType":"widget"}],"isInner":false,"elType":"column"}],"isInner":false,"elType":"section"},{"id":"5e00fdd0","settings":{"layout":"full_width","column_position":"stretch","background_background":"classic","background_color":"#FEFFFD","background_position":"top left","background_attachment":"fixed","background_repeat":"no-repeat","background_size":"cover","background_overlay_color":"#FEFFFD00","background_overlay_opacity":{"unit":"px","size":1,"sizes":[]},"_title":"Form","padding":{"unit":"px","top":"0","right":"0","bottom":"0","left":"0","isLinked":false},"margin_mobile":{"unit":"px","top":"0","right":0,"bottom":"0","left":0,"isLinked":true},"padding_mobile":{"unit":"px","top":"0","right":"0","bottom":"0","left":"0","isLinked":true},"custom_height":{"unit":"px","size":285,"sizes":[]},"__globals__":{"background_color":"globals\/colors?id=571c1bb","background_overlay_color_b":"globals\/colors?id=571c1bb","background_overlay_color":""},"custom_height_mobile":{"unit":"px","size":285,"sizes":[]},"background_image_tablet":{"url":"","id":"","alt":"","source":"library"},"background_image_mobile":{"url":"","id":"","alt":"","source":"library"},"background_size_tablet":"initial","background_size_mobile":"initial","background_bg_width_tablet":{"unit":"px","size":0,"sizes":[]},"background_bg_width_mobile":{"unit":"px","size":0,"sizes":[]},"content_width":{"unit":"px","size":1200,"sizes":[]},"margin":{"unit":"px","top":"0","right":0,"bottom":"0","left":0,"isLinked":false},"background_image":{"url":"","id":""},"background_video_fallback":{"url":"","id":""},"background_hover_image":{"url":"","id":""},"background_hover_video_fallback":{"url":"","id":""},"background_overlay_image":{"url":"","id":""},"background_overlay_video_fallback":{"url":"","id":""},"background_overlay_hover_image":{"url":"","id":""},"background_overlay_hover_video_fallback":{"url":"","id":""}},"elements":[{"id":"7610b57","settings":{"_column_size":100,"_inline_size":null,"margin_mobile":{"unit":"px","top":"0","right":"0","bottom":"0","left":"0","isLinked":true},"padding_mobile":{"unit":"px","top":"0","right":"0","bottom":"0","left":"0","isLinked":true},"__globals__":{"background_color":"globals\/colors?id=571c1bb"},"background_image":{"url":"","id":""},"background_video_fallback":{"url":"","id":""},"background_hover_image":{"url":"","id":""},"background_hover_video_fallback":{"url":"","id":""},"background_overlay_image":{"url":"","id":""},"background_overlay_video_fallback":{"url":"","id":""},"background_overlay_hover_image":{"url":"","id":""},"background_overlay_hover_video_fallback":{"url":"","id":""}},"elements":[{"id":"189e466d","settings":{"content_width":{"unit":"px","size":1200,"sizes":[]},"content_position":"middle","margin":{"unit":"px","top":"0","right":0,"bottom":"0","left":0,"isLinked":false},"custom_height_inner":{"unit":"px","size":"","sizes":[]},"z_index":5,"margin_mobile":{"unit":"px","top":"0","right":0,"bottom":"0","left":0,"isLinked":true},"padding":{"unit":"%","top":"","right":"","bottom":"","left":"","isLinked":true},"padding_tablet":{"unit":"%","top":"","right":"","bottom":"","left":"","isLinked":true},"padding_mobile":{"unit":"%","top":"0","right":"0","bottom":"0","left":"0","isLinked":true},"background_image":{"url":"","id":""},"background_video_fallback":{"url":"","id":""},"background_hover_image":{"url":"","id":""},"background_hover_video_fallback":{"url":"","id":""},"background_overlay_image":{"url":"","id":""},"background_overlay_video_fallback":{"url":"","id":""},"background_overlay_hover_image":{"url":"","id":""},"background_overlay_hover_video_fallback":{"url":"","id":""}},"elements":[{"id":"2a89a2e0","settings":{"_column_size":100,"_inline_size":null,"background_background":"classic","border_color":"#F9F9FC","border_radius":{"unit":"px","top":"5","right":"5","bottom":"5","left":"5","isLinked":true},"padding":{"unit":"px","top":"90","right":"90","bottom":"90","left":"90","isLinked":true},"padding_mobile":{"unit":"px","top":"35","right":"35","bottom":"35","left":"35","isLinked":true},"background_overlay_hover_color":"#F9F9FC","background_overlay_hover_color_b":"#F9F9FC00","background_overlay_hover_opacity":{"unit":"px","size":1,"sizes":[]},"background_overlay_hover_transition":{"unit":"px","size":1,"sizes":[]},"motion_fx_mouseTrack_direction":"negative","motion_fx_tilt_direction":"negative","motion_fx_tilt_speed":{"unit":"px","size":2.7,"sizes":[]},"motion_fx_translateY_speed":{"unit":"px","size":6.1,"sizes":[]},"motion_fx_translateY_affectedRange":{"unit":"%","size":"","sizes":{"start":0,"end":35}},"animation":"fadeInUp","box_shadow_box_shadow_type":"yes","box_shadow_box_shadow":{"horizontal":39,"vertical":37,"blur":80,"spread":0,"color":"rgba(0, 0, 0, 0.1)"},"border_radius_hover":{"unit":"px","top":"10","right":"10","bottom":"10","left":"10","isLinked":true},"box_shadow_hover_box_shadow_type":"yes","box_shadow_hover_box_shadow":{"horizontal":37,"vertical":37,"blur":80,"spread":0,"color":"rgba(0, 0, 0, 0.1)"},"margin_mobile":{"unit":"px","top":"0","right":"0","bottom":"0","left":"0","isLinked":true},"background_image":{"url":"","id":"","alt":"","source":"library"},"background_position":"center right","background_xpos":{"unit":"px","size":594,"sizes":[]},"background_repeat":"no-repeat","background_size":"contain","background_overlay_background":"gradient","background_overlay_color":"#F7FCFA00","background_overlay_color_b":"#F7FCFA","background_overlay_color_b_stop":{"unit":"%","size":46,"sizes":[]},"background_overlay_gradient_angle":{"unit":"deg","size":270,"sizes":[]},"background_overlay_opacity":{"unit":"px","size":1,"sizes":[]},"__globals__":{"background_overlay_color":"","background_overlay_color_b":"globals\/colors?id=571c1bb","background_color":"globals\/colors?id=571c1bb"},"background_image_mobile":{"url":"","id":"","alt":"","source":"library"},"background_size_mobile":"initial","background_bg_width_mobile":{"unit":"px","size":0,"sizes":[]},"background_image_tablet":{"url":"","id":"","alt":"","source":"library"},"background_size_tablet":"initial","background_bg_width_tablet":{"unit":"px","size":0,"sizes":[]},"background_overlay_color_stop":{"unit":"%","size":36,"sizes":[]},"motion_fx_opacity_range":{"unit":"%","size":"","sizes":{"start":0,"end":49}},"align":"center","background_video_fallback":{"url":"","id":""},"background_hover_image":{"url":"","id":""},"background_hover_video_fallback":{"url":"","id":""},"background_overlay_image":{"url":"","id":""},"background_overlay_video_fallback":{"url":"","id":""},"background_overlay_hover_image":{"url":"","id":""},"background_overlay_hover_video_fallback":{"url":"","id":""}},"elements":[{"id":"252dc3e0","settings":{"form_name":"New Form","form_fields":[{"custom_id":"name","field_label":"Name","placeholder":"Name","dynamic":{"active":true},"_id":"3f6e617","previous_button":"","next_button":"","file_sizes":"","file_types":"","allow_multiple_upload":"","max_files":"","acceptance_text":"","checked_by_default":"","field_min":"","field_max":"","min_date":"","max_date":"","use_native_date":"","use_native_time":""},{"custom_id":"email","field_type":"email","required":"true","field_label":"Email","placeholder":"Email","_id":"a4f4cbb","previous_button":"","next_button":"","file_sizes":"","file_types":"","allow_multiple_upload":"","max_files":"","acceptance_text":"","checked_by_default":"","field_min":"","field_max":"","min_date":"","max_date":"","use_native_date":"","use_native_time":""},{"custom_id":"message","field_type":"textarea","field_label":"Message","placeholder":"Message","_id":"8382503","previous_button":"","next_button":"","file_sizes":"","file_types":"","allow_multiple_upload":"","max_files":"","acceptance_text":"","checked_by_default":"","field_min":"","field_max":"","min_date":"","max_date":"","use_native_date":"","use_native_time":""},{"_id":"6a95ce9","field_type":"recaptcha","custom_id":"field_6a95ce9","field_label":"reCAPTCHA","previous_button":"","next_button":"","file_sizes":"","file_types":"","allow_multiple_upload":"","max_files":"","acceptance_text":"","checked_by_default":"","field_min":"","field_max":"","min_date":"","max_date":"","use_native_date":"","use_native_time":""},{"_id":"ec80654","field_type":"honeypot","field_label":"phone","custom_id":"field_ec80654","previous_button":"","next_button":"","file_sizes":"","file_types":"","allow_multiple_upload":"","max_files":"","acceptance_text":"","checked_by_default":"","field_min":"","field_max":"","min_date":"","max_date":"","use_native_date":"","use_native_time":""},{"field_type":"honeypot","field_label":"location","custom_id":"field_8aa6839","_id":"8aa6839","previous_button":"","next_button":"","file_sizes":"","file_types":"","allow_multiple_upload":"","max_files":"","acceptance_text":"","checked_by_default":"","field_min":"","field_max":"","min_date":"","max_date":"","use_native_date":"","use_native_time":""},{"field_type":"honeypot","field_label":"date","custom_id":"field_d229616","_id":"d229616","previous_button":"","next_button":"","file_sizes":"","file_types":"","allow_multiple_upload":"","max_files":"","acceptance_text":"","checked_by_default":"","field_min":"","field_max":"","min_date":"","max_date":"","use_native_date":"","use_native_time":""},{"field_type":"honeypot","field_label":"fax","custom_id":"field_80ebd5b","_id":"80ebd5b","previous_button":"","next_button":"","file_sizes":"","file_types":"","allow_multiple_upload":"","max_files":"","acceptance_text":"","checked_by_default":"","field_min":"","field_max":"","min_date":"","max_date":"","use_native_date":"","use_native_time":""}],"input_size":"lg","show_labels":"","button_size":"lg","button_width":"","step_next_label":"Next","step_previous_label":"Previous","button_text":"Send","email_content":"[all-fields]","email_content_2":"[all-fields]","success_message":"The form was sent successfully.","error_message":"An error occurred.","required_field_message":"This field is required.","invalid_message":"There&#039;s something wrong. The form is invalid.","column_gap":{"unit":"px","size":0,"sizes":[]},"row_gap":{"unit":"px","size":20,"sizes":[]},"label_spacing":{"unit":"px","size":"","sizes":[]},"html_color":"#363E45","field_background_color":"#0068FD08","field_border_color":"#FEFFFD","field_border_radius":{"unit":"px","top":"5","right":"5","bottom":"5","left":"5","isLinked":true},"button_border_border":"solid","button_border_width":{"unit":"px","top":"1","right":"1","bottom":"1","left":"1","isLinked":true},"button_background_hover_color":"#FEFFFD","button_hover_color":"#FBA611","button_hover_animation":"bob","button_border_radius":{"unit":"px","top":"5","right":"5","bottom":"5","left":"5","isLinked":true},"error_message_color":"#D30000","__globals__":{"html_color":"globals\/colors?id=text","field_background_color":"","field_border_color":"globals\/colors?id=571c1bb","button_background_hover_color":"globals\/colors?id=571c1bb","button_hover_color":"globals\/colors?id=accent","previous_button_background_color_hover":"","success_message_color":"globals\/colors?id=secondary"},"button_align":"center","_background_image":{"url":"","id":""},"_background_video_fallback":{"url":"","id":""},"_background_hover_image":{"url":"","id":""},"_background_hover_video_fallback":{"url":"","id":""},"_mask_image":{"url":"","id":""},"server_message":"Your submission failed because of a server error."},"elements":[],"isInner":false,"widgetType":"form","elType":"widget"}],"isInner":true,"elType":"column"}],"isInner":true,"elType":"section"}],"isInner":false,"elType":"column"}],"isInner":false,"elType":"section"},{"id":"7d2b4902","settings":{"layout":"full_width","structure":"20","background_background":"classic","gap":"no","_title":"Contact us & map","__globals__":{"background_color":"globals\/colors?id=571c1bb"},"margin":{"unit":"px","top":"-73","right":0,"bottom":"0","left":0,"isLinked":false},"background_image":{"url":"","id":""},"background_video_fallback":{"url":"","id":""},"background_hover_image":{"url":"","id":""},"background_hover_video_fallback":{"url":"","id":""},"background_overlay_image":{"url":"","id":""},"background_overlay_video_fallback":{"url":"","id":""},"background_overlay_hover_image":{"url":"","id":""},"background_overlay_hover_video_fallback":{"url":"","id":""}},"elements":[{"id":"4a3490df","settings":{"_column_size":50,"_inline_size":null,"background_background":"classic","border_radius":{"unit":"px","top":"0","right":"20","bottom":"0","left":"0","isLinked":false},"__globals__":{"background_color":"globals\/colors?id=secondary"},"padding":{"unit":"px","top":"90","right":"90","bottom":"90","left":"90","isLinked":true},"_inline_size_tablet":100,"padding_mobile":{"unit":"px","top":"35","right":"35","bottom":"35","left":"35","isLinked":false},"content_position":"center","background_image":{"url":"","id":""},"background_video_fallback":{"url":"","id":""},"background_hover_image":{"url":"","id":""},"background_hover_video_fallback":{"url":"","id":""},"background_overlay_image":{"url":"","id":""},"background_overlay_video_fallback":{"url":"","id":""},"background_overlay_hover_image":{"url":"","id":""},"background_overlay_hover_video_fallback":{"url":"","id":""}},"elements":[{"id":"3e8da0fc","settings":{"space":{"unit":"vh","size":5,"sizes":[]},"space_tablet":{"unit":"vh","size":"","sizes":[]},"space_mobile":{"unit":"vh","size":5,"sizes":[]},"_background_image":{"url":"","id":""},"_background_video_fallback":{"url":"","id":""},"_background_hover_image":{"url":"","id":""},"_background_hover_video_fallback":{"url":"","id":""},"_mask_image":{"url":"","id":""}},"elements":[],"isInner":false,"widgetType":"spacer","elType":"widget"},{"id":"7025535a","settings":{"title":"Let's talk","header_size":"span","align":"left","_element_width":"auto","_animation":"fadeInDown","__globals__":{"title_color":"globals\/colors?id=accent","typography_typography":"globals\/typography?id=primary"},"title_color":"#FD830D","_background_image":{"url":"","id":""},"_background_video_fallback":{"url":"","id":""},"_background_hover_image":{"url":"","id":""},"_background_hover_video_fallback":{"url":"","id":""},"_mask_image":{"url":"","id":""}},"elements":[],"isInner":false,"widgetType":"heading","elType":"widget"},{"id":"41a4c611","settings":{"title":"We Will Be Happy To Assist You\n\n","align":"left","__globals__":{"typography_typography":"globals\/typography?id=secondary","title_color":"globals\/colors?id=571c1bb"},"_padding":{"unit":"px","top":"25","right":"0","bottom":"25","left":"0","isLinked":false},"link":{"url":"","is_external":"","nofollow":"","custom_attributes":"aria-label|"},"_background_image":{"url":"","id":""},"_background_video_fallback":{"url":"","id":""},"_background_hover_image":{"url":"","id":""},"_background_hover_video_fallback":{"url":"","id":""},"_mask_image":{"url":"","id":""}},"elements":[],"isInner":false,"widgetType":"heading","elType":"widget"},{"id":"52363059","settings":{"editor":"Lorem Ipsum is simply dummy text of the printing and typesetting industry. Lorem Ipsum has been the industry\u2019s standard dummy text ever since the 1500s, when an unknown printer took a galley of type and scrambled it to make a type specimen book. but also the leap into electronic typesetting, remaining essentially unchanged.","__globals__":{"typography_typography":"globals\/typography?id=text","text_color":"globals\/colors?id=571c1bb"},"_background_image":{"url":"","id":""},"_background_video_fallback":{"url":"","id":""},"_background_hover_image":{"url":"","id":""},"_background_hover_video_fallback":{"url":"","id":""},"_mask_image":{"url":"","id":""}},"elements":[],"isInner":false,"widgetType":"text-editor","elType":"widget"},{"id":"2f696392","settings":{"icon_list":[{"text":"030 210 8693","selected_icon":{"value":"fas fa-mobile","library":"fa-solid"},"_id":"f4700b5","link":{"url":"","is_external":"","nofollow":"","custom_attributes":"aria-label|"}},{"text":"030 210 8693","selected_icon":{"value":"fas fa-fax","library":"fa-solid"},"_id":"e3bc16d","link":{"url":"","is_external":"","nofollow":"","custom_attributes":"aria-label|"}},{"text":"info@mail.com","selected_icon":{"value":"far fa-envelope","library":"fa-regular"},"_id":"eb334d7","link":{"url":"","is_external":"","nofollow":"","custom_attributes":"aria-label|"}},{"text":"chantonnay 85110, france","selected_icon":{"value":"fas fa-map-marker-alt","library":"fa-solid"},"_id":"e23febe","link":{"url":"","is_external":"","nofollow":"","custom_attributes":"aria-label|"}},{"text":"Open : Monday - Friday","selected_icon":{"value":"far fa-clock","library":"fa-regular"},"_id":"5d79649","link":{"url":"","is_external":"","nofollow":"","custom_attributes":"aria-label|"}}],"icon_color":"#FD830D","icon_size":{"unit":"px","size":22,"sizes":[]},"icon_self_align":"center","text_color":"#FFFFFF","__globals__":{"icon_color":"globals\/colors?id=accent","icon_typography_typography":"globals\/typography?id=text"},"space_between":{"unit":"px","size":10,"sizes":[]},"_background_image":{"url":"","id":""},"_background_video_fallback":{"url":"","id":""},"_background_hover_image":{"url":"","id":""},"_background_hover_video_fallback":{"url":"","id":""},"_mask_image":{"url":"","id":""}},"elements":[],"isInner":false,"widgetType":"icon-list","elType":"widget"},{"id":"6e3579d2","settings":{"space":{"unit":"vh","size":5,"sizes":[]},"space_tablet":{"unit":"vh","size":"","sizes":[]},"space_mobile":{"unit":"vh","size":0,"sizes":[]},"_background_image":{"url":"","id":""},"_background_video_fallback":{"url":"","id":""},"_background_hover_image":{"url":"","id":""},"_background_hover_video_fallback":{"url":"","id":""},"_mask_image":{"url":"","id":""}},"elements":[],"isInner":false,"widgetType":"spacer","elType":"widget"}],"isInner":false,"elType":"column"},{"id":"418bff89","settings":{"_column_size":50,"_inline_size":null,"align":"center","border_radius":{"unit":"px","top":"20","right":"0","bottom":"0","left":"20","isLinked":false},"margin":{"unit":"px","top":"50","right":"0","bottom":"-50","left":"0","isLinked":false},"__globals__":{"background_color":"globals\/colors?id=secondary"},"padding":{"unit":"px","top":"0","right":"0","bottom":"0","left":"0","isLinked":false},"z_index":2,"_inline_size_tablet":100,"margin_tablet":{"unit":"px","top":"0","right":"0","bottom":"0","left":"0","isLinked":true},"margin_mobile":{"unit":"px","top":"-20","right":"0","bottom":"0","left":"0","isLinked":false},"background_image":{"url":"","id":""},"background_video_fallback":{"url":"","id":""},"background_hover_image":{"url":"","id":""},"background_hover_video_fallback":{"url":"","id":""},"background_overlay_image":{"url":"","id":""},"background_overlay_video_fallback":{"url":"","id":""},"background_overlay_hover_image":{"url":"","id":""},"background_overlay_hover_video_fallback":{"url":"","id":""}},"elements":[{"id":"a89cd9a","settings":{"address":"chantonnay","height":{"unit":"vh","size":83,"sizes":[]},"height_tablet":{"unit":"vh","size":53,"sizes":[]},"height_mobile":{"unit":"vh","size":55,"sizes":[]},"_border_radius":{"unit":"px","top":"20","right":"0","bottom":"0","left":"20","isLinked":false},"_box_shadow_box_shadow_type":"yes","_box_shadow_box_shadow":{"horizontal":9.79,"vertical":16.29,"blur":35,"spread":0,"color":"rgba(0, 0, 0, 0.1)"},"css_filters_blur":{"unit":"px","size":4.8,"sizes":[]},"css_filters_brightness":{"unit":"px","size":80,"sizes":[]},"css_filters_contrast":{"unit":"px","size":200,"sizes":[]},"css_filters_saturate":{"unit":"px","size":153,"sizes":[]},"css_filters_hue":{"unit":"px","size":39,"sizes":[]},"_background_image":{"url":"","id":""},"_background_video_fallback":{"url":"","id":""},"_background_hover_image":{"url":"","id":""},"_background_hover_video_fallback":{"url":"","id":""},"_mask_image":{"url":"","id":""}},"elements":[],"isInner":false,"widgetType":"google_maps","elType":"widget"}],"isInner":false,"elType":"column"}],"isInner":false,"elType":"section"}],"settings":{"template":"elementor_header_footer"},"metadata":[]}