{"content":[{"id":"47ae0b0c","settings":{"layout":"full_width","gap":"no","height":"min-height","column_position":"stretch","background_background":"classic","background_image":{"id":41,"url":"https:\/\/limitless.dev.ananass.fr\/wp-content\/uploads\/2025\/08\/Ferryman_elementor_kit_plumber_ananass-18-1-1-1.jpg"},"background_overlay_background":"gradient","background_overlay_color_b":"#FEFFFD","background_overlay_opacity":{"unit":"px","size":1,"sizes":[]},"padding":{"unit":"%","top":"","right":"","bottom":"","left":"","isLinked":true},"padding_tablet":{"unit":"%","top":"","right":"","bottom":"","left":"","isLinked":true},"padding_mobile":{"unit":"%","top":"","right":"","bottom":"","left":"","isLinked":true},"__globals__":{"background_overlay_color_b":"globals\/colors?id=571c1bb","background_overlay_color":""},"_title":"Title","custom_height":{"unit":"px","size":500,"sizes":[]},"background_position":"bottom center","background_attachment":"fixed","background_repeat":"no-repeat","background_size":"cover","background_overlay_color":"#FEFFFD7D","background_video_fallback":{"url":"","id":""},"background_slideshow_gallery":[],"background_hover_image":{"url":"","id":""},"background_hover_video_fallback":{"url":"","id":""},"background_hover_slideshow_gallery":[],"background_overlay_image":{"url":"","id":""},"background_overlay_video_fallback":{"url":"","id":""},"background_overlay_slideshow_gallery":[],"background_overlay_hover_image":{"url":"","id":""},"background_overlay_hover_video_fallback":{"url":"","id":""},"background_overlay_hover_slideshow_gallery":[]},"elements":[{"id":"440ff0d8","settings":{"_column_size":100,"_inline_size":null,"content_position":"center","padding_mobile":{"unit":"px","top":"35","right":"35","bottom":"35","left":"35","isLinked":true},"__globals__":[],"background_image":{"url":"","id":""},"background_video_fallback":{"url":"","id":""},"background_slideshow_gallery":[],"background_hover_image":{"url":"","id":""},"background_hover_video_fallback":{"url":"","id":""},"background_hover_slideshow_gallery":[],"background_overlay_image":{"url":"","id":""},"background_overlay_video_fallback":{"url":"","id":""},"background_overlay_slideshow_gallery":[],"background_overlay_hover_image":{"url":"","id":""},"background_overlay_hover_video_fallback":{"url":"","id":""},"background_overlay_hover_slideshow_gallery":[]},"elements":[{"id":"9145740","settings":{"__dynamic__":{"title":"[elementor-tag id=\"\" name=\"page-title\" settings=\"%7B%22include_context%22%3A%22%22%2C%22show_home_title%22%3A%22%22%2C%22before%22%3A%22%22%2C%22after%22%3A%22%22%2C%22fallback%22%3A%22%22%7D\"]","link":"[elementor-tag id=\"90683ac\" name=\"internal-url\" settings=\"%7B%22type%22%3A%22post%22%2C%22post_id%22%3A129%2C%22taxonomy_id%22%3A%22%22%2C%22attachment_id%22%3A%22%22%2C%22author_id%22%3A%22%22%7D\"]"},"title":"Add Your Heading Text Here","header_size":"span","align":"center","__globals__":{"title_color":"globals\/colors?id=text","typography_typography":"globals\/typography?id=primary"},"_background_image":{"url":"","id":""},"_background_video_fallback":{"url":"","id":""},"_background_slideshow_gallery":[],"_background_hover_image":{"url":"","id":""},"_background_hover_video_fallback":{"url":"","id":""},"_background_hover_slideshow_gallery":[],"_mask_image":{"url":"","id":""}},"elements":[],"isInner":false,"widgetType":"theme-page-title","elType":"widget"},{"id":"12e21af9","settings":{"title":"What service we offer","align":"center","__globals__":{"typography_typography":"globals\/typography?id=secondary","title_color":"globals\/colors?id=text"},"_padding":{"unit":"px","top":"25","right":"0","bottom":"25","left":"0","isLinked":false},"title_color":"#3D4573","link":{"url":"","is_external":"","nofollow":"","custom_attributes":"aria-label|Ki elementor for plumbing experts"},"header_size":"h1","_background_image":{"url":"","id":""},"_background_video_fallback":{"url":"","id":""},"_background_slideshow_gallery":[],"_background_hover_image":{"url":"","id":""},"_background_hover_video_fallback":{"url":"","id":""},"_background_hover_slideshow_gallery":[],"_mask_image":{"url":"","id":""}},"elements":[],"isInner":false,"widgetType":"heading","elType":"widget"}],"isInner":false,"elType":"column"}],"isInner":false,"elType":"section"},{"id":"1817b1ba","settings":{"layout":"full_width","background_background":"classic","_title":"Last projects","__globals__":{"background_color":"globals\/colors?id=571c1bb"},"background_image":{"url":"","id":""},"background_video_fallback":{"url":"","id":""},"background_slideshow_gallery":[],"background_hover_image":{"url":"","id":""},"background_hover_video_fallback":{"url":"","id":""},"background_hover_slideshow_gallery":[],"background_overlay_image":{"url":"","id":""},"background_overlay_video_fallback":{"url":"","id":""},"background_overlay_slideshow_gallery":[],"background_overlay_hover_image":{"url":"","id":""},"background_overlay_hover_video_fallback":{"url":"","id":""},"background_overlay_hover_slideshow_gallery":[]},"elements":[{"id":"3392f263","settings":{"_column_size":100,"_inline_size":null,"background_image":{"url":"","id":""},"background_video_fallback":{"url":"","id":""},"background_slideshow_gallery":[],"background_hover_image":{"url":"","id":""},"background_hover_video_fallback":{"url":"","id":""},"background_hover_slideshow_gallery":[],"background_overlay_image":{"url":"","id":""},"background_overlay_video_fallback":{"url":"","id":""},"background_overlay_slideshow_gallery":[],"background_overlay_hover_image":{"url":"","id":""},"background_overlay_hover_video_fallback":{"url":"","id":""},"background_overlay_hover_slideshow_gallery":[]},"elements":[{"id":"1372b93f","settings":{"content_width":{"unit":"px","size":1200,"sizes":[]},"structure":"20","background_image":{"url":"","id":""},"background_video_fallback":{"url":"","id":""},"background_slideshow_gallery":[],"background_hover_image":{"url":"","id":""},"background_hover_video_fallback":{"url":"","id":""},"background_hover_slideshow_gallery":[],"background_overlay_image":{"url":"","id":""},"background_overlay_video_fallback":{"url":"","id":""},"background_overlay_slideshow_gallery":[],"background_overlay_hover_image":{"url":"","id":""},"background_overlay_hover_video_fallback":{"url":"","id":""},"background_overlay_hover_slideshow_gallery":[]},"elements":[{"id":"5f0a4503","settings":{"_column_size":50,"_inline_size":47.134,"_inline_size_tablet":100,"background_image":{"url":"","id":""},"background_video_fallback":{"url":"","id":""},"background_slideshow_gallery":[],"background_hover_image":{"url":"","id":""},"background_hover_video_fallback":{"url":"","id":""},"background_hover_slideshow_gallery":[],"background_overlay_image":{"url":"","id":""},"background_overlay_video_fallback":{"url":"","id":""},"background_overlay_slideshow_gallery":[],"background_overlay_hover_image":{"url":"","id":""},"background_overlay_hover_video_fallback":{"url":"","id":""},"background_overlay_hover_slideshow_gallery":[]},"elements":[{"id":"4076ef6b","settings":{"skin":"cover","layout":"above","bg_image":{"id":93,"url":"https:\/\/limitless.dev.ananass.fr\/wp-content\/uploads\/2025\/08\/Ferryman_elementor_kit_plumber_ananass-4-1-1-1.jpg"},"bg_image_size":"full","title":"Our last Project","description":"Lorem ipsum dolor sit amet consectetur adipiscing elit dolor","button":"More projects","min-height":{"unit":"px","size":597,"sizes":[]},"alignment":"left","vertical_position":"bottom","padding":{"unit":"px","top":"50","right":"50","bottom":"50","left":"50","isLinked":true},"text_stroke_text_stroke":{"unit":"px","size":1,"sizes":[]},"title_spacing":{"unit":"px","size":25,"sizes":[]},"button_typography_typography":"custom","button_typography_font_family":"Inter","button_typography_font_size":{"unit":"rem","size":1,"sizes":[]},"button_typography_font_weight":"400","button_typography_letter_spacing":{"unit":"px","size":0.5,"sizes":[]},"button_text_color":"#FEFFFD","button_background_color":"#FBA611","button_border_color":"#FBA611","button_border_radius":{"unit":"px","size":5,"sizes":[]},"overlay_color_hover":"#363E45B0","_border_radius":{"unit":"px","top":"5","right":"5","bottom":"5","left":"5","isLinked":true},"__globals__":{"button_background_color":"globals\/colors?id=accent","button_border_color":"globals\/colors?id=accent","button_text_color":"globals\/colors?id=571c1bb","button_typography_typography":"globals\/typography?id=text","overlay_color_hover":"","text_stroke_stroke_color":"globals\/colors?id=accent","title_color":"globals\/colors?id=accent","description_color":"globals\/colors?id=571c1bb","title_color_hover":"globals\/colors?id=571c1bb","description_color_hover":"globals\/colors?id=571c1bb"},"button_size":"lg","graphic_image":{"id":120,"url":"https:\/\/limitless.dev.ananass.fr\/wp-content\/uploads\/2025\/08\/placeholder-179-1.png"},"selected_icon":{"value":"fas fa-star","library":"fa-solid"},"_background_image":{"url":"","id":""},"_background_video_fallback":{"url":"","id":""},"_background_slideshow_gallery":[],"_background_hover_image":{"url":"","id":""},"_background_hover_video_fallback":{"url":"","id":""},"_background_hover_slideshow_gallery":[],"_mask_image":{"url":"","id":""}},"elements":[],"isInner":false,"widgetType":"call-to-action","elType":"widget"}],"isInner":true,"elType":"column"},{"id":"1391d157","settings":{"_column_size":50,"_inline_size":52.866,"_inline_size_tablet":100,"background_image":{"url":"","id":""},"background_video_fallback":{"url":"","id":""},"background_slideshow_gallery":[],"background_hover_image":{"url":"","id":""},"background_hover_video_fallback":{"url":"","id":""},"background_hover_slideshow_gallery":[],"background_overlay_image":{"url":"","id":""},"background_overlay_video_fallback":{"url":"","id":""},"background_overlay_slideshow_gallery":[],"background_overlay_hover_image":{"url":"","id":""},"background_overlay_hover_video_fallback":{"url":"","id":""},"background_overlay_hover_slideshow_gallery":[]},"elements":[{"id":"7215566c","settings":{"columns":"2","posts_per_page":4,"item_ratio":{"unit":"px","size":0.97,"sizes":[]},"posts_include":[],"taxonomy":"category","column_gap":{"unit":"px","size":10,"sizes":[]},"row_gap":{"unit":"px","size":10,"sizes":[]},"border_radius":{"unit":"px","top":"5","right":"5","bottom":"5","left":"5","isLinked":true},"color_background":"#363E45B0","__globals__":{"color_title":"globals\/colors?id=571c1bb","typography_title_typography":"globals\/typography?id=accent"},"thumbnail_size_size":"full","_background_image":{"url":"","id":""},"_background_video_fallback":{"url":"","id":""},"_background_slideshow_gallery":[],"_background_hover_image":{"url":"","id":""},"_background_hover_video_fallback":{"url":"","id":""},"_background_hover_slideshow_gallery":[],"_mask_image":{"url":"","id":""}},"elements":[],"isInner":false,"widgetType":"portfolio","elType":"widget"}],"isInner":true,"elType":"column"}],"isInner":true,"elType":"section"}],"isInner":false,"elType":"column"}],"isInner":false,"elType":"section"},{"id":"4578a4c2","settings":{"content_width":{"unit":"px","size":1200,"sizes":[]},"background_background":"classic","background_color":"#FEFFFD","background_image":{"id":41,"url":"https:\/\/limitless.dev.ananass.fr\/wp-content\/uploads\/2025\/08\/Ferryman_elementor_kit_plumber_ananass-18-1-1-1.jpg"},"background_repeat":"no-repeat","background_size":"cover","background_overlay_background":"gradient","background_overlay_color":"#FEFFFD","background_overlay_opacity":{"unit":"px","size":1,"sizes":[]},"gap":"no","custom_height":{"unit":"px","size":720,"sizes":[]},"padding":{"unit":"px","top":"90","right":"90","bottom":"0","left":"90","isLinked":false},"_title":"Our partners","padding_mobile":{"unit":"px","top":"35","right":"35","bottom":"35","left":"35","isLinked":true},"background_position":"bottom center","__globals__":{"background_color":"globals\/colors?id=571c1bb","background_overlay_color":"globals\/colors?id=571c1bb","background_overlay_color_b":""},"margin_mobile":{"unit":"px","top":"-21","right":0,"bottom":"0","left":0,"isLinked":false},"margin_tablet":{"unit":"px","top":"-20","right":0,"bottom":"0","left":0,"isLinked":false},"background_attachment":"fixed","background_overlay_color_b":"#FEFFFD00","background_image_tablet":{"url":"https:\/\/vendeerland.com\/wp-content\/uploads\/2022\/11\/Ferryman_elementor_kit_plumber_ananass-18-1-1.jpg","id":23,"alt":"","source":"library"},"background_image_mobile":{"url":"https:\/\/vendeerland.com\/wp-content\/uploads\/2022\/11\/Ferryman_elementor_kit_plumber_ananass-18-1-1.jpg","id":23,"alt":"","source":"library"},"background_video_fallback":{"url":"","id":""},"background_slideshow_gallery":[],"background_hover_image":{"url":"","id":""},"background_hover_video_fallback":{"url":"","id":""},"background_hover_slideshow_gallery":[],"background_overlay_image":{"url":"","id":""},"background_overlay_video_fallback":{"url":"","id":""},"background_overlay_slideshow_gallery":[],"background_overlay_hover_image":{"url":"","id":""},"background_overlay_hover_video_fallback":{"url":"","id":""},"background_overlay_hover_slideshow_gallery":[]},"elements":[{"id":"51b4b886","settings":{"_column_size":100,"_inline_size":null,"background_image":{"url":"","id":""},"background_video_fallback":{"url":"","id":""},"background_slideshow_gallery":[],"background_hover_image":{"url":"","id":""},"background_hover_video_fallback":{"url":"","id":""},"background_hover_slideshow_gallery":[],"background_overlay_image":{"url":"","id":""},"background_overlay_video_fallback":{"url":"","id":""},"background_overlay_slideshow_gallery":[],"background_overlay_hover_image":{"url":"","id":""},"background_overlay_hover_video_fallback":{"url":"","id":""},"background_overlay_hover_slideshow_gallery":[]},"elements":[{"id":"46d45682","settings":{"space":{"unit":"px","size":90,"sizes":[]},"space_mobile":{"unit":"px","size":0,"sizes":[]},"_background_image":{"url":"","id":""},"_background_video_fallback":{"url":"","id":""},"_background_slideshow_gallery":[],"_background_hover_image":{"url":"","id":""},"_background_hover_video_fallback":{"url":"","id":""},"_background_hover_slideshow_gallery":[],"_mask_image":{"url":"","id":""}},"elements":[],"isInner":false,"widgetType":"spacer","elType":"widget"},{"id":"43376e6","settings":{"title":"Our","header_size":"span","align":"center","_element_width":"auto","_element_vertical_align":"center","_animation":"fadeInDown","_padding":{"unit":"px","top":"0","right":"25","bottom":"0","left":"0","isLinked":false},"__globals__":{"title_color":"globals\/colors?id=primary","typography_typography":"globals\/typography?id=primary"},"title_color":"#0439D9","_background_image":{"url":"","id":""},"_background_video_fallback":{"url":"","id":""},"_background_slideshow_gallery":[],"_background_hover_image":{"url":"","id":""},"_background_hover_video_fallback":{"url":"","id":""},"_background_hover_slideshow_gallery":[],"_mask_image":{"url":"","id":""}},"elements":[],"isInner":false,"widgetType":"heading","elType":"widget"},{"id":"5484685f","settings":{"title":"partners","header_size":"span","align":"center","_element_width":"auto","_animation":"fadeInDown","__globals__":{"title_color":"globals\/colors?id=accent","typography_typography":"globals\/typography?id=primary"},"title_color":"#FD830D","_background_image":{"url":"","id":""},"_background_video_fallback":{"url":"","id":""},"_background_slideshow_gallery":[],"_background_hover_image":{"url":"","id":""},"_background_hover_video_fallback":{"url":"","id":""},"_background_hover_slideshow_gallery":[],"_mask_image":{"url":"","id":""}},"elements":[],"isInner":false,"widgetType":"heading","elType":"widget"},{"id":"1a7c2cb3","settings":{"title":"Trusted by World\u2019s Best Companies\n","align":"left","__globals__":{"title_color":"globals\/colors?id=text","typography_typography":"globals\/typography?id=secondary"},"_padding":{"unit":"px","top":"25","right":"0","bottom":"25","left":"0","isLinked":false},"_background_image":{"url":"","id":""},"_background_video_fallback":{"url":"","id":""},"_background_slideshow_gallery":[],"_background_hover_image":{"url":"","id":""},"_background_hover_video_fallback":{"url":"","id":""},"_background_hover_slideshow_gallery":[],"_mask_image":{"url":"","id":""}},"elements":[],"isInner":false,"widgetType":"heading","elType":"widget"},{"id":"4e52d0fc","settings":{"thumbnail_size":"full","slides_to_show":"6","slides_to_scroll":"1","navigation":"none","gallery_vertical_align":"center","image_spacing_custom":{"unit":"px","size":49,"sizes":[]},"_transform_translateX_effect_hover":{"unit":"px","size":13,"sizes":[]},"_transform_keep_proportions_hover":"","_transform_scale_effect_hover":{"unit":"px","size":1.1,"sizes":[]},"slides_to_show_tablet":"3","slides_to_show_mobile":"1","carousel":[{"id":78,"url":"https:\/\/limitless.dev.ananass.fr\/wp-content\/uploads\/2025\/08\/logo-ferryman-kit-elementor-section-partners-ipsum-4-1-1-1.png"},{"id":79,"url":"https:\/\/limitless.dev.ananass.fr\/wp-content\/uploads\/2025\/08\/logo-ferryman-kit-elementor-section-partners-ipsum-3-1-1-1.png"},{"id":76,"url":"https:\/\/limitless.dev.ananass.fr\/wp-content\/uploads\/2025\/08\/logo-ferryman-kit-elementor-section-partners-ipsum-6-1-1-1.png"},{"id":77,"url":"https:\/\/limitless.dev.ananass.fr\/wp-content\/uploads\/2025\/08\/logo-ferryman-kit-elementor-section-partners-ipsum-5-1-1-1.png"},{"id":80,"url":"https:\/\/limitless.dev.ananass.fr\/wp-content\/uploads\/2025\/08\/logo-ferryman-kit-elementor-section-partners-ipsum-1-1-1-1.png"},{"id":81,"url":"https:\/\/limitless.dev.ananass.fr\/wp-content\/uploads\/2025\/08\/logo-ferryman-kit-elementor-section-partners-ipsum-2-1-1-1.png"}],"navigation_previous_icon":{"value":"","library":""},"navigation_next_icon":{"value":"","library":""},"_background_image":{"url":"","id":""},"_background_video_fallback":{"url":"","id":""},"_background_slideshow_gallery":[],"_background_hover_image":{"url":"","id":""},"_background_hover_video_fallback":{"url":"","id":""},"_background_hover_slideshow_gallery":[],"_mask_image":{"url":"","id":""}},"elements":[],"isInner":false,"widgetType":"image-carousel","elType":"widget"},{"id":"de11775","settings":{"space":{"unit":"px","size":90,"sizes":[]},"space_mobile":{"unit":"px","size":0,"sizes":[]},"_background_image":{"url":"","id":""},"_background_video_fallback":{"url":"","id":""},"_background_slideshow_gallery":[],"_background_hover_image":{"url":"","id":""},"_background_hover_video_fallback":{"url":"","id":""},"_background_hover_slideshow_gallery":[],"_mask_image":{"url":"","id":""}},"elements":[],"isInner":false,"widgetType":"spacer","elType":"widget"}],"isInner":false,"elType":"column"}],"isInner":false,"elType":"section"},{"id":"30a5fe85","settings":{"layout":"full_width","height":"min-height","column_position":"stretch","background_background":"classic","background_color":"#FEFFFD","background_image":{"id":41,"url":"https:\/\/limitless.dev.ananass.fr\/wp-content\/uploads\/2025\/08\/Ferryman_elementor_kit_plumber_ananass-18-1-1-1.jpg"},"background_position":"bottom center","background_attachment":"fixed","background_repeat":"no-repeat","background_size":"cover","background_overlay_background":"gradient","background_overlay_color":"#FEFFFD00","background_overlay_opacity":{"unit":"px","size":1,"sizes":[]},"_title":"Working with me ?","padding":{"unit":"px","top":"0","right":"0","bottom":"90","left":"0","isLinked":false},"margin_mobile":{"unit":"px","top":"0","right":0,"bottom":"0","left":0,"isLinked":true},"padding_mobile":{"unit":"px","top":"0","right":"0","bottom":"0","left":"0","isLinked":true},"custom_height":{"unit":"px","size":285,"sizes":[]},"__globals__":{"background_color":"globals\/colors?id=571c1bb","background_overlay_color_b":"globals\/colors?id=571c1bb","background_overlay_color":""},"custom_height_mobile":{"unit":"px","size":285,"sizes":[]},"background_image_tablet":{"url":"https:\/\/vendeerland.com\/wp-content\/uploads\/2022\/11\/Ferryman_elementor_kit_plumber_ananass-18-1-1.jpg","id":23,"alt":"","source":"library"},"background_image_mobile":{"url":"https:\/\/vendeerland.com\/wp-content\/uploads\/2022\/11\/Ferryman_elementor_kit_plumber_ananass-18-1-1.jpg","id":23,"alt":"","source":"library"},"background_size_tablet":"initial","background_size_mobile":"initial","background_bg_width_tablet":{"unit":"px","size":1,"sizes":[]},"background_bg_width_mobile":{"unit":"px","size":1,"sizes":[]},"background_overlay_color_b_stop":{"unit":"%","size":63,"sizes":[]},"background_video_fallback":{"url":"","id":""},"background_slideshow_gallery":[],"background_hover_image":{"url":"","id":""},"background_hover_video_fallback":{"url":"","id":""},"background_hover_slideshow_gallery":[],"background_overlay_image":{"url":"","id":""},"background_overlay_video_fallback":{"url":"","id":""},"background_overlay_slideshow_gallery":[],"background_overlay_hover_image":{"url":"","id":""},"background_overlay_hover_video_fallback":{"url":"","id":""},"background_overlay_hover_slideshow_gallery":[]},"elements":[{"id":"6356fb4f","settings":{"_column_size":100,"_inline_size":null,"margin":{"unit":"px","top":"0","right":"0","bottom":"-135","left":"0","isLinked":false},"margin_mobile":{"unit":"px","top":"0","right":"0","bottom":"0","left":"0","isLinked":true},"padding_mobile":{"unit":"px","top":"0","right":"0","bottom":"0","left":"0","isLinked":true},"__globals__":{"background_color":"globals\/colors?id=571c1bb"},"background_image":{"url":"","id":""},"background_video_fallback":{"url":"","id":""},"background_slideshow_gallery":[],"background_hover_image":{"url":"","id":""},"background_hover_video_fallback":{"url":"","id":""},"background_hover_slideshow_gallery":[],"background_overlay_image":{"url":"","id":""},"background_overlay_video_fallback":{"url":"","id":""},"background_overlay_slideshow_gallery":[],"background_overlay_hover_image":{"url":"","id":""},"background_overlay_hover_video_fallback":{"url":"","id":""},"background_overlay_hover_slideshow_gallery":[]},"elements":[{"id":"338bdfe5","settings":{"space":{"unit":"px","size":90,"sizes":[]},"_background_image":{"url":"","id":""},"_background_video_fallback":{"url":"","id":""},"_background_slideshow_gallery":[],"_background_hover_image":{"url":"","id":""},"_background_hover_video_fallback":{"url":"","id":""},"_background_hover_slideshow_gallery":[],"_mask_image":{"url":"","id":""}},"elements":[],"isInner":false,"widgetType":"spacer","elType":"widget"},{"id":"51782359","settings":{"content_width":{"unit":"px","size":1200,"sizes":[]},"content_position":"middle","margin":{"unit":"px","top":"-137","right":0,"bottom":"0","left":0,"isLinked":false},"custom_height_inner":{"unit":"px","size":"","sizes":[]},"z_index":5,"margin_mobile":{"unit":"px","top":"0","right":0,"bottom":"0","left":0,"isLinked":true},"padding":{"unit":"%","top":"0","right":"5","bottom":"0","left":"5","isLinked":false},"padding_tablet":{"unit":"%","top":"","right":"","bottom":"","left":"","isLinked":true},"padding_mobile":{"unit":"%","top":"0","right":"0","bottom":"0","left":"0","isLinked":true},"background_image":{"url":"","id":""},"background_video_fallback":{"url":"","id":""},"background_slideshow_gallery":[],"background_hover_image":{"url":"","id":""},"background_hover_video_fallback":{"url":"","id":""},"background_hover_slideshow_gallery":[],"background_overlay_image":{"url":"","id":""},"background_overlay_video_fallback":{"url":"","id":""},"background_overlay_slideshow_gallery":[],"background_overlay_hover_image":{"url":"","id":""},"background_overlay_hover_video_fallback":{"url":"","id":""},"background_overlay_hover_slideshow_gallery":[]},"elements":[{"id":"7107eac7","settings":{"_column_size":100,"_inline_size":null,"background_background":"classic","border_color":"#F9F9FC","border_radius":{"unit":"px","top":"5","right":"5","bottom":"5","left":"5","isLinked":true},"padding":{"unit":"px","top":"90","right":"90","bottom":"90","left":"90","isLinked":true},"padding_mobile":{"unit":"px","top":"35","right":"35","bottom":"35","left":"35","isLinked":true},"background_overlay_hover_color":"#F9F9FC","background_overlay_hover_color_b":"#F9F9FC00","background_overlay_hover_opacity":{"unit":"px","size":1,"sizes":[]},"background_overlay_hover_transition":{"unit":"px","size":1,"sizes":[]},"motion_fx_mouseTrack_direction":"negative","motion_fx_tilt_direction":"negative","motion_fx_tilt_speed":{"unit":"px","size":2.7,"sizes":[]},"motion_fx_motion_fx_scrolling":"yes","motion_fx_translateY_effect":"yes","motion_fx_translateY_speed":{"unit":"px","size":6.1,"sizes":[]},"motion_fx_translateY_affectedRange":{"unit":"%","size":"","sizes":{"start":0,"end":35}},"animation":"fadeInUp","box_shadow_box_shadow_type":"yes","box_shadow_box_shadow":{"horizontal":39,"vertical":37,"blur":80,"spread":0,"color":"rgba(0, 0, 0, 0.1)"},"border_radius_hover":{"unit":"px","top":"10","right":"10","bottom":"10","left":"10","isLinked":true},"box_shadow_hover_box_shadow_type":"yes","box_shadow_hover_box_shadow":{"horizontal":37,"vertical":37,"blur":80,"spread":0,"color":"rgba(0, 0, 0, 0.1)"},"margin_mobile":{"unit":"px","top":"0","right":"0","bottom":"0","left":"0","isLinked":true},"background_image":{"id":93,"url":"https:\/\/limitless.dev.ananass.fr\/wp-content\/uploads\/2025\/08\/Ferryman_elementor_kit_plumber_ananass-4-1-1-1.jpg"},"background_position":"center right","background_xpos":{"unit":"px","size":594,"sizes":[]},"background_repeat":"no-repeat","background_size":"contain","background_overlay_background":"gradient","background_overlay_color":"#F7FCFA00","background_overlay_color_b":"#F7FCFA","background_overlay_color_b_stop":{"unit":"%","size":46,"sizes":[]},"background_overlay_gradient_angle":{"unit":"deg","size":270,"sizes":[]},"background_overlay_opacity":{"unit":"px","size":1,"sizes":[]},"__globals__":{"background_overlay_color":"","background_overlay_color_b":"globals\/colors?id=571c1bb","background_color":"globals\/colors?id=571c1bb"},"background_image_mobile":{"url":"https:\/\/vendeerland.com\/wp-content\/uploads\/2022\/11\/Ferryman_elementor_kit_plumber_ananass-4-1-1.jpg","id":72,"alt":"","source":"library"},"background_size_mobile":"initial","background_bg_width_mobile":{"unit":"px","size":1,"sizes":[]},"background_image_tablet":{"url":"https:\/\/vendeerland.com\/wp-content\/uploads\/2022\/11\/Ferryman_elementor_kit_plumber_ananass-4-1-1.jpg","id":72,"alt":"","source":"library"},"background_size_tablet":"initial","background_bg_width_tablet":{"unit":"px","size":1,"sizes":[]},"background_overlay_color_stop":{"unit":"%","size":36,"sizes":[]},"motion_fx_opacity_effect":"yes","motion_fx_opacity_range":{"unit":"%","size":"","sizes":{"start":0,"end":49}},"background_video_fallback":{"url":"","id":""},"background_slideshow_gallery":[],"background_hover_image":{"url":"","id":""},"background_hover_video_fallback":{"url":"","id":""},"background_hover_slideshow_gallery":[],"background_overlay_image":{"url":"","id":""},"background_overlay_video_fallback":{"url":"","id":""},"background_overlay_slideshow_gallery":[],"background_overlay_hover_image":{"url":"","id":""},"background_overlay_hover_video_fallback":{"url":"","id":""},"background_overlay_hover_slideshow_gallery":[]},"elements":[{"id":"3803212d","settings":{"title":"Interested Working With Me?","align":"left","__globals__":{"typography_typography":"globals\/typography?id=ff542c7","title_color":"globals\/colors?id=primary"},"title_color":"#1979FF","link":{"url":"","is_external":"","nofollow":"","custom_attributes":"aria-label|Interested working with me ?"},"_background_image":{"url":"","id":""},"_background_video_fallback":{"url":"","id":""},"_background_slideshow_gallery":[],"_background_hover_image":{"url":"","id":""},"_background_hover_video_fallback":{"url":"","id":""},"_background_hover_slideshow_gallery":[],"_mask_image":{"url":"","id":""}},"elements":[],"isInner":false,"widgetType":"heading","elType":"widget"},{"id":"50c76ebe","settings":{"title":"We believe you deserve a quality service","align":"left","__globals__":{"typography_typography":"globals\/typography?id=secondary","title_color":"globals\/colors?id=text"},"_padding":{"unit":"px","top":"25","right":"0","bottom":"25","left":"0","isLinked":false},"link":{"url":"","is_external":"","nofollow":"","custom_attributes":"aria-label|We believe you deserve a quality service"},"header_size":"h3","_background_image":{"url":"","id":""},"_background_video_fallback":{"url":"","id":""},"_background_slideshow_gallery":[],"_background_hover_image":{"url":"","id":""},"_background_hover_video_fallback":{"url":"","id":""},"_background_hover_slideshow_gallery":[],"_mask_image":{"url":"","id":""}},"elements":[],"isInner":false,"widgetType":"heading","elType":"widget"},{"id":"174f23ca","settings":{"icon_list":[{"text":"No extra charge","selected_icon":{"value":"far fa-check-circle","library":"fa-regular"},"_id":"25fd134","link":{"url":"","is_external":"","nofollow":"","custom_attributes":""}},{"text":"Trusted & recommended since 1950","selected_icon":{"value":"far fa-check-circle","library":"fa-regular"},"_id":"eff0846","link":{"url":"","is_external":"","nofollow":"","custom_attributes":""}},{"text":"Free estimates","selected_icon":{"value":"far fa-check-circle","library":"fa-regular"},"_id":"cdb9eae","link":{"url":"","is_external":"","nofollow":"","custom_attributes":""}},{"text":"State of the art sewer equipement","selected_icon":{"value":"far fa-check-circle","library":"fa-regular"},"_id":"862d64a","link":{"url":"","is_external":"","nofollow":"","custom_attributes":""}},{"text":"Full service plumbing","selected_icon":{"value":"far fa-check-circle","library":"fa-regular"},"_id":"6076987","link":{"url":"","is_external":"","nofollow":"","custom_attributes":""}},{"text":"Available 24\/7","selected_icon":{"value":"far fa-check-circle","library":"fa-regular"},"_id":"2542855","link":{"url":"","is_external":"","nofollow":"","custom_attributes":""}},{"text":"Licensed & insured","selected_icon":{"value":"far fa-check-circle","library":"fa-regular"},"_id":"a527423","link":{"url":"","is_external":"","nofollow":"","custom_attributes":""}},{"text":"Financing options available","selected_icon":{"value":"far fa-check-circle","library":"fa-regular"},"_id":"3b1330b","link":{"url":"","is_external":"","nofollow":"","custom_attributes":""}}],"space_between":{"unit":"px","size":6,"sizes":[]},"icon_size":{"unit":"px","size":18,"sizes":[]},"_padding":{"unit":"px","top":"0","right":"50","bottom":"50","left":"0","isLinked":false},"_padding_mobile":{"unit":"px","top":"0","right":"50","bottom":"10","left":"0","isLinked":false},"_element_width":"auto","__globals__":{"icon_color":"globals\/colors?id=accent","text_color":"globals\/colors?id=text","icon_typography_typography":"globals\/typography?id=text"},"_background_image":{"url":"","id":""},"_background_video_fallback":{"url":"","id":""},"_background_slideshow_gallery":[],"_background_hover_image":{"url":"","id":""},"_background_hover_video_fallback":{"url":"","id":""},"_background_hover_slideshow_gallery":[],"_mask_image":{"url":"","id":""}},"elements":[],"isInner":false,"widgetType":"icon-list","elType":"widget"},{"id":"5059152c","settings":{"text":"Let's connect !","align":"left","size":"xl","text_padding":{"unit":"px","top":"28","right":"40","bottom":"28","left":"40","isLinked":false},"align_mobile":"justify","border_radius":{"unit":"px","top":"5","right":"5","bottom":"5","left":"5","isLinked":true},"__globals__":{"typography_typography":"globals\/typography?id=accent","hover_color":"globals\/colors?id=accent","button_background_hover_color":"globals\/colors?id=571c1bb","border_color":"globals\/colors?id=accent","background_color":"globals\/colors?id=accent"},"hover_animation":"float","border_width":{"unit":"px","top":"1","right":"1","bottom":"1","left":"1","isLinked":true},"button_box_shadow_box_shadow_type":"yes","button_box_shadow_box_shadow":{"horizontal":0,"vertical":16.29,"blur":35,"spread":0,"color":"rgba(0, 0, 0, 0.22)"},"_transform_keep_proportions_hover":"","_transform_scale_effect_hover":{"unit":"px","size":1.1,"sizes":[]},"_transform_scaleX_effect_hover":{"unit":"px","size":1,"sizes":[]},"_transform_scaleY_effect_hover":{"unit":"px","size":1,"sizes":[]},"motion_fx_transform_x_anchor_point":"left","motion_fx_transform_y_anchor_point":"center","link":{"url":"#","is_external":"","nofollow":"","custom_attributes":"aria-label|Ask for quotation"},"selected_icon":{"value":"","library":""},"background_video_fallback":{"url":"","id":""},"background_slideshow_gallery":[],"button_background_hover_video_fallback":{"url":"","id":""},"button_background_hover_slideshow_gallery":[],"_background_image":{"url":"","id":""},"_background_video_fallback":{"url":"","id":""},"_background_slideshow_gallery":[],"_background_hover_image":{"url":"","id":""},"_background_hover_video_fallback":{"url":"","id":""},"_background_hover_slideshow_gallery":[],"_mask_image":{"url":"","id":""}},"elements":[],"isInner":false,"widgetType":"button","elType":"widget"}],"isInner":true,"elType":"column"}],"isInner":true,"elType":"section"}],"isInner":false,"elType":"column"}],"isInner":false,"elType":"section"},{"id":"29e152df","settings":{"layout":"full_width","structure":"20","background_background":"classic","_title":"Ind\/ pro","margin":{"unit":"px","top":"-40","right":0,"bottom":"0","left":0,"isLinked":false},"__globals__":{"background_color":"globals\/colors?id=571c1bb"},"padding_mobile":{"unit":"px","top":"40","right":"0","bottom":"0","left":"0","isLinked":false},"background_image":{"url":"","id":""},"background_video_fallback":{"url":"","id":""},"background_slideshow_gallery":[],"background_hover_image":{"url":"","id":""},"background_hover_video_fallback":{"url":"","id":""},"background_hover_slideshow_gallery":[],"background_overlay_image":{"url":"","id":""},"background_overlay_video_fallback":{"url":"","id":""},"background_overlay_slideshow_gallery":[],"background_overlay_hover_image":{"url":"","id":""},"background_overlay_hover_video_fallback":{"url":"","id":""},"background_overlay_hover_slideshow_gallery":[]},"elements":[{"id":"52f89c8e","settings":{"_column_size":50,"_inline_size":null,"align":"center","background_background":"classic","border_radius":{"unit":"px","top":"0","right":"20","bottom":"0","left":"0","isLinked":false},"__globals__":{"background_color":"globals\/colors?id=secondary"},"padding":{"unit":"px","top":"90","right":"90","bottom":"90","left":"90","isLinked":true},"_inline_size_tablet":100,"padding_mobile":{"unit":"px","top":"35","right":"35","bottom":"35","left":"35","isLinked":true},"align_mobile":"flex-start","background_image":{"url":"","id":""},"background_video_fallback":{"url":"","id":""},"background_slideshow_gallery":[],"background_hover_image":{"url":"","id":""},"background_hover_video_fallback":{"url":"","id":""},"background_hover_slideshow_gallery":[],"background_overlay_image":{"url":"","id":""},"background_overlay_video_fallback":{"url":"","id":""},"background_overlay_slideshow_gallery":[],"background_overlay_hover_image":{"url":"","id":""},"background_overlay_hover_video_fallback":{"url":"","id":""},"background_overlay_hover_slideshow_gallery":[]},"elements":[{"id":"2da97f06","settings":{"space":{"unit":"vh","size":10,"sizes":[]},"space_tablet":{"unit":"vh","size":"","sizes":[]},"space_mobile":{"unit":"vh","size":"","sizes":[]},"_background_image":{"url":"","id":""},"_background_video_fallback":{"url":"","id":""},"_background_slideshow_gallery":[],"_background_hover_image":{"url":"","id":""},"_background_hover_video_fallback":{"url":"","id":""},"_background_hover_slideshow_gallery":[],"_mask_image":{"url":"","id":""}},"elements":[],"isInner":false,"widgetType":"spacer","elType":"widget"},{"id":"17233ddc","settings":{"title":"Individuals","header_size":"h4","align":"center","_element_width":"auto","_animation":"fadeInDown","__globals__":{"title_color":"globals\/colors?id=accent","typography_typography":"globals\/typography?id=primary"},"title_color":"#FD830D","link":{"url":"","is_external":"","nofollow":"","custom_attributes":"aria-label|Individuals"},"_background_image":{"url":"","id":""},"_background_video_fallback":{"url":"","id":""},"_background_slideshow_gallery":[],"_background_hover_image":{"url":"","id":""},"_background_hover_video_fallback":{"url":"","id":""},"_background_hover_slideshow_gallery":[],"_mask_image":{"url":"","id":""}},"elements":[],"isInner":false,"widgetType":"heading","elType":"widget"},{"id":"69f43493","settings":{"title":"Why should people by from you","align":"center","__globals__":{"typography_typography":"globals\/typography?id=accent","title_color":"globals\/colors?id=571c1bb"},"_padding":{"unit":"px","top":"25","right":"25","bottom":"25","left":"25","isLinked":true},"align_mobile":"left","_padding_mobile":{"unit":"px","top":"25","right":"0","bottom":"25","left":"0","isLinked":false},"header_size":"span","_background_image":{"url":"","id":""},"_background_video_fallback":{"url":"","id":""},"_background_slideshow_gallery":[],"_background_hover_image":{"url":"","id":""},"_background_hover_video_fallback":{"url":"","id":""},"_background_hover_slideshow_gallery":[],"_mask_image":{"url":"","id":""}},"elements":[],"isInner":false,"widgetType":"heading","elType":"widget"},{"id":"2ab42d2f","settings":{"editor":"<p>Lorem Ipsum is simply dummy text of the printing and typesetting industry. Lorem Ipsum has been the industry\u2019s standard dummy text ever since the 1500s, when an unknown printer took a galley of type and scrambled it to make a type specimen book. but also the leap into electronic typesetting, remaining essentially unchanged.<\/p>","align":"center","__globals__":{"text_color":"globals\/colors?id=571c1bb","typography_typography":"globals\/typography?id=text"},"align_mobile":"left","_background_image":{"url":"","id":""},"_background_video_fallback":{"url":"","id":""},"_background_slideshow_gallery":[],"_background_hover_image":{"url":"","id":""},"_background_hover_video_fallback":{"url":"","id":""},"_background_hover_slideshow_gallery":[],"_mask_image":{"url":"","id":""}},"elements":[],"isInner":false,"widgetType":"text-editor","elType":"widget"},{"id":"b2b93a1","settings":{"text":"Ask for quotation","align":"center","size":"xl","text_padding":{"unit":"px","top":"28","right":"40","bottom":"28","left":"40","isLinked":false},"align_mobile":"justify","border_radius":{"unit":"px","top":"5","right":"5","bottom":"5","left":"5","isLinked":true},"__globals__":{"typography_typography":"globals\/typography?id=accent","hover_color":"globals\/colors?id=accent","button_background_hover_color":"globals\/colors?id=571c1bb","border_color":"globals\/colors?id=accent","background_color":"globals\/colors?id=accent","button_text_color":"globals\/colors?id=571c1bb"},"hover_animation":"float","border_width":{"unit":"px","top":"1","right":"1","bottom":"1","left":"1","isLinked":true},"button_box_shadow_box_shadow_type":"yes","button_box_shadow_box_shadow":{"horizontal":0,"vertical":16.29,"blur":35,"spread":0,"color":"rgba(0, 0, 0, 0.22)"},"_transform_keep_proportions_hover":"","_transform_scale_effect_hover":{"unit":"px","size":1.1,"sizes":[]},"_transform_scaleX_effect_hover":{"unit":"px","size":1,"sizes":[]},"_transform_scaleY_effect_hover":{"unit":"px","size":1,"sizes":[]},"motion_fx_transform_x_anchor_point":"left","motion_fx_transform_y_anchor_point":"center","link":{"url":"#","is_external":"","nofollow":"","custom_attributes":"aria-label|Ask for quotation"},"selected_icon":{"value":"","library":""},"background_video_fallback":{"url":"","id":""},"background_slideshow_gallery":[],"button_background_hover_video_fallback":{"url":"","id":""},"button_background_hover_slideshow_gallery":[],"_background_image":{"url":"","id":""},"_background_video_fallback":{"url":"","id":""},"_background_slideshow_gallery":[],"_background_hover_image":{"url":"","id":""},"_background_hover_video_fallback":{"url":"","id":""},"_background_hover_slideshow_gallery":[],"_mask_image":{"url":"","id":""}},"elements":[],"isInner":false,"widgetType":"button","elType":"widget"},{"id":"781e292b","settings":{"space":{"unit":"vh","size":10,"sizes":[]},"space_tablet":{"unit":"vh","size":"","sizes":[]},"space_mobile":{"unit":"vh","size":0,"sizes":[]},"_background_image":{"url":"","id":""},"_background_video_fallback":{"url":"","id":""},"_background_slideshow_gallery":[],"_background_hover_image":{"url":"","id":""},"_background_hover_video_fallback":{"url":"","id":""},"_background_hover_slideshow_gallery":[],"_mask_image":{"url":"","id":""}},"elements":[],"isInner":false,"widgetType":"spacer","elType":"widget"}],"isInner":false,"elType":"column"},{"id":"5cd4c782","settings":{"_column_size":50,"_inline_size":null,"align":"center","background_background":"classic","border_radius":{"unit":"px","top":"20","right":"0","bottom":"0","left":"20","isLinked":false},"margin":{"unit":"px","top":"50","right":"0","bottom":"-50","left":"0","isLinked":false},"__globals__":{"background_color":"globals\/colors?id=primary","background_overlay_color":""},"padding":{"unit":"px","top":"90","right":"90","bottom":"90","left":"90","isLinked":true},"z_index":2,"_inline_size_tablet":100,"margin_tablet":{"unit":"px","top":"-20","right":"0","bottom":"0","left":"0","isLinked":false},"margin_mobile":{"unit":"px","top":"-20","right":"0","bottom":"0","left":"0","isLinked":false},"padding_mobile":{"unit":"px","top":"35","right":"35","bottom":"35","left":"35","isLinked":true},"align_mobile":"flex-start","background_overlay_background":"classic","background_image":{"url":"","id":""},"background_video_fallback":{"url":"","id":""},"background_slideshow_gallery":[],"background_hover_image":{"url":"","id":""},"background_hover_video_fallback":{"url":"","id":""},"background_hover_slideshow_gallery":[],"background_overlay_image":{"url":"","id":""},"background_overlay_video_fallback":{"url":"","id":""},"background_overlay_slideshow_gallery":[],"background_overlay_hover_image":{"url":"","id":""},"background_overlay_hover_video_fallback":{"url":"","id":""},"background_overlay_hover_slideshow_gallery":[]},"elements":[{"id":"2f9de883","settings":{"space":{"unit":"vh","size":10,"sizes":[]},"space_tablet":{"unit":"vh","size":"","sizes":[]},"space_mobile":{"unit":"vh","size":0,"sizes":[]},"_background_image":{"url":"","id":""},"_background_video_fallback":{"url":"","id":""},"_background_slideshow_gallery":[],"_background_hover_image":{"url":"","id":""},"_background_hover_video_fallback":{"url":"","id":""},"_background_hover_slideshow_gallery":[],"_mask_image":{"url":"","id":""}},"elements":[],"isInner":false,"widgetType":"spacer","elType":"widget"},{"id":"53563de3","settings":{"title":"Professionals","header_size":"h4","align":"center","_element_width":"auto","_animation":"fadeInDown","__globals__":{"title_color":"globals\/colors?id=accent","typography_typography":"globals\/typography?id=primary"},"title_color":"#FBA611","link":{"url":"","is_external":"","nofollow":"","custom_attributes":"aria-label|Professionals"},"_background_image":{"url":"","id":""},"_background_video_fallback":{"url":"","id":""},"_background_slideshow_gallery":[],"_background_hover_image":{"url":"","id":""},"_background_hover_video_fallback":{"url":"","id":""},"_background_hover_slideshow_gallery":[],"_mask_image":{"url":"","id":""}},"elements":[],"isInner":false,"widgetType":"heading","elType":"widget"},{"id":"7002db36","settings":{"title":"Why should people by from you","align":"center","__globals__":{"typography_typography":"globals\/typography?id=accent","title_color":"globals\/colors?id=571c1bb"},"_padding":{"unit":"px","top":"25","right":"25","bottom":"25","left":"25","isLinked":true},"align_mobile":"left","_padding_mobile":{"unit":"px","top":"25","right":"0","bottom":"25","left":"0","isLinked":false},"header_size":"span","_background_image":{"url":"","id":""},"_background_video_fallback":{"url":"","id":""},"_background_slideshow_gallery":[],"_background_hover_image":{"url":"","id":""},"_background_hover_video_fallback":{"url":"","id":""},"_background_hover_slideshow_gallery":[],"_mask_image":{"url":"","id":""}},"elements":[],"isInner":false,"widgetType":"heading","elType":"widget"},{"id":"69e4b88c","settings":{"editor":"<p>Lorem Ipsum is simply dummy text of the printing and typesetting industry. Lorem Ipsum has been the industry\u2019s standard dummy text ever since the 1500s, when an unknown printer took a galley of type and scrambled it to make a type specimen book. but also the leap into electronic typesetting, remaining essentially unchanged.<\/p>","align":"center","__globals__":{"text_color":"globals\/colors?id=571c1bb","typography_typography":"globals\/typography?id=text"},"align_mobile":"left","_background_image":{"url":"","id":""},"_background_video_fallback":{"url":"","id":""},"_background_slideshow_gallery":[],"_background_hover_image":{"url":"","id":""},"_background_hover_video_fallback":{"url":"","id":""},"_background_hover_slideshow_gallery":[],"_mask_image":{"url":"","id":""}},"elements":[],"isInner":false,"widgetType":"text-editor","elType":"widget"},{"id":"6e8c02d9","settings":{"text":"Ask for quotation","align":"center","size":"xl","text_padding":{"unit":"px","top":"28","right":"40","bottom":"28","left":"40","isLinked":false},"align_mobile":"justify","border_radius":{"unit":"px","top":"5","right":"5","bottom":"5","left":"5","isLinked":true},"__globals__":{"typography_typography":"globals\/typography?id=accent","hover_color":"globals\/colors?id=accent","button_background_hover_color":"globals\/colors?id=571c1bb","border_color":"globals\/colors?id=accent","background_color":"globals\/colors?id=accent"},"hover_animation":"float","border_width":{"unit":"px","top":"1","right":"1","bottom":"1","left":"1","isLinked":true},"button_box_shadow_box_shadow_type":"yes","button_box_shadow_box_shadow":{"horizontal":0,"vertical":16.29,"blur":35,"spread":0,"color":"rgba(0, 0, 0, 0.22)"},"_transform_keep_proportions_hover":"","_transform_scale_effect_hover":{"unit":"px","size":1.1,"sizes":[]},"_transform_scaleX_effect_hover":{"unit":"px","size":1,"sizes":[]},"_transform_scaleY_effect_hover":{"unit":"px","size":1,"sizes":[]},"motion_fx_transform_x_anchor_point":"left","motion_fx_transform_y_anchor_point":"center","link":{"url":"#","is_external":"","nofollow":"","custom_attributes":"aria-label|Ask for quotation"},"selected_icon":{"value":"","library":""},"background_video_fallback":{"url":"","id":""},"background_slideshow_gallery":[],"button_background_hover_video_fallback":{"url":"","id":""},"button_background_hover_slideshow_gallery":[],"_background_image":{"url":"","id":""},"_background_video_fallback":{"url":"","id":""},"_background_slideshow_gallery":[],"_background_hover_image":{"url":"","id":""},"_background_hover_video_fallback":{"url":"","id":""},"_background_hover_slideshow_gallery":[],"_mask_image":{"url":"","id":""}},"elements":[],"isInner":false,"widgetType":"button","elType":"widget"},{"id":"4674e7c8","settings":{"space":{"unit":"vh","size":10,"sizes":[]},"space_tablet":{"unit":"vh","size":"","sizes":[]},"space_mobile":{"unit":"vh","size":0,"sizes":[]},"_background_image":{"url":"","id":""},"_background_video_fallback":{"url":"","id":""},"_background_slideshow_gallery":[],"_background_hover_image":{"url":"","id":""},"_background_hover_video_fallback":{"url":"","id":""},"_background_hover_slideshow_gallery":[],"_mask_image":{"url":"","id":""}},"elements":[],"isInner":false,"widgetType":"spacer","elType":"widget"}],"isInner":false,"elType":"column"}],"isInner":false,"elType":"section"}],"settings":{"template":"elementor_header_footer","background_image":{"url":"","id":""},"background_video_fallback":{"url":"","id":""},"background_slideshow_gallery":[]},"metadata":[]}