{"content":[{"id":"49301d70","settings":{"layout":"full_width","gap":"no","height":"min-height","column_position":"stretch","background_background":"classic","background_image":{"id":"13","url":"https:\/\/limitless.dev.ananass.fr\/wp-content\/uploads\/2025\/08\/Ferryman_elementor_kit_plumber_ananass-6-2-1-1.jpg"},"background_overlay_background":"gradient","background_overlay_color_b":"#FEFFFD","background_overlay_opacity":{"unit":"px","size":1,"sizes":[]},"padding":{"unit":"%","top":"","right":"","bottom":"","left":"","isLinked":true},"padding_tablet":{"unit":"%","top":"","right":"","bottom":"","left":"","isLinked":true},"padding_mobile":{"unit":"%","top":"","right":"","bottom":"","left":"","isLinked":true},"__globals__":{"background_overlay_color_b":"globals\/colors?id=571c1bb","background_overlay_color":""},"_title":"Title","custom_height":{"unit":"px","size":500,"sizes":[]},"background_overlay_color":"#FEFFFD7D","background_repeat":"no-repeat","background_size":"cover","background_video_fallback":{"url":"","id":""},"background_slideshow_gallery":[],"background_hover_image":{"url":"","id":""},"background_hover_video_fallback":{"url":"","id":""},"background_hover_slideshow_gallery":[],"background_overlay_image":{"url":"","id":""},"background_overlay_video_fallback":{"url":"","id":""},"background_overlay_slideshow_gallery":[],"background_overlay_hover_image":{"url":"","id":""},"background_overlay_hover_video_fallback":{"url":"","id":""},"background_overlay_hover_slideshow_gallery":[]},"elements":[{"id":"44656490","settings":{"_column_size":100,"_inline_size":null,"content_position":"center","padding_mobile":{"unit":"px","top":"35","right":"35","bottom":"35","left":"35","isLinked":true},"__globals__":[],"background_image":{"url":"","id":""},"background_video_fallback":{"url":"","id":""},"background_slideshow_gallery":[],"background_hover_image":{"url":"","id":""},"background_hover_video_fallback":{"url":"","id":""},"background_hover_slideshow_gallery":[],"background_overlay_image":{"url":"","id":""},"background_overlay_video_fallback":{"url":"","id":""},"background_overlay_slideshow_gallery":[],"background_overlay_hover_image":{"url":"","id":""},"background_overlay_hover_video_fallback":{"url":"","id":""},"background_overlay_hover_slideshow_gallery":[]},"elements":[{"id":"325ee48e","settings":{"__dynamic__":{"title":"[elementor-tag id=\"\" name=\"page-title\" settings=\"%7B%22include_context%22%3A%22%22%2C%22show_home_title%22%3A%22%22%2C%22before%22%3A%22%22%2C%22after%22%3A%22%22%2C%22fallback%22%3A%22%22%7D\"]","link":"[elementor-tag id=\"90683ac\" name=\"internal-url\" settings=\"%7B%22type%22%3A%22post%22%2C%22post_id%22%3A129%2C%22taxonomy_id%22%3A%22%22%2C%22attachment_id%22%3A%22%22%2C%22author_id%22%3A%22%22%7D\"]"},"title":"Add Your Heading Text Here","header_size":"span","align":"center","__globals__":{"title_color":"globals\/colors?id=text","typography_typography":"globals\/typography?id=primary"},"_background_image":{"url":"","id":""},"_background_video_fallback":{"url":"","id":""},"_background_slideshow_gallery":[],"_background_hover_image":{"url":"","id":""},"_background_hover_video_fallback":{"url":"","id":""},"_background_hover_slideshow_gallery":[],"_mask_image":{"url":"","id":""}},"elements":[],"isInner":false,"widgetType":"theme-page-title","elType":"widget"},{"id":"14b6a62f","settings":{"title":"What service we offer","align":"center","__globals__":{"typography_typography":"globals\/typography?id=secondary","title_color":"globals\/colors?id=text"},"_padding":{"unit":"px","top":"25","right":"0","bottom":"25","left":"0","isLinked":false},"title_color":"#3D4573","link":{"url":"","is_external":"","nofollow":"","custom_attributes":"aria-label|Ki elementor for plumbing experts"},"header_size":"h1","_background_image":{"url":"","id":""},"_background_video_fallback":{"url":"","id":""},"_background_slideshow_gallery":[],"_background_hover_image":{"url":"","id":""},"_background_hover_video_fallback":{"url":"","id":""},"_background_hover_slideshow_gallery":[],"_mask_image":{"url":"","id":""}},"elements":[],"isInner":false,"widgetType":"heading","elType":"widget"}],"isInner":false,"elType":"column"}],"isInner":false,"elType":"section"},{"id":"1a9a324b","settings":{"background_background":"classic","background_color":"#FEFFFD","background_repeat":"no-repeat","background_size":"cover","background_overlay_color":"#FEFFFD","background_overlay_color_b":"#FEFFFD00","background_overlay_opacity":{"unit":"px","size":1,"sizes":[]},"gap":"no","background_attachment":"fixed","_title":"Our services","layout":"full_width","background_overlay_color_stop":{"unit":"%","size":21,"sizes":[]},"__globals__":{"background_color":"globals\/colors?id=571c1bb","background_overlay_color":"globals\/colors?id=571c1bb","background_overlay_color_b":""},"background_image_mobile":{"url":"","id":"","alt":"","source":"library"},"background_size_mobile":"initial","background_bg_width_mobile":{"unit":"px","size":0,"sizes":[]},"background_image":{"url":"","id":""},"background_video_fallback":{"url":"","id":""},"background_slideshow_gallery":[],"background_hover_image":{"url":"","id":""},"background_hover_video_fallback":{"url":"","id":""},"background_hover_slideshow_gallery":[],"background_overlay_image":{"url":"","id":""},"background_overlay_video_fallback":{"url":"","id":""},"background_overlay_slideshow_gallery":[],"background_overlay_hover_image":{"url":"","id":""},"background_overlay_hover_video_fallback":{"url":"","id":""},"background_overlay_hover_slideshow_gallery":[]},"elements":[{"id":"5060046e","settings":{"_column_size":100,"_inline_size":null,"align":"center","align_mobile":"flex-start","padding_mobile":{"unit":"px","top":"0","right":"0","bottom":"0","left":"0","isLinked":true},"padding":{"unit":"px","top":"0","right":"0","bottom":"0","left":"0","isLinked":true},"background_image":{"url":"","id":""},"background_video_fallback":{"url":"","id":""},"background_slideshow_gallery":[],"background_hover_image":{"url":"","id":""},"background_hover_video_fallback":{"url":"","id":""},"background_hover_slideshow_gallery":[],"background_overlay_image":{"url":"","id":""},"background_overlay_video_fallback":{"url":"","id":""},"background_overlay_slideshow_gallery":[],"background_overlay_hover_image":{"url":"","id":""},"background_overlay_hover_video_fallback":{"url":"","id":""},"background_overlay_hover_slideshow_gallery":[]},"elements":[{"id":"5a9bfe31","settings":{"content_width":{"unit":"px","size":1200,"sizes":[]},"structure":"40","layout":"full_width","padding":{"unit":"%","top":"5","right":"5","bottom":"0","left":"5","isLinked":false},"padding_tablet":{"unit":"%","top":"0","right":"0","bottom":"0","left":"0","isLinked":false},"padding_mobile":{"unit":"%","top":"","right":"","bottom":"","left":"","isLinked":true},"gap":"no","_title":"Row 1 service","margin_tablet":{"unit":"%","top":"10","right":0,"bottom":"0","left":0,"isLinked":false},"margin_mobile":{"unit":"%","top":"","right":"","bottom":"","left":"","isLinked":true},"background_image":{"url":"","id":""},"background_video_fallback":{"url":"","id":""},"background_slideshow_gallery":[],"background_hover_image":{"url":"","id":""},"background_hover_video_fallback":{"url":"","id":""},"background_hover_slideshow_gallery":[],"background_overlay_image":{"url":"","id":""},"background_overlay_video_fallback":{"url":"","id":""},"background_overlay_slideshow_gallery":[],"background_overlay_hover_image":{"url":"","id":""},"background_overlay_hover_video_fallback":{"url":"","id":""},"background_overlay_hover_slideshow_gallery":[]},"elements":[{"id":"2eac6572","settings":{"_column_size":25,"_inline_size":null,"border_color":"#F9F9FC","background_overlay_hover_color":"#F9F9FC","background_overlay_hover_color_b":"#F9F9FC00","background_overlay_hover_opacity":{"unit":"px","size":0.88,"sizes":[]},"background_overlay_hover_transition":{"unit":"px","size":1.5,"sizes":[]},"motion_fx_translateY_effect":"yes","motion_fx_translateY_affectedRange":{"unit":"%","size":"","sizes":{"start":0,"end":50}},"motion_fx_mouseTrack_direction":"negative","motion_fx_tilt_direction":"negative","motion_fx_tilt_speed":{"unit":"px","size":2.7,"sizes":[]},"animation":"fadeInUp","border_radius_hover":{"unit":"px","top":"10","right":"10","bottom":"10","left":"10","isLinked":true},"box_shadow_hover_box_shadow_type":"yes","box_shadow_hover_box_shadow":{"horizontal":0,"vertical":16.29,"blur":80,"spread":0,"color":"rgba(0, 0, 0, 0.1)"},"motion_fx_translateY_speed":{"unit":"px","size":6.1,"sizes":[]},"border_width":{"unit":"px","top":"1","right":"1","bottom":"1","left":"1","isLinked":true},"border_radius":{"unit":"px","top":"5","right":"5","bottom":"5","left":"5","isLinked":true},"animation_delay":500,"margin":{"unit":"px","top":"15","right":"15","bottom":"15","left":"15","isLinked":true},"content_position":"center","align":"center","background_hover_background":"classic","background_hover_color":"#FFFFFF","background_hover_image":{"url":"","id":"","alt":"","source":"library"},"background_hover_position":"bottom right","background_hover_repeat":"no-repeat","background_hover_size":"initial","background_hover_bg_width":{"unit":"%","size":14,"sizes":[]},"background_hover_transition":{"unit":"px","size":0.8,"sizes":[]},"background_overlay_hover_image":{"url":"","id":"","alt":"","source":"library"},"background_overlay_hover_position":"center center","background_overlay_hover_repeat":"no-repeat","background_overlay_hover_size":"cover","_inline_size_tablet":50,"__globals__":{"background_color":"globals\/colors?id=040e214"},"margin_mobile":{"unit":"px","top":"10","right":"10","bottom":"60","left":"10","isLinked":false},"padding_mobile":{"unit":"px","top":"10","right":"10","bottom":"10","left":"10","isLinked":true},"margin_tablet":{"unit":"px","top":"40","right":"40","bottom":"40","left":"40","isLinked":true},"background_image":{"url":"","id":""},"background_video_fallback":{"url":"","id":""},"background_slideshow_gallery":[],"background_hover_video_fallback":{"url":"","id":""},"background_hover_slideshow_gallery":[],"background_overlay_image":{"url":"","id":""},"background_overlay_video_fallback":{"url":"","id":""},"background_overlay_slideshow_gallery":[],"background_overlay_hover_video_fallback":{"url":"","id":""},"background_overlay_hover_slideshow_gallery":[]},"elements":[{"id":"4ef8ce26","settings":{"skin":"cover","bg_image":{"id":41,"url":"https:\/\/limitless.dev.ananass.fr\/wp-content\/uploads\/2025\/08\/Ferryman_elementor_kit_plumber_ananass-18-1-1-1.jpg"},"bg_image_size":"full","graphic_element":"icon","selected_icon":{"value":{"id":55,"url":"https:\/\/limitless.dev.ananass.fr\/wp-content\/uploads\/2025\/08\/salle-de-bains-1-1-1-1.svg"},"library":"svg"},"icon_view":"stacked","title":"Creation bathroom","description":"Lorem ipsum dolor sit amet consectetur adipiscing elit dolor","title_tag":"h3","button":"","vertical_position":"bottom","padding":{"unit":"px","top":"180","right":"50","bottom":"30","left":"50","isLinked":false},"icon_border_radius":{"unit":"px","top":"10","right":"10","bottom":"10","left":"10","isLinked":true},"title_typography_typography":"custom","title_typography_font_family":"Inter","title_typography_font_size":{"unit":"rem","size":1.1,"sizes":[]},"title_typography_font_weight":"600","title_typography_line_height":{"unit":"px","size":18,"sizes":[]},"title_spacing":{"unit":"px","size":20,"sizes":[]},"description_typography_typography":"custom","description_typography_font_family":"Inter","description_typography_font_size":{"unit":"rem","size":1,"sizes":[]},"description_typography_font_weight":"400","description_typography_letter_spacing":{"unit":"px","size":0.5,"sizes":[]},"description_spacing":{"unit":"px","size":22,"sizes":[]},"button_typography_typography":"custom","button_typography_font_family":"Inter","button_typography_font_size":{"unit":"rem","size":1,"sizes":[]},"button_typography_font_weight":"400","button_typography_letter_spacing":{"unit":"px","size":0.5,"sizes":[]},"button_text_color":"#FEFFFD","button_background_color":"#FBA611","button_border_color":"#FBA611","button_border_width":{"unit":"px","size":1,"sizes":[]},"button_border_radius":{"unit":"px","size":5,"sizes":[]},"overlay_color_hover":"#FFDDBBE3","_border_radius":{"unit":"px","top":"5","right":"5","bottom":"5","left":"5","isLinked":true},"__globals__":{"title_typography_typography":"globals\/typography?id=accent","description_typography_typography":"globals\/typography?id=text","button_background_color":"globals\/colors?id=accent","button_text_color":"globals\/colors?id=571c1bb","button_border_color":"globals\/colors?id=accent","button_typography_typography":"globals\/typography?id=text","overlay_color":"","overlay_color_hover":"","icon_primary_color":"globals\/colors?id=accent","icon_secondary_color":"globals\/colors?id=571c1bb","title_color":"globals\/colors?id=accent","description_color":"globals\/colors?id=571c1bb","title_color_hover":"globals\/colors?id=text","description_color_hover":"globals\/colors?id=text"},"graphic_image":{"id":97,"url":"https:\/\/limitless.dev.ananass.fr\/wp-content\/uploads\/2025\/08\/placeholder-180-1.png"},"_background_image":{"url":"","id":""},"_background_video_fallback":{"url":"","id":""},"_background_slideshow_gallery":[],"_background_hover_image":{"url":"","id":""},"_background_hover_video_fallback":{"url":"","id":""},"_background_hover_slideshow_gallery":[],"_mask_image":{"url":"","id":""}},"elements":[],"isInner":false,"widgetType":"call-to-action","elType":"widget"}],"isInner":true,"elType":"column"},{"id":"73a37d","settings":{"_column_size":25,"_inline_size":null,"border_color":"#F9F9FC","background_overlay_hover_color":"#F9F9FC","background_overlay_hover_color_b":"#F9F9FC00","background_overlay_hover_opacity":{"unit":"px","size":0.88,"sizes":[]},"background_overlay_hover_transition":{"unit":"px","size":1.5,"sizes":[]},"motion_fx_translateY_effect":"yes","motion_fx_translateY_affectedRange":{"unit":"%","size":"","sizes":{"start":0,"end":50}},"motion_fx_mouseTrack_direction":"negative","motion_fx_tilt_direction":"negative","motion_fx_tilt_speed":{"unit":"px","size":2.7,"sizes":[]},"animation":"fadeInUp","border_radius_hover":{"unit":"px","top":"10","right":"10","bottom":"10","left":"10","isLinked":true},"box_shadow_hover_box_shadow_type":"yes","box_shadow_hover_box_shadow":{"horizontal":0,"vertical":16.29,"blur":80,"spread":0,"color":"rgba(0, 0, 0, 0.1)"},"motion_fx_translateY_speed":{"unit":"px","size":6.1,"sizes":[]},"border_width":{"unit":"px","top":"1","right":"1","bottom":"1","left":"1","isLinked":true},"border_radius":{"unit":"px","top":"5","right":"5","bottom":"5","left":"5","isLinked":true},"animation_delay":500,"margin":{"unit":"px","top":"15","right":"15","bottom":"15","left":"15","isLinked":true},"content_position":"center","align":"center","background_hover_background":"classic","background_hover_color":"#FFFFFF","background_hover_image":{"url":"","id":"","alt":"","source":"library"},"background_hover_position":"bottom right","background_hover_repeat":"no-repeat","background_hover_size":"initial","background_hover_bg_width":{"unit":"%","size":14,"sizes":[]},"background_hover_transition":{"unit":"px","size":0.8,"sizes":[]},"background_overlay_hover_image":{"url":"","id":"","alt":"","source":"library"},"background_overlay_hover_position":"center center","background_overlay_hover_repeat":"no-repeat","background_overlay_hover_size":"cover","_inline_size_tablet":50,"__globals__":{"background_color":"globals\/colors?id=040e214"},"margin_mobile":{"unit":"px","top":"10","right":"10","bottom":"60","left":"10","isLinked":false},"padding_mobile":{"unit":"px","top":"10","right":"10","bottom":"10","left":"10","isLinked":true},"margin_tablet":{"unit":"px","top":"40","right":"40","bottom":"40","left":"40","isLinked":true},"background_image":{"url":"","id":""},"background_video_fallback":{"url":"","id":""},"background_slideshow_gallery":[],"background_hover_video_fallback":{"url":"","id":""},"background_hover_slideshow_gallery":[],"background_overlay_image":{"url":"","id":""},"background_overlay_video_fallback":{"url":"","id":""},"background_overlay_slideshow_gallery":[],"background_overlay_hover_video_fallback":{"url":"","id":""},"background_overlay_hover_slideshow_gallery":[]},"elements":[{"id":"22332948","settings":{"skin":"cover","bg_image":{"id":42,"url":"https:\/\/limitless.dev.ananass.fr\/wp-content\/uploads\/2025\/08\/Ferryman_elementor_kit_plumber_ananass-17-1-1-1.jpg"},"bg_image_size":"full","graphic_element":"icon","selected_icon":{"value":{"id":57,"url":"https:\/\/limitless.dev.ananass.fr\/wp-content\/uploads\/2025\/08\/salle-de-bains-2-1-1.svg"},"library":"svg"},"icon_view":"stacked","title":"Bathroom renovation","description":"Lorem ipsum dolor sit amet consectetur adipiscing elit dolor","title_tag":"h3","button":"","vertical_position":"bottom","padding":{"unit":"px","top":"180","right":"50","bottom":"30","left":"50","isLinked":false},"icon_border_radius":{"unit":"px","top":"10","right":"10","bottom":"10","left":"10","isLinked":true},"title_typography_typography":"custom","title_typography_font_family":"Inter","title_typography_font_size":{"unit":"rem","size":1.1,"sizes":[]},"title_typography_font_weight":"600","title_typography_line_height":{"unit":"px","size":18,"sizes":[]},"title_spacing":{"unit":"px","size":20,"sizes":[]},"description_typography_typography":"custom","description_typography_font_family":"Inter","description_typography_font_size":{"unit":"rem","size":1,"sizes":[]},"description_typography_font_weight":"400","description_typography_letter_spacing":{"unit":"px","size":0.5,"sizes":[]},"description_spacing":{"unit":"px","size":22,"sizes":[]},"button_typography_typography":"custom","button_typography_font_family":"Inter","button_typography_font_size":{"unit":"rem","size":1,"sizes":[]},"button_typography_font_weight":"400","button_typography_letter_spacing":{"unit":"px","size":0.5,"sizes":[]},"button_text_color":"#FEFFFD","button_background_color":"#FBA611","button_border_color":"#FBA611","button_border_width":{"unit":"px","size":1,"sizes":[]},"button_border_radius":{"unit":"px","size":5,"sizes":[]},"overlay_color_hover":"#FFDDBBE3","_border_radius":{"unit":"px","top":"5","right":"5","bottom":"5","left":"5","isLinked":true},"__globals__":{"title_typography_typography":"globals\/typography?id=accent","description_typography_typography":"globals\/typography?id=text","button_background_color":"globals\/colors?id=accent","button_text_color":"globals\/colors?id=571c1bb","button_border_color":"globals\/colors?id=accent","button_typography_typography":"globals\/typography?id=text","overlay_color":"","overlay_color_hover":"","icon_primary_color":"globals\/colors?id=accent","icon_secondary_color":"globals\/colors?id=571c1bb","title_color":"globals\/colors?id=accent","description_color":"globals\/colors?id=571c1bb","title_color_hover":"globals\/colors?id=text","description_color_hover":"globals\/colors?id=text"},"graphic_image":{"id":98,"url":"https:\/\/limitless.dev.ananass.fr\/wp-content\/uploads\/2025\/08\/placeholder-181-1.png"},"_background_image":{"url":"","id":""},"_background_video_fallback":{"url":"","id":""},"_background_slideshow_gallery":[],"_background_hover_image":{"url":"","id":""},"_background_hover_video_fallback":{"url":"","id":""},"_background_hover_slideshow_gallery":[],"_mask_image":{"url":"","id":""}},"elements":[],"isInner":false,"widgetType":"call-to-action","elType":"widget"}],"isInner":true,"elType":"column"},{"id":"6f9ad53e","settings":{"_column_size":25,"_inline_size":null,"border_color":"#F9F9FC","background_overlay_hover_color":"#F9F9FC","background_overlay_hover_color_b":"#F9F9FC00","background_overlay_hover_opacity":{"unit":"px","size":0.88,"sizes":[]},"background_overlay_hover_transition":{"unit":"px","size":1.5,"sizes":[]},"motion_fx_translateY_effect":"yes","motion_fx_translateY_affectedRange":{"unit":"%","size":"","sizes":{"start":0,"end":50}},"motion_fx_mouseTrack_direction":"negative","motion_fx_tilt_direction":"negative","motion_fx_tilt_speed":{"unit":"px","size":2.7,"sizes":[]},"animation":"fadeInUp","border_radius_hover":{"unit":"px","top":"10","right":"10","bottom":"10","left":"10","isLinked":true},"box_shadow_hover_box_shadow_type":"yes","box_shadow_hover_box_shadow":{"horizontal":0,"vertical":16.29,"blur":80,"spread":0,"color":"rgba(0, 0, 0, 0.1)"},"motion_fx_translateY_speed":{"unit":"px","size":6.1,"sizes":[]},"border_width":{"unit":"px","top":"1","right":"1","bottom":"1","left":"1","isLinked":true},"border_radius":{"unit":"px","top":"5","right":"5","bottom":"5","left":"5","isLinked":true},"animation_delay":500,"margin":{"unit":"px","top":"15","right":"15","bottom":"15","left":"15","isLinked":true},"content_position":"center","align":"center","background_hover_background":"classic","background_hover_color":"#FFFFFF","background_hover_image":{"url":"","id":"","alt":"","source":"library"},"background_hover_position":"bottom right","background_hover_repeat":"no-repeat","background_hover_size":"initial","background_hover_bg_width":{"unit":"%","size":14,"sizes":[]},"background_hover_transition":{"unit":"px","size":0.8,"sizes":[]},"background_overlay_hover_image":{"url":"","id":"","alt":"","source":"library"},"background_overlay_hover_position":"center center","background_overlay_hover_repeat":"no-repeat","background_overlay_hover_size":"cover","_inline_size_tablet":50,"__globals__":{"background_color":"globals\/colors?id=040e214"},"margin_mobile":{"unit":"px","top":"10","right":"10","bottom":"60","left":"10","isLinked":false},"padding_mobile":{"unit":"px","top":"10","right":"10","bottom":"10","left":"10","isLinked":true},"margin_tablet":{"unit":"px","top":"40","right":"40","bottom":"40","left":"40","isLinked":true},"background_image":{"url":"","id":""},"background_video_fallback":{"url":"","id":""},"background_slideshow_gallery":[],"background_hover_video_fallback":{"url":"","id":""},"background_hover_slideshow_gallery":[],"background_overlay_image":{"url":"","id":""},"background_overlay_video_fallback":{"url":"","id":""},"background_overlay_slideshow_gallery":[],"background_overlay_hover_video_fallback":{"url":"","id":""},"background_overlay_hover_slideshow_gallery":[]},"elements":[{"id":"3162a46","settings":{"skin":"cover","bg_image":{"id":58,"url":"https:\/\/limitless.dev.ananass.fr\/wp-content\/uploads\/2025\/08\/Ferryman_elementor_kit_plumber_ananass-14-1-1-1.jpg"},"bg_image_size":"full","graphic_element":"icon","selected_icon":{"value":{"id":60,"url":"https:\/\/limitless.dev.ananass.fr\/wp-content\/uploads\/2025\/08\/temperatures-1-1-1.svg"},"library":"svg"},"icon_view":"stacked","title":"Heat pomp","description":"Lorem ipsum dolor sit amet consectetur adipiscing elit dolor","title_tag":"h3","button":"","vertical_position":"bottom","padding":{"unit":"px","top":"180","right":"50","bottom":"30","left":"50","isLinked":false},"icon_border_radius":{"unit":"px","top":"10","right":"10","bottom":"10","left":"10","isLinked":true},"title_typography_typography":"custom","title_typography_font_family":"Inter","title_typography_font_size":{"unit":"rem","size":1.1,"sizes":[]},"title_typography_font_weight":"600","title_typography_line_height":{"unit":"px","size":18,"sizes":[]},"title_spacing":{"unit":"px","size":20,"sizes":[]},"description_typography_typography":"custom","description_typography_font_family":"Inter","description_typography_font_size":{"unit":"rem","size":1,"sizes":[]},"description_typography_font_weight":"400","description_typography_letter_spacing":{"unit":"px","size":0.5,"sizes":[]},"description_spacing":{"unit":"px","size":22,"sizes":[]},"button_typography_typography":"custom","button_typography_font_family":"Inter","button_typography_font_size":{"unit":"rem","size":1,"sizes":[]},"button_typography_font_weight":"400","button_typography_letter_spacing":{"unit":"px","size":0.5,"sizes":[]},"button_text_color":"#FEFFFD","button_background_color":"#FBA611","button_border_color":"#FBA611","button_border_width":{"unit":"px","size":1,"sizes":[]},"button_border_radius":{"unit":"px","size":5,"sizes":[]},"overlay_color_hover":"#FFDDBBE3","_border_radius":{"unit":"px","top":"5","right":"5","bottom":"5","left":"5","isLinked":true},"__globals__":{"title_typography_typography":"globals\/typography?id=accent","description_typography_typography":"globals\/typography?id=text","button_background_color":"globals\/colors?id=accent","button_text_color":"globals\/colors?id=571c1bb","button_border_color":"globals\/colors?id=accent","button_typography_typography":"globals\/typography?id=text","overlay_color":"","overlay_color_hover":"","icon_primary_color":"globals\/colors?id=accent","icon_secondary_color":"globals\/colors?id=571c1bb","title_color":"globals\/colors?id=accent","description_color":"globals\/colors?id=571c1bb","title_color_hover":"globals\/colors?id=text","description_color_hover":"globals\/colors?id=text"},"graphic_image":{"id":99,"url":"https:\/\/limitless.dev.ananass.fr\/wp-content\/uploads\/2025\/08\/placeholder-182-1.png"},"_background_image":{"url":"","id":""},"_background_video_fallback":{"url":"","id":""},"_background_slideshow_gallery":[],"_background_hover_image":{"url":"","id":""},"_background_hover_video_fallback":{"url":"","id":""},"_background_hover_slideshow_gallery":[],"_mask_image":{"url":"","id":""}},"elements":[],"isInner":false,"widgetType":"call-to-action","elType":"widget"}],"isInner":true,"elType":"column"},{"id":"5e6eddb3","settings":{"_column_size":25,"_inline_size":null,"border_color":"#F9F9FC","background_overlay_hover_color":"#F9F9FC","background_overlay_hover_color_b":"#F9F9FC00","background_overlay_hover_opacity":{"unit":"px","size":0.88,"sizes":[]},"background_overlay_hover_transition":{"unit":"px","size":1.5,"sizes":[]},"motion_fx_translateY_effect":"yes","motion_fx_translateY_affectedRange":{"unit":"%","size":"","sizes":{"start":0,"end":50}},"motion_fx_mouseTrack_direction":"negative","motion_fx_tilt_direction":"negative","motion_fx_tilt_speed":{"unit":"px","size":2.7,"sizes":[]},"animation":"fadeInUp","border_radius_hover":{"unit":"px","top":"10","right":"10","bottom":"10","left":"10","isLinked":true},"box_shadow_hover_box_shadow_type":"yes","box_shadow_hover_box_shadow":{"horizontal":0,"vertical":16.29,"blur":80,"spread":0,"color":"rgba(0, 0, 0, 0.1)"},"motion_fx_translateY_speed":{"unit":"px","size":6.1,"sizes":[]},"border_width":{"unit":"px","top":"1","right":"1","bottom":"1","left":"1","isLinked":true},"border_radius":{"unit":"px","top":"5","right":"5","bottom":"5","left":"5","isLinked":true},"animation_delay":500,"margin":{"unit":"px","top":"15","right":"15","bottom":"15","left":"15","isLinked":true},"content_position":"center","align":"center","background_hover_background":"classic","background_hover_color":"#FFFFFF","background_hover_image":{"url":"","id":"","alt":"","source":"library"},"background_hover_position":"bottom right","background_hover_repeat":"no-repeat","background_hover_size":"initial","background_hover_bg_width":{"unit":"%","size":14,"sizes":[]},"background_hover_transition":{"unit":"px","size":0.8,"sizes":[]},"background_overlay_hover_image":{"url":"","id":"","alt":"","source":"library"},"background_overlay_hover_position":"center center","background_overlay_hover_repeat":"no-repeat","background_overlay_hover_size":"cover","_inline_size_tablet":50,"__globals__":{"background_color":"globals\/colors?id=040e214"},"margin_mobile":{"unit":"px","top":"10","right":"10","bottom":"60","left":"10","isLinked":false},"padding_mobile":{"unit":"px","top":"10","right":"10","bottom":"10","left":"10","isLinked":true},"margin_tablet":{"unit":"px","top":"40","right":"40","bottom":"40","left":"40","isLinked":true},"background_image":{"url":"","id":""},"background_video_fallback":{"url":"","id":""},"background_slideshow_gallery":[],"background_hover_video_fallback":{"url":"","id":""},"background_hover_slideshow_gallery":[],"background_overlay_image":{"url":"","id":""},"background_overlay_video_fallback":{"url":"","id":""},"background_overlay_slideshow_gallery":[],"background_overlay_hover_video_fallback":{"url":"","id":""},"background_overlay_hover_slideshow_gallery":[]},"elements":[{"id":"5fdf9c6e","settings":{"skin":"cover","bg_image":{"id":61,"url":"https:\/\/limitless.dev.ananass.fr\/wp-content\/uploads\/2025\/08\/Ferryman_elementor_kit_plumber_ananass-15-1-1-1.jpg"},"bg_image_size":"full","graphic_element":"icon","selected_icon":{"value":{"id":63,"url":"https:\/\/limitless.dev.ananass.fr\/wp-content\/uploads\/2025\/08\/Underfloor-Heating-1-1-1.svg"},"library":"svg"},"icon_view":"stacked","title":"heating systems","description":"Lorem ipsum dolor sit amet consectetur adipiscing elit dolor","title_tag":"h3","button":"","vertical_position":"bottom","padding":{"unit":"px","top":"180","right":"50","bottom":"30","left":"50","isLinked":false},"icon_border_radius":{"unit":"px","top":"10","right":"10","bottom":"10","left":"10","isLinked":true},"title_typography_typography":"custom","title_typography_font_family":"Inter","title_typography_font_size":{"unit":"rem","size":1.1,"sizes":[]},"title_typography_font_weight":"600","title_typography_line_height":{"unit":"px","size":18,"sizes":[]},"title_spacing":{"unit":"px","size":20,"sizes":[]},"description_typography_typography":"custom","description_typography_font_family":"Inter","description_typography_font_size":{"unit":"rem","size":1,"sizes":[]},"description_typography_font_weight":"400","description_typography_letter_spacing":{"unit":"px","size":0.5,"sizes":[]},"description_spacing":{"unit":"px","size":22,"sizes":[]},"button_typography_typography":"custom","button_typography_font_family":"Inter","button_typography_font_size":{"unit":"rem","size":1,"sizes":[]},"button_typography_font_weight":"400","button_typography_letter_spacing":{"unit":"px","size":0.5,"sizes":[]},"button_text_color":"#FEFFFD","button_background_color":"#FBA611","button_border_color":"#FBA611","button_border_width":{"unit":"px","size":1,"sizes":[]},"button_border_radius":{"unit":"px","size":5,"sizes":[]},"overlay_color_hover":"#FFDDBBE3","_border_radius":{"unit":"px","top":"5","right":"5","bottom":"5","left":"5","isLinked":true},"__globals__":{"title_typography_typography":"globals\/typography?id=accent","description_typography_typography":"globals\/typography?id=text","button_background_color":"globals\/colors?id=accent","button_text_color":"globals\/colors?id=571c1bb","button_border_color":"globals\/colors?id=accent","button_typography_typography":"globals\/typography?id=text","overlay_color":"","overlay_color_hover":"","icon_primary_color":"globals\/colors?id=accent","icon_secondary_color":"globals\/colors?id=571c1bb","title_color":"globals\/colors?id=accent","description_color":"globals\/colors?id=571c1bb","title_color_hover":"globals\/colors?id=text","description_color_hover":"globals\/colors?id=text"},"graphic_image":{"id":100,"url":"https:\/\/limitless.dev.ananass.fr\/wp-content\/uploads\/2025\/08\/placeholder-183-1.png"},"_background_image":{"url":"","id":""},"_background_video_fallback":{"url":"","id":""},"_background_slideshow_gallery":[],"_background_hover_image":{"url":"","id":""},"_background_hover_video_fallback":{"url":"","id":""},"_background_hover_slideshow_gallery":[],"_mask_image":{"url":"","id":""}},"elements":[],"isInner":false,"widgetType":"call-to-action","elType":"widget"}],"isInner":true,"elType":"column"}],"isInner":true,"elType":"section"},{"id":"26669138","settings":{"content_width":{"unit":"px","size":1200,"sizes":[]},"structure":"40","layout":"full_width","padding":{"unit":"%","top":"0","right":"5","bottom":"5","left":"5","isLinked":false},"padding_tablet":{"unit":"%","top":"0","right":"0","bottom":"0","left":"0","isLinked":false},"padding_mobile":{"unit":"%","top":"","right":"","bottom":"","left":"","isLinked":true},"gap":"no","_title":"Row 1 service","margin_tablet":{"unit":"%","top":"10","right":0,"bottom":"0","left":0,"isLinked":false},"margin_mobile":{"unit":"%","top":"","right":"","bottom":"","left":"","isLinked":true},"background_image":{"url":"","id":""},"background_video_fallback":{"url":"","id":""},"background_slideshow_gallery":[],"background_hover_image":{"url":"","id":""},"background_hover_video_fallback":{"url":"","id":""},"background_hover_slideshow_gallery":[],"background_overlay_image":{"url":"","id":""},"background_overlay_video_fallback":{"url":"","id":""},"background_overlay_slideshow_gallery":[],"background_overlay_hover_image":{"url":"","id":""},"background_overlay_hover_video_fallback":{"url":"","id":""},"background_overlay_hover_slideshow_gallery":[]},"elements":[{"id":"3ed5591a","settings":{"_column_size":25,"_inline_size":null,"border_color":"#F9F9FC","background_overlay_hover_color":"#F9F9FC","background_overlay_hover_color_b":"#F9F9FC00","background_overlay_hover_opacity":{"unit":"px","size":0.88,"sizes":[]},"background_overlay_hover_transition":{"unit":"px","size":1.5,"sizes":[]},"motion_fx_translateY_effect":"yes","motion_fx_translateY_affectedRange":{"unit":"%","size":"","sizes":{"start":0,"end":50}},"motion_fx_mouseTrack_direction":"negative","motion_fx_tilt_direction":"negative","motion_fx_tilt_speed":{"unit":"px","size":2.7,"sizes":[]},"animation":"fadeInUp","border_radius_hover":{"unit":"px","top":"10","right":"10","bottom":"10","left":"10","isLinked":true},"box_shadow_hover_box_shadow_type":"yes","box_shadow_hover_box_shadow":{"horizontal":0,"vertical":16.29,"blur":80,"spread":0,"color":"rgba(0, 0, 0, 0.1)"},"motion_fx_translateY_speed":{"unit":"px","size":6.1,"sizes":[]},"border_width":{"unit":"px","top":"1","right":"1","bottom":"1","left":"1","isLinked":true},"border_radius":{"unit":"px","top":"5","right":"5","bottom":"5","left":"5","isLinked":true},"animation_delay":500,"margin":{"unit":"px","top":"15","right":"15","bottom":"15","left":"15","isLinked":true},"content_position":"center","align":"center","background_hover_background":"classic","background_hover_color":"#FFFFFF","background_hover_image":{"url":"","id":"","alt":"","source":"library"},"background_hover_position":"bottom right","background_hover_repeat":"no-repeat","background_hover_size":"initial","background_hover_bg_width":{"unit":"%","size":14,"sizes":[]},"background_hover_transition":{"unit":"px","size":0.8,"sizes":[]},"background_overlay_hover_image":{"url":"","id":"","alt":"","source":"library"},"background_overlay_hover_position":"center center","background_overlay_hover_repeat":"no-repeat","background_overlay_hover_size":"cover","_inline_size_tablet":50,"__globals__":{"background_color":"globals\/colors?id=040e214"},"margin_mobile":{"unit":"px","top":"10","right":"10","bottom":"60","left":"10","isLinked":false},"padding_mobile":{"unit":"px","top":"10","right":"10","bottom":"10","left":"10","isLinked":true},"margin_tablet":{"unit":"px","top":"40","right":"40","bottom":"40","left":"40","isLinked":true},"background_image":{"url":"","id":""},"background_video_fallback":{"url":"","id":""},"background_slideshow_gallery":[],"background_hover_video_fallback":{"url":"","id":""},"background_hover_slideshow_gallery":[],"background_overlay_image":{"url":"","id":""},"background_overlay_video_fallback":{"url":"","id":""},"background_overlay_slideshow_gallery":[],"background_overlay_hover_video_fallback":{"url":"","id":""},"background_overlay_hover_slideshow_gallery":[]},"elements":[{"id":"55622a12","settings":{"skin":"cover","bg_image":{"id":64,"url":"https:\/\/limitless.dev.ananass.fr\/wp-content\/uploads\/2025\/08\/Ferryman_elementor_kit_plumber_ananass-16-1-1-1.jpg"},"bg_image_size":"full","graphic_element":"icon","selected_icon":{"value":{"id":66,"url":"https:\/\/limitless.dev.ananass.fr\/wp-content\/uploads\/2025\/08\/pipe-1-1-1-1.svg"},"library":"svg"},"icon_view":"stacked","title":"Unclogging","description":"Lorem ipsum dolor sit amet consectetur adipiscing elit dolor","title_tag":"h3","button":"","vertical_position":"bottom","padding":{"unit":"px","top":"180","right":"50","bottom":"30","left":"50","isLinked":false},"icon_border_radius":{"unit":"px","top":"10","right":"10","bottom":"10","left":"10","isLinked":true},"title_typography_typography":"custom","title_typography_font_family":"Inter","title_typography_font_size":{"unit":"rem","size":1.1,"sizes":[]},"title_typography_font_weight":"600","title_typography_line_height":{"unit":"px","size":18,"sizes":[]},"title_spacing":{"unit":"px","size":20,"sizes":[]},"description_typography_typography":"custom","description_typography_font_family":"Inter","description_typography_font_size":{"unit":"rem","size":1,"sizes":[]},"description_typography_font_weight":"400","description_typography_letter_spacing":{"unit":"px","size":0.5,"sizes":[]},"description_spacing":{"unit":"px","size":22,"sizes":[]},"button_typography_typography":"custom","button_typography_font_family":"Inter","button_typography_font_size":{"unit":"rem","size":1,"sizes":[]},"button_typography_font_weight":"400","button_typography_letter_spacing":{"unit":"px","size":0.5,"sizes":[]},"button_text_color":"#FEFFFD","button_background_color":"#FBA611","button_border_color":"#FBA611","button_border_width":{"unit":"px","size":1,"sizes":[]},"button_border_radius":{"unit":"px","size":5,"sizes":[]},"overlay_color_hover":"#FFDDBBE3","_border_radius":{"unit":"px","top":"5","right":"5","bottom":"5","left":"5","isLinked":true},"__globals__":{"title_typography_typography":"globals\/typography?id=accent","description_typography_typography":"globals\/typography?id=text","button_background_color":"globals\/colors?id=accent","button_text_color":"globals\/colors?id=571c1bb","button_border_color":"globals\/colors?id=accent","button_typography_typography":"globals\/typography?id=text","overlay_color":"","overlay_color_hover":"","icon_primary_color":"globals\/colors?id=accent","icon_secondary_color":"globals\/colors?id=571c1bb","title_color":"globals\/colors?id=accent","description_color":"globals\/colors?id=571c1bb","title_color_hover":"globals\/colors?id=text","description_color_hover":"globals\/colors?id=text"},"graphic_image":{"id":101,"url":"https:\/\/limitless.dev.ananass.fr\/wp-content\/uploads\/2025\/08\/placeholder-184-1.png"},"_background_image":{"url":"","id":""},"_background_video_fallback":{"url":"","id":""},"_background_slideshow_gallery":[],"_background_hover_image":{"url":"","id":""},"_background_hover_video_fallback":{"url":"","id":""},"_background_hover_slideshow_gallery":[],"_mask_image":{"url":"","id":""}},"elements":[],"isInner":false,"widgetType":"call-to-action","elType":"widget"}],"isInner":true,"elType":"column"},{"id":"6bff20fd","settings":{"_column_size":25,"_inline_size":null,"border_color":"#F9F9FC","background_overlay_hover_color":"#F9F9FC","background_overlay_hover_color_b":"#F9F9FC00","background_overlay_hover_opacity":{"unit":"px","size":0.88,"sizes":[]},"background_overlay_hover_transition":{"unit":"px","size":1.5,"sizes":[]},"motion_fx_translateY_effect":"yes","motion_fx_translateY_affectedRange":{"unit":"%","size":"","sizes":{"start":0,"end":50}},"motion_fx_mouseTrack_direction":"negative","motion_fx_tilt_direction":"negative","motion_fx_tilt_speed":{"unit":"px","size":2.7,"sizes":[]},"animation":"fadeInUp","border_radius_hover":{"unit":"px","top":"10","right":"10","bottom":"10","left":"10","isLinked":true},"box_shadow_hover_box_shadow_type":"yes","box_shadow_hover_box_shadow":{"horizontal":0,"vertical":16.29,"blur":80,"spread":0,"color":"rgba(0, 0, 0, 0.1)"},"motion_fx_translateY_speed":{"unit":"px","size":6.1,"sizes":[]},"border_width":{"unit":"px","top":"1","right":"1","bottom":"1","left":"1","isLinked":true},"border_radius":{"unit":"px","top":"5","right":"5","bottom":"5","left":"5","isLinked":true},"animation_delay":500,"margin":{"unit":"px","top":"15","right":"15","bottom":"15","left":"15","isLinked":true},"content_position":"center","align":"center","background_hover_background":"classic","background_hover_color":"#FFFFFF","background_hover_image":{"url":"","id":"","alt":"","source":"library"},"background_hover_position":"bottom right","background_hover_repeat":"no-repeat","background_hover_size":"initial","background_hover_bg_width":{"unit":"%","size":14,"sizes":[]},"background_hover_transition":{"unit":"px","size":0.8,"sizes":[]},"background_overlay_hover_image":{"url":"","id":"","alt":"","source":"library"},"background_overlay_hover_position":"center center","background_overlay_hover_repeat":"no-repeat","background_overlay_hover_size":"cover","_inline_size_tablet":50,"__globals__":{"background_color":"globals\/colors?id=040e214"},"margin_mobile":{"unit":"px","top":"10","right":"10","bottom":"60","left":"10","isLinked":false},"padding_mobile":{"unit":"px","top":"10","right":"10","bottom":"10","left":"10","isLinked":true},"margin_tablet":{"unit":"px","top":"40","right":"40","bottom":"40","left":"40","isLinked":true},"background_image":{"url":"","id":""},"background_video_fallback":{"url":"","id":""},"background_slideshow_gallery":[],"background_hover_video_fallback":{"url":"","id":""},"background_hover_slideshow_gallery":[],"background_overlay_image":{"url":"","id":""},"background_overlay_video_fallback":{"url":"","id":""},"background_overlay_slideshow_gallery":[],"background_overlay_hover_video_fallback":{"url":"","id":""},"background_overlay_hover_slideshow_gallery":[]},"elements":[{"id":"7646416a","settings":{"skin":"cover","bg_image":{"id":48,"url":"https:\/\/limitless.dev.ananass.fr\/wp-content\/uploads\/2025\/08\/Ferryman_elementor_kit_plumber_ananass-7-1-1-1.jpg"},"bg_image_size":"full","graphic_element":"icon","selected_icon":{"value":{"id":68,"url":"https:\/\/limitless.dev.ananass.fr\/wp-content\/uploads\/2025\/08\/faucet-1-1-1.svg"},"library":"svg"},"icon_view":"stacked","title":"Leak detection","description":"Lorem ipsum dolor sit amet consectetur adipiscing elit dolor","title_tag":"h3","button":"","vertical_position":"bottom","padding":{"unit":"px","top":"180","right":"50","bottom":"30","left":"50","isLinked":false},"icon_border_radius":{"unit":"px","top":"10","right":"10","bottom":"10","left":"10","isLinked":true},"title_typography_typography":"custom","title_typography_font_family":"Inter","title_typography_font_size":{"unit":"rem","size":1.1,"sizes":[]},"title_typography_font_weight":"600","title_typography_line_height":{"unit":"px","size":18,"sizes":[]},"title_spacing":{"unit":"px","size":20,"sizes":[]},"description_typography_typography":"custom","description_typography_font_family":"Inter","description_typography_font_size":{"unit":"rem","size":1,"sizes":[]},"description_typography_font_weight":"400","description_typography_letter_spacing":{"unit":"px","size":0.5,"sizes":[]},"description_spacing":{"unit":"px","size":22,"sizes":[]},"button_typography_typography":"custom","button_typography_font_family":"Inter","button_typography_font_size":{"unit":"rem","size":1,"sizes":[]},"button_typography_font_weight":"400","button_typography_letter_spacing":{"unit":"px","size":0.5,"sizes":[]},"button_text_color":"#FEFFFD","button_background_color":"#FBA611","button_border_color":"#FBA611","button_border_width":{"unit":"px","size":1,"sizes":[]},"button_border_radius":{"unit":"px","size":5,"sizes":[]},"overlay_color_hover":"#FFDDBBE3","_border_radius":{"unit":"px","top":"5","right":"5","bottom":"5","left":"5","isLinked":true},"__globals__":{"title_typography_typography":"globals\/typography?id=accent","description_typography_typography":"globals\/typography?id=text","button_background_color":"globals\/colors?id=accent","button_text_color":"globals\/colors?id=571c1bb","button_border_color":"globals\/colors?id=accent","button_typography_typography":"globals\/typography?id=text","overlay_color":"","overlay_color_hover":"","icon_primary_color":"globals\/colors?id=accent","icon_secondary_color":"globals\/colors?id=571c1bb","title_color":"globals\/colors?id=accent","description_color":"globals\/colors?id=571c1bb","title_color_hover":"globals\/colors?id=text","description_color_hover":"globals\/colors?id=text"},"graphic_image":{"id":102,"url":"https:\/\/limitless.dev.ananass.fr\/wp-content\/uploads\/2025\/08\/placeholder-185-1.png"},"_background_image":{"url":"","id":""},"_background_video_fallback":{"url":"","id":""},"_background_slideshow_gallery":[],"_background_hover_image":{"url":"","id":""},"_background_hover_video_fallback":{"url":"","id":""},"_background_hover_slideshow_gallery":[],"_mask_image":{"url":"","id":""}},"elements":[],"isInner":false,"widgetType":"call-to-action","elType":"widget"}],"isInner":true,"elType":"column"},{"id":"5c66be74","settings":{"_column_size":25,"_inline_size":null,"border_color":"#F9F9FC","background_overlay_hover_color":"#F9F9FC","background_overlay_hover_color_b":"#F9F9FC00","background_overlay_hover_opacity":{"unit":"px","size":0.88,"sizes":[]},"background_overlay_hover_transition":{"unit":"px","size":1.5,"sizes":[]},"motion_fx_translateY_effect":"yes","motion_fx_translateY_affectedRange":{"unit":"%","size":"","sizes":{"start":0,"end":50}},"motion_fx_mouseTrack_direction":"negative","motion_fx_tilt_direction":"negative","motion_fx_tilt_speed":{"unit":"px","size":2.7,"sizes":[]},"animation":"fadeInUp","border_radius_hover":{"unit":"px","top":"10","right":"10","bottom":"10","left":"10","isLinked":true},"box_shadow_hover_box_shadow_type":"yes","box_shadow_hover_box_shadow":{"horizontal":0,"vertical":16.29,"blur":80,"spread":0,"color":"rgba(0, 0, 0, 0.1)"},"motion_fx_translateY_speed":{"unit":"px","size":6.1,"sizes":[]},"border_width":{"unit":"px","top":"1","right":"1","bottom":"1","left":"1","isLinked":true},"border_radius":{"unit":"px","top":"5","right":"5","bottom":"5","left":"5","isLinked":true},"animation_delay":500,"margin":{"unit":"px","top":"15","right":"15","bottom":"15","left":"15","isLinked":true},"content_position":"center","align":"center","background_hover_background":"classic","background_hover_color":"#FFFFFF","background_hover_image":{"url":"","id":"","alt":"","source":"library"},"background_hover_position":"bottom right","background_hover_repeat":"no-repeat","background_hover_size":"initial","background_hover_bg_width":{"unit":"%","size":14,"sizes":[]},"background_hover_transition":{"unit":"px","size":0.8,"sizes":[]},"background_overlay_hover_image":{"url":"","id":"","alt":"","source":"library"},"background_overlay_hover_position":"center center","background_overlay_hover_repeat":"no-repeat","background_overlay_hover_size":"cover","_inline_size_tablet":50,"__globals__":{"background_color":"globals\/colors?id=040e214"},"margin_mobile":{"unit":"px","top":"10","right":"10","bottom":"60","left":"10","isLinked":false},"padding_mobile":{"unit":"px","top":"10","right":"10","bottom":"10","left":"10","isLinked":true},"margin_tablet":{"unit":"px","top":"40","right":"40","bottom":"40","left":"40","isLinked":true},"background_image":{"url":"","id":""},"background_video_fallback":{"url":"","id":""},"background_slideshow_gallery":[],"background_hover_video_fallback":{"url":"","id":""},"background_hover_slideshow_gallery":[],"background_overlay_image":{"url":"","id":""},"background_overlay_video_fallback":{"url":"","id":""},"background_overlay_slideshow_gallery":[],"background_overlay_hover_video_fallback":{"url":"","id":""},"background_overlay_hover_slideshow_gallery":[]},"elements":[{"id":"34a9196b","settings":{"skin":"cover","bg_image":{"id":69,"url":"https:\/\/limitless.dev.ananass.fr\/wp-content\/uploads\/2025\/08\/Ferryman_elementor_kit_plumber_ananass-21-1-1-1.jpg"},"bg_image_size":"full","graphic_element":"icon","selected_icon":{"value":{"id":71,"url":"https:\/\/limitless.dev.ananass.fr\/wp-content\/uploads\/2025\/08\/chaudiere-1-1-1.svg"},"library":"svg"},"icon_view":"stacked","title":"replacement of boiler","description":"Lorem ipsum dolor sit amet consectetur adipiscing elit dolor","title_tag":"h3","button":"","vertical_position":"bottom","padding":{"unit":"px","top":"180","right":"50","bottom":"30","left":"50","isLinked":false},"icon_border_radius":{"unit":"px","top":"10","right":"10","bottom":"10","left":"10","isLinked":true},"title_typography_typography":"custom","title_typography_font_family":"Inter","title_typography_font_size":{"unit":"rem","size":1.1,"sizes":[]},"title_typography_font_weight":"600","title_typography_line_height":{"unit":"px","size":18,"sizes":[]},"title_spacing":{"unit":"px","size":20,"sizes":[]},"description_typography_typography":"custom","description_typography_font_family":"Inter","description_typography_font_size":{"unit":"rem","size":1,"sizes":[]},"description_typography_font_weight":"400","description_typography_letter_spacing":{"unit":"px","size":0.5,"sizes":[]},"description_spacing":{"unit":"px","size":22,"sizes":[]},"button_typography_typography":"custom","button_typography_font_family":"Inter","button_typography_font_size":{"unit":"rem","size":1,"sizes":[]},"button_typography_font_weight":"400","button_typography_letter_spacing":{"unit":"px","size":0.5,"sizes":[]},"button_text_color":"#FEFFFD","button_background_color":"#FBA611","button_border_color":"#FBA611","button_border_width":{"unit":"px","size":1,"sizes":[]},"button_border_radius":{"unit":"px","size":5,"sizes":[]},"overlay_color_hover":"#FFDDBBE3","_border_radius":{"unit":"px","top":"5","right":"5","bottom":"5","left":"5","isLinked":true},"__globals__":{"title_typography_typography":"globals\/typography?id=accent","description_typography_typography":"globals\/typography?id=text","button_background_color":"globals\/colors?id=accent","button_text_color":"globals\/colors?id=571c1bb","button_border_color":"globals\/colors?id=accent","button_typography_typography":"globals\/typography?id=text","overlay_color":"","overlay_color_hover":"","icon_primary_color":"globals\/colors?id=accent","icon_secondary_color":"globals\/colors?id=571c1bb","title_color":"globals\/colors?id=accent","description_color":"globals\/colors?id=571c1bb","title_color_hover":"globals\/colors?id=text","description_color_hover":"globals\/colors?id=text"},"graphic_image":{"id":103,"url":"https:\/\/limitless.dev.ananass.fr\/wp-content\/uploads\/2025\/08\/placeholder-186-1.png"},"_background_image":{"url":"","id":""},"_background_video_fallback":{"url":"","id":""},"_background_slideshow_gallery":[],"_background_hover_image":{"url":"","id":""},"_background_hover_video_fallback":{"url":"","id":""},"_background_hover_slideshow_gallery":[],"_mask_image":{"url":"","id":""}},"elements":[],"isInner":false,"widgetType":"call-to-action","elType":"widget"}],"isInner":true,"elType":"column"},{"id":"39269673","settings":{"_column_size":25,"_inline_size":null,"border_color":"#F9F9FC","background_overlay_hover_color":"#F9F9FC","background_overlay_hover_color_b":"#F9F9FC00","background_overlay_hover_opacity":{"unit":"px","size":0.88,"sizes":[]},"background_overlay_hover_transition":{"unit":"px","size":1.5,"sizes":[]},"motion_fx_translateY_effect":"yes","motion_fx_translateY_affectedRange":{"unit":"%","size":"","sizes":{"start":0,"end":50}},"motion_fx_mouseTrack_direction":"negative","motion_fx_tilt_direction":"negative","motion_fx_tilt_speed":{"unit":"px","size":2.7,"sizes":[]},"animation":"fadeInUp","border_radius_hover":{"unit":"px","top":"10","right":"10","bottom":"10","left":"10","isLinked":true},"box_shadow_hover_box_shadow_type":"yes","box_shadow_hover_box_shadow":{"horizontal":0,"vertical":16.29,"blur":80,"spread":0,"color":"rgba(0, 0, 0, 0.1)"},"motion_fx_translateY_speed":{"unit":"px","size":6.1,"sizes":[]},"border_width":{"unit":"px","top":"1","right":"1","bottom":"1","left":"1","isLinked":true},"border_radius":{"unit":"px","top":"5","right":"5","bottom":"5","left":"5","isLinked":true},"animation_delay":500,"margin":{"unit":"px","top":"15","right":"15","bottom":"15","left":"15","isLinked":true},"content_position":"center","align":"center","background_hover_background":"classic","background_hover_color":"#FFFFFF","background_hover_image":{"url":"","id":"","alt":"","source":"library"},"background_hover_position":"bottom right","background_hover_repeat":"no-repeat","background_hover_size":"initial","background_hover_bg_width":{"unit":"%","size":14,"sizes":[]},"background_hover_transition":{"unit":"px","size":0.8,"sizes":[]},"background_overlay_hover_image":{"url":"","id":"","alt":"","source":"library"},"background_overlay_hover_position":"center center","background_overlay_hover_repeat":"no-repeat","background_overlay_hover_size":"cover","_inline_size_tablet":50,"__globals__":{"background_color":"globals\/colors?id=040e214"},"margin_mobile":{"unit":"px","top":"10","right":"10","bottom":"60","left":"10","isLinked":false},"padding_mobile":{"unit":"px","top":"10","right":"10","bottom":"10","left":"10","isLinked":true},"margin_tablet":{"unit":"px","top":"40","right":"40","bottom":"40","left":"40","isLinked":true},"background_image":{"url":"","id":""},"background_video_fallback":{"url":"","id":""},"background_slideshow_gallery":[],"background_hover_video_fallback":{"url":"","id":""},"background_hover_slideshow_gallery":[],"background_overlay_image":{"url":"","id":""},"background_overlay_video_fallback":{"url":"","id":""},"background_overlay_slideshow_gallery":[],"background_overlay_hover_video_fallback":{"url":"","id":""},"background_overlay_hover_slideshow_gallery":[]},"elements":[{"id":"5b35b4ce","settings":{"skin":"cover","bg_image":{"id":72,"url":"https:\/\/limitless.dev.ananass.fr\/wp-content\/uploads\/2025\/08\/Ferryman_elementor_kit_plumber_ananass-12-1-1-1.jpg"},"bg_image_size":"full","graphic_element":"icon","selected_icon":{"value":{"id":74,"url":"https:\/\/limitless.dev.ananass.fr\/wp-content\/uploads\/2025\/08\/ventilateur-1-1-1.svg"},"library":"svg"},"icon_view":"stacked","title":"VMC installation","description":"Lorem ipsum dolor sit amet consectetur adipiscing elit dolor","title_tag":"h3","button":"","vertical_position":"bottom","padding":{"unit":"px","top":"180","right":"50","bottom":"30","left":"50","isLinked":false},"icon_border_radius":{"unit":"px","top":"10","right":"10","bottom":"10","left":"10","isLinked":true},"title_typography_typography":"custom","title_typography_font_family":"Inter","title_typography_font_size":{"unit":"rem","size":1.1,"sizes":[]},"title_typography_font_weight":"600","title_typography_line_height":{"unit":"px","size":18,"sizes":[]},"title_spacing":{"unit":"px","size":20,"sizes":[]},"description_typography_typography":"custom","description_typography_font_family":"Inter","description_typography_font_size":{"unit":"rem","size":1,"sizes":[]},"description_typography_font_weight":"400","description_typography_letter_spacing":{"unit":"px","size":0.5,"sizes":[]},"description_spacing":{"unit":"px","size":22,"sizes":[]},"button_typography_typography":"custom","button_typography_font_family":"Inter","button_typography_font_size":{"unit":"rem","size":1,"sizes":[]},"button_typography_font_weight":"400","button_typography_letter_spacing":{"unit":"px","size":0.5,"sizes":[]},"button_text_color":"#FEFFFD","button_background_color":"#FBA611","button_border_color":"#FBA611","button_border_width":{"unit":"px","size":1,"sizes":[]},"button_border_radius":{"unit":"px","size":5,"sizes":[]},"overlay_color_hover":"#FFDDBBE3","_border_radius":{"unit":"px","top":"5","right":"5","bottom":"5","left":"5","isLinked":true},"__globals__":{"title_typography_typography":"globals\/typography?id=accent","description_typography_typography":"globals\/typography?id=text","button_background_color":"globals\/colors?id=accent","button_text_color":"globals\/colors?id=571c1bb","button_border_color":"globals\/colors?id=accent","button_typography_typography":"globals\/typography?id=text","overlay_color":"","overlay_color_hover":"","icon_primary_color":"globals\/colors?id=accent","icon_secondary_color":"globals\/colors?id=571c1bb","title_color":"globals\/colors?id=accent","description_color":"globals\/colors?id=571c1bb","title_color_hover":"globals\/colors?id=text","description_color_hover":"globals\/colors?id=text"},"graphic_image":{"id":104,"url":"https:\/\/limitless.dev.ananass.fr\/wp-content\/uploads\/2025\/08\/placeholder-187-1.png"},"_background_image":{"url":"","id":""},"_background_video_fallback":{"url":"","id":""},"_background_slideshow_gallery":[],"_background_hover_image":{"url":"","id":""},"_background_hover_video_fallback":{"url":"","id":""},"_background_hover_slideshow_gallery":[],"_mask_image":{"url":"","id":""}},"elements":[],"isInner":false,"widgetType":"call-to-action","elType":"widget"}],"isInner":true,"elType":"column"}],"isInner":true,"elType":"section"}],"isInner":false,"elType":"column"}],"isInner":false,"elType":"section"},{"id":"6c5a2016","settings":{"height":"min-height","column_position":"stretch","content_position":"middle","background_background":"classic","background_image":{"url":"","id":"","alt":"","source":"library"},"background_position":"top left","background_attachment":"scroll","background_repeat":"no-repeat","background_size":"cover","background_overlay_color":"#F9F9FC","background_overlay_color_b":"#E9F4FF00","background_overlay_opacity":{"unit":"px","size":0.89,"sizes":[]},"_title":"Our process","gap":"no","structure":"20","background_color":"#FEFFFD","margin":{"unit":"px","top":"0","right":0,"bottom":"0","left":0,"isLinked":false},"padding":{"unit":"px","top":"90","right":"90","bottom":"90","left":"90","isLinked":true},"content_width":{"unit":"px","size":1200,"sizes":[]},"padding_mobile":{"unit":"px","top":"35","right":"35","bottom":"35","left":"35","isLinked":true},"__globals__":{"background_color":""},"background_video_fallback":{"url":"","id":""},"background_slideshow_gallery":[],"background_hover_image":{"url":"","id":""},"background_hover_video_fallback":{"url":"","id":""},"background_hover_slideshow_gallery":[],"background_overlay_image":{"url":"","id":""},"background_overlay_video_fallback":{"url":"","id":""},"background_overlay_slideshow_gallery":[],"background_overlay_hover_image":{"url":"","id":""},"background_overlay_hover_video_fallback":{"url":"","id":""},"background_overlay_hover_slideshow_gallery":[]},"elements":[{"id":"1f42a5aa","settings":{"_column_size":50,"_inline_size":55.06,"align":"flex-start","content_position":"bottom","margin":{"unit":"px","top":"0","right":"0","bottom":"90","left":"0","isLinked":false},"_inline_size_tablet":100,"margin_tablet":{"unit":"px","top":"0","right":"0","bottom":"0","left":"0","isLinked":true},"margin_mobile":{"unit":"px","top":"0","right":"0","bottom":"0","left":"0","isLinked":true},"padding_mobile":{"unit":"px","top":"0","right":"0","bottom":"0","left":"0","isLinked":true},"background_image":{"url":"","id":""},"background_video_fallback":{"url":"","id":""},"background_slideshow_gallery":[],"background_hover_image":{"url":"","id":""},"background_hover_video_fallback":{"url":"","id":""},"background_hover_slideshow_gallery":[],"background_overlay_image":{"url":"","id":""},"background_overlay_video_fallback":{"url":"","id":""},"background_overlay_slideshow_gallery":[],"background_overlay_hover_image":{"url":"","id":""},"background_overlay_hover_video_fallback":{"url":"","id":""},"background_overlay_hover_slideshow_gallery":[]},"elements":[{"id":"7b33d9b4","settings":{"padding":{"unit":"px","top":"90","right":"90","bottom":"90","left":"0","isLinked":false},"padding_mobile":{"unit":"px","top":"0","right":"0","bottom":"0","left":"0","isLinked":true},"background_image":{"url":"","id":""},"background_video_fallback":{"url":"","id":""},"background_slideshow_gallery":[],"background_hover_image":{"url":"","id":""},"background_hover_video_fallback":{"url":"","id":""},"background_hover_slideshow_gallery":[],"background_overlay_image":{"url":"","id":""},"background_overlay_video_fallback":{"url":"","id":""},"background_overlay_slideshow_gallery":[],"background_overlay_hover_image":{"url":"","id":""},"background_overlay_hover_video_fallback":{"url":"","id":""},"background_overlay_hover_slideshow_gallery":[]},"elements":[{"id":"73f8d385","settings":{"_column_size":100,"_inline_size":null,"padding_mobile":{"unit":"px","top":"0","right":"0","bottom":"0","left":"0","isLinked":true},"background_image":{"url":"","id":""},"background_video_fallback":{"url":"","id":""},"background_slideshow_gallery":[],"background_hover_image":{"url":"","id":""},"background_hover_video_fallback":{"url":"","id":""},"background_hover_slideshow_gallery":[],"background_overlay_image":{"url":"","id":""},"background_overlay_video_fallback":{"url":"","id":""},"background_overlay_slideshow_gallery":[],"background_overlay_hover_image":{"url":"","id":""},"background_overlay_hover_video_fallback":{"url":"","id":""},"background_overlay_hover_slideshow_gallery":[]},"elements":[{"id":"3bf62d0f","settings":{"title":"Our","header_size":"span","align":"center","_element_width":"auto","_element_vertical_align":"center","_animation":"fadeInDown","_padding":{"unit":"px","top":"0","right":"25","bottom":"0","left":"0","isLinked":false},"__globals__":{"title_color":"globals\/colors?id=primary","typography_typography":"globals\/typography?id=primary"},"title_color":"#0439D9","_background_image":{"url":"","id":""},"_background_video_fallback":{"url":"","id":""},"_background_slideshow_gallery":[],"_background_hover_image":{"url":"","id":""},"_background_hover_video_fallback":{"url":"","id":""},"_background_hover_slideshow_gallery":[],"_mask_image":{"url":"","id":""}},"elements":[],"isInner":false,"widgetType":"heading","elType":"widget"},{"id":"649096c5","settings":{"title":"Process","header_size":"span","align":"center","_element_width":"auto","_animation":"fadeInDown","__globals__":{"title_color":"globals\/colors?id=accent","typography_typography":"globals\/typography?id=primary"},"title_color":"#FD830D","_background_image":{"url":"","id":""},"_background_video_fallback":{"url":"","id":""},"_background_slideshow_gallery":[],"_background_hover_image":{"url":"","id":""},"_background_hover_video_fallback":{"url":"","id":""},"_background_hover_slideshow_gallery":[],"_mask_image":{"url":"","id":""}},"elements":[],"isInner":false,"widgetType":"heading","elType":"widget"},{"id":"2dcfd456","settings":{"title":"Ferryman template kit ","align":"left","__globals__":{"typography_typography":"globals\/typography?id=secondary","title_color":"globals\/colors?id=text"},"_padding":{"unit":"px","top":"25","right":"0","bottom":"25","left":"0","isLinked":false},"link":{"url":"","is_external":"","nofollow":"","custom_attributes":"aria-label|Our process"},"_background_image":{"url":"","id":""},"_background_video_fallback":{"url":"","id":""},"_background_slideshow_gallery":[],"_background_hover_image":{"url":"","id":""},"_background_hover_video_fallback":{"url":"","id":""},"_background_hover_slideshow_gallery":[],"_mask_image":{"url":"","id":""}},"elements":[],"isInner":false,"widgetType":"heading","elType":"widget"},{"id":"52f0d3c8","settings":{"editor":"Lorem Ipsum is simply dummy text of the printing and typesetting industry. Lorem Ipsum has been the industry\u2019s standard dummy text ever since the 1500s, when an unknown printer took a galley of type and scrambled it to make a type specimen book. but also the leap into electronic typesetting, remaining essentially unchanged.","__globals__":{"typography_typography":"globals\/typography?id=text","text_color":"globals\/colors?id=text"},"_background_image":{"url":"","id":""},"_background_video_fallback":{"url":"","id":""},"_background_slideshow_gallery":[],"_background_hover_image":{"url":"","id":""},"_background_hover_video_fallback":{"url":"","id":""},"_background_hover_slideshow_gallery":[],"_mask_image":{"url":"","id":""}},"elements":[],"isInner":false,"widgetType":"text-editor","elType":"widget"}],"isInner":true,"elType":"column"}],"isInner":true,"elType":"section"},{"id":"2adb73b4","settings":{"structure":"20","margin":{"unit":"px","top":"","right":0,"bottom":"","left":0,"isLinked":true},"gap":"no","z_index":2,"margin_tablet":{"unit":"px","top":"10","right":0,"bottom":"10","left":0,"isLinked":true},"padding_tablet":{"unit":"px","top":"10","right":"0","bottom":"10","left":"0","isLinked":false},"padding_mobile":{"unit":"px","top":"0","right":"0","bottom":"0","left":"0","isLinked":true},"background_image":{"url":"","id":""},"background_video_fallback":{"url":"","id":""},"background_slideshow_gallery":[],"background_hover_image":{"url":"","id":""},"background_hover_video_fallback":{"url":"","id":""},"background_hover_slideshow_gallery":[],"background_overlay_image":{"url":"","id":""},"background_overlay_video_fallback":{"url":"","id":""},"background_overlay_slideshow_gallery":[],"background_overlay_hover_image":{"url":"","id":""},"background_overlay_hover_video_fallback":{"url":"","id":""},"background_overlay_hover_slideshow_gallery":[]},"elements":[{"id":"51a108a7","settings":{"_column_size":50,"_inline_size":null,"_inline_size_tablet":100,"background_image":{"url":"","id":""},"background_video_fallback":{"url":"","id":""},"background_slideshow_gallery":[],"background_hover_image":{"url":"","id":""},"background_hover_video_fallback":{"url":"","id":""},"background_hover_slideshow_gallery":[],"background_overlay_image":{"url":"","id":""},"background_overlay_video_fallback":{"url":"","id":""},"background_overlay_slideshow_gallery":[],"background_overlay_hover_image":{"url":"","id":""},"background_overlay_hover_video_fallback":{"url":"","id":""},"background_overlay_hover_slideshow_gallery":[]},"elements":[{"id":"5c54dbdd","settings":{"selected_icon":{"value":{"id":83,"url":"https:\/\/limitless.dev.ananass.fr\/wp-content\/uploads\/2025\/08\/calling-1-1-1.svg"},"library":"svg"},"title_text_a":"Make Appointment","description_text_a":"","background_a_background":"classic","title_text_b":"what we do","description_text_b":"Lorem Ipsum is simply dummy text of the printing and typesetting industry.","button_text":"","background_b_background":"classic","background_b_color":"#FFFFFF","border_radius":{"unit":"px","size":5,"sizes":[]},"border_a_width":{"unit":"px","top":"1","right":"1","bottom":"1","left":"1","isLinked":true},"border_a_color":"#003795","icon_size":{"unit":"px","size":80,"sizes":[]},"title_color_a":"#141414","title_color_b":"#FD830D","_margin":{"unit":"px","top":"10","right":"10","bottom":"10","left":"10","isLinked":true},"_transform_scale_popover_hover":"transform","_transform_scale_effect_hover":{"unit":"px","size":1.1,"sizes":[]},"__globals__":{"title_color_a":"globals\/colors?id=text","button_text_color":"globals\/colors?id=secondary","title_color_b":"globals\/colors?id=accent","button_background_color":"","description_color_b":"globals\/colors?id=text","title_typography_a_typography":"globals\/typography?id=accent","title_typography_b_typography":"globals\/typography?id=accent","description_typography_b_typography":"globals\/typography?id=text","background_a_color":"globals\/colors?id=040e214","icon_primary_color":"globals\/colors?id=accent","button_border_color":"globals\/colors?id=040e214","_border_hover_color":"globals\/colors?id=accent","border_b_color":"globals\/colors?id=040e214"},"flip_3d":"elementor-flip-box--3d","description_color_b":"#141414","description_typography_b_typography":"custom","description_typography_b_font_family":"Inter","description_typography_b_font_size":{"unit":"rem","size":1,"sizes":[]},"description_typography_b_font_weight":"400","_animation":"fadeInUp","_animation_delay":500,"_transform_keep_proportions":"","_transform_scale_effect":{"unit":"px","size":1.2,"sizes":[]},"_animation_mobile":"fadeInUp","vertical_position_a":"middle","height":{"unit":"vh","size":29,"sizes":[]},"height_tablet":{"unit":"vh","size":"","sizes":[]},"height_mobile":{"unit":"vh","size":"","sizes":[]},"icon_primary_color":"#FD830D","vertical_position_b":"middle","border_b_border":"solid","border_b_width":{"unit":"px","top":"1","right":"1","bottom":"1","left":"1","isLinked":true},"title_spacing_b":{"unit":"px","size":20,"sizes":[]},"_border_hover_width":{"unit":"px","top":"1","right":"1","bottom":"1","left":"1","isLinked":true},"_border_radius_hover":{"unit":"px","top":"5","right":"5","bottom":"5","left":"5","isLinked":true},"button_text_color":"#54595F","button_background_color":"#FFFFFF","button_border_color":"#FD830D","_border_hover_color":"#FD830D","flip_effect":"slide","_margin_tablet":{"unit":"px","top":"0","right":"0","bottom":"10","left":"0","isLinked":false},"_padding_tablet":{"unit":"px","top":"0","right":"0","bottom":"0","left":"0","isLinked":true},"image":{"id":105,"url":"https:\/\/limitless.dev.ananass.fr\/wp-content\/uploads\/2025\/08\/placeholder-201.png"},"background_a_image":{"url":"","id":""},"background_a_video_fallback":{"url":"","id":""},"background_a_slideshow_gallery":[],"background_b_image":{"url":"","id":""},"background_b_video_fallback":{"url":"","id":""},"background_b_slideshow_gallery":[],"button_background_video_fallback":{"url":"","id":""},"button_background_slideshow_gallery":[],"button_hover_background_video_fallback":{"url":"","id":""},"button_hover_background_slideshow_gallery":[],"_background_image":{"url":"","id":""},"_background_video_fallback":{"url":"","id":""},"_background_slideshow_gallery":[],"_background_hover_image":{"url":"","id":""},"_background_hover_video_fallback":{"url":"","id":""},"_background_hover_slideshow_gallery":[],"_mask_image":{"url":"","id":""}},"elements":[],"isInner":false,"widgetType":"flip-box","elType":"widget"}],"isInner":true,"elType":"column"},{"id":"70480ca2","settings":{"_column_size":50,"_inline_size":null,"_inline_size_tablet":100,"background_image":{"url":"","id":""},"background_video_fallback":{"url":"","id":""},"background_slideshow_gallery":[],"background_hover_image":{"url":"","id":""},"background_hover_video_fallback":{"url":"","id":""},"background_hover_slideshow_gallery":[],"background_overlay_image":{"url":"","id":""},"background_overlay_video_fallback":{"url":"","id":""},"background_overlay_slideshow_gallery":[],"background_overlay_hover_image":{"url":"","id":""},"background_overlay_hover_video_fallback":{"url":"","id":""},"background_overlay_hover_slideshow_gallery":[]},"elements":[{"id":"2fddc32a","settings":{"selected_icon":{"value":{"id":85,"url":"https:\/\/limitless.dev.ananass.fr\/wp-content\/uploads\/2025\/08\/fast-service-1-1-1.svg"},"library":"svg"},"title_text_a":"We Arrive in1 Hour","description_text_a":"","background_a_background":"classic","title_text_b":"how","description_text_b":"Lorem Ipsum is simply dummy text of the printing and typesetting industry.","button_text":"","background_b_background":"classic","background_b_color":"#FFFFFF","border_radius":{"unit":"px","size":5,"sizes":[]},"border_a_width":{"unit":"px","top":"1","right":"1","bottom":"1","left":"1","isLinked":true},"border_a_color":"#003795","icon_size":{"unit":"px","size":80,"sizes":[]},"title_color_a":"#141414","title_color_b":"#FD830D","_margin":{"unit":"px","top":"10","right":"10","bottom":"10","left":"10","isLinked":true},"_transform_scale_popover_hover":"transform","_transform_scale_effect_hover":{"unit":"px","size":1.1,"sizes":[]},"__globals__":{"title_color_a":"globals\/colors?id=text","button_text_color":"globals\/colors?id=secondary","title_color_b":"globals\/colors?id=accent","button_background_color":"","description_color_b":"globals\/colors?id=text","title_typography_a_typography":"globals\/typography?id=accent","title_typography_b_typography":"globals\/typography?id=accent","description_typography_b_typography":"globals\/typography?id=text","background_a_color":"globals\/colors?id=040e214","icon_primary_color":"globals\/colors?id=accent","button_border_color":"globals\/colors?id=accent","_border_hover_color":"globals\/colors?id=accent","border_b_color":"globals\/colors?id=040e214"},"flip_3d":"elementor-flip-box--3d","description_color_b":"#141414","description_typography_b_typography":"custom","description_typography_b_font_family":"Inter","description_typography_b_font_size":{"unit":"rem","size":1,"sizes":[]},"description_typography_b_font_weight":"400","_animation":"fadeInUp","_animation_delay":510,"_transform_keep_proportions":"","_transform_scale_effect":{"unit":"px","size":1.2,"sizes":[]},"_animation_mobile":"fadeInUp","vertical_position_a":"middle","height":{"unit":"vh","size":29,"sizes":[]},"height_tablet":{"unit":"vh","size":"","sizes":[]},"height_mobile":{"unit":"vh","size":"","sizes":[]},"icon_primary_color":"#FD830D","vertical_position_b":"middle","border_b_border":"solid","border_b_width":{"unit":"px","top":"1","right":"1","bottom":"1","left":"1","isLinked":true},"title_spacing_b":{"unit":"px","size":20,"sizes":[]},"_border_hover_width":{"unit":"px","top":"1","right":"1","bottom":"1","left":"1","isLinked":true},"_border_radius_hover":{"unit":"px","top":"5","right":"5","bottom":"5","left":"5","isLinked":true},"button_text_color":"#54595F","button_background_color":"#FFFFFF","button_border_color":"#FD830D","_border_hover_color":"#FD830D","flip_effect":"slide","_margin_tablet":{"unit":"px","top":"0","right":"0","bottom":"0","left":"0","isLinked":true},"_margin_mobile":{"unit":"px","top":"0","right":"0","bottom":"0","left":"0","isLinked":true},"_padding_mobile":{"unit":"px","top":"0","right":"0","bottom":"0","left":"0","isLinked":true},"image":{"id":106,"url":"https:\/\/limitless.dev.ananass.fr\/wp-content\/uploads\/2025\/08\/placeholder-202.png"},"background_a_image":{"url":"","id":""},"background_a_video_fallback":{"url":"","id":""},"background_a_slideshow_gallery":[],"background_b_image":{"url":"","id":""},"background_b_video_fallback":{"url":"","id":""},"background_b_slideshow_gallery":[],"button_background_video_fallback":{"url":"","id":""},"button_background_slideshow_gallery":[],"button_hover_background_video_fallback":{"url":"","id":""},"button_hover_background_slideshow_gallery":[],"_background_image":{"url":"","id":""},"_background_video_fallback":{"url":"","id":""},"_background_slideshow_gallery":[],"_background_hover_image":{"url":"","id":""},"_background_hover_video_fallback":{"url":"","id":""},"_background_hover_slideshow_gallery":[],"_mask_image":{"url":"","id":""}},"elements":[],"isInner":false,"widgetType":"flip-box","elType":"widget"}],"isInner":true,"elType":"column"}],"isInner":true,"elType":"section"}],"isInner":false,"elType":"column"},{"id":"233f0e37","settings":{"_column_size":50,"content_position":"bottom","background_background":"classic","background_image":{"id":87,"url":"https:\/\/limitless.dev.ananass.fr\/wp-content\/uploads\/2025\/08\/Ferryman_elementor_kit_plumber_ananass-11-1-1-1.jpg"},"background_position":"center center","background_repeat":"no-repeat","background_size":"cover","margin":{"unit":"px","top":"90","right":"0","bottom":"0","left":"0","isLinked":false},"border_radius":{"unit":"px","top":"10","right":"10","bottom":"10","left":"10","isLinked":true},"box_shadow_box_shadow_type":"yes","box_shadow_box_shadow":{"horizontal":0,"vertical":16.29,"blur":35,"spread":0,"color":"rgba(0, 0, 0, 0.22)"},"background_overlay_image":{"url":"","id":"","alt":"","source":"library"},"background_overlay_position":"top right","background_overlay_repeat":"no-repeat","background_overlay_size":"initial","background_overlay_bg_width":{"unit":"%","size":28,"sizes":[]},"background_overlay_opacity":{"unit":"px","size":1,"sizes":[]},"background_image_mobile":{"url":"https:\/\/vendeerland.com\/wp-content\/uploads\/2022\/11\/Ferryman_elementor_kit_plumber_ananass-10-1-1.jpg","id":41,"alt":"","source":"library"},"background_size_mobile":"initial","background_bg_width_mobile":{"unit":"px","size":1,"sizes":[]},"margin_mobile":{"unit":"px","top":"0","right":"0","bottom":"0","left":"0","isLinked":true},"_inline_size_tablet":100,"background_image_tablet":{"url":"https:\/\/vendeerland.com\/wp-content\/uploads\/2022\/11\/Ferryman_elementor_kit_plumber_ananass-10-1-1.jpg","id":41,"alt":"","source":"library"},"background_size_tablet":"initial","background_bg_width_tablet":{"unit":"px","size":1,"sizes":[]},"margin_tablet":{"unit":"px","top":"0","right":"0","bottom":"0","left":"0","isLinked":true},"background_video_fallback":{"url":"","id":""},"background_slideshow_gallery":[],"background_hover_image":{"url":"","id":""},"background_hover_video_fallback":{"url":"","id":""},"background_hover_slideshow_gallery":[],"background_overlay_video_fallback":{"url":"","id":""},"background_overlay_slideshow_gallery":[],"background_overlay_hover_image":{"url":"","id":""},"background_overlay_hover_video_fallback":{"url":"","id":""},"background_overlay_hover_slideshow_gallery":[]},"elements":[{"id":"561b6bba","settings":{"structure":"20","margin":{"unit":"px","top":"0","right":0,"bottom":"90","left":0,"isLinked":false},"gap":"no","margin_tablet":{"unit":"px","top":"0","right":0,"bottom":"0","left":0,"isLinked":true},"background_image":{"url":"","id":""},"background_video_fallback":{"url":"","id":""},"background_slideshow_gallery":[],"background_hover_image":{"url":"","id":""},"background_hover_video_fallback":{"url":"","id":""},"background_hover_slideshow_gallery":[],"background_overlay_image":{"url":"","id":""},"background_overlay_video_fallback":{"url":"","id":""},"background_overlay_slideshow_gallery":[],"background_overlay_hover_image":{"url":"","id":""},"background_overlay_hover_video_fallback":{"url":"","id":""},"background_overlay_hover_slideshow_gallery":[]},"elements":[{"id":"6838a146","settings":{"_column_size":50,"_inline_size":51.399,"_inline_size_tablet":100,"background_image":{"url":"","id":""},"background_video_fallback":{"url":"","id":""},"background_slideshow_gallery":[],"background_hover_image":{"url":"","id":""},"background_hover_video_fallback":{"url":"","id":""},"background_hover_slideshow_gallery":[],"background_overlay_image":{"url":"","id":""},"background_overlay_video_fallback":{"url":"","id":""},"background_overlay_slideshow_gallery":[],"background_overlay_hover_image":{"url":"","id":""},"background_overlay_hover_video_fallback":{"url":"","id":""},"background_overlay_hover_slideshow_gallery":[]},"elements":[{"id":"636cc79c","settings":{"selected_icon":{"value":{"id":49,"url":"https:\/\/limitless.dev.ananass.fr\/wp-content\/uploads\/2025\/08\/018-plumber-1-1-1.svg"},"library":"svg"},"title_text_a":"Solve Your Problem","description_text_a":"","background_a_background":"classic","title_text_b":"How long","description_text_b":"Lorem Ipsum is simply dummy text of the printing and typesetting industry.","button_text":"","background_b_background":"classic","background_b_color":"#FFFFFF","border_radius":{"unit":"px","size":5,"sizes":[]},"border_a_width":{"unit":"px","top":"1","right":"1","bottom":"1","left":"1","isLinked":true},"border_a_color":"#003795","icon_size":{"unit":"px","size":80,"sizes":[]},"title_color_a":"#141414","title_color_b":"#FD830D","_margin":{"unit":"px","top":"10","right":"10","bottom":"10","left":"10","isLinked":true},"_transform_scale_popover_hover":"transform","_transform_scale_effect_hover":{"unit":"px","size":1.1,"sizes":[]},"__globals__":{"title_color_a":"globals\/colors?id=text","button_text_color":"globals\/colors?id=secondary","title_color_b":"globals\/colors?id=accent","button_background_color":"","description_color_b":"globals\/colors?id=text","title_typography_a_typography":"globals\/typography?id=accent","title_typography_b_typography":"globals\/typography?id=accent","description_typography_b_typography":"globals\/typography?id=text","background_a_color":"globals\/colors?id=040e214","icon_primary_color":"globals\/colors?id=accent","button_border_color":"globals\/colors?id=040e214","_border_hover_color":"globals\/colors?id=accent","border_b_color":"globals\/colors?id=040e214"},"flip_3d":"elementor-flip-box--3d","description_color_b":"#141414","description_typography_b_typography":"custom","description_typography_b_font_family":"Inter","description_typography_b_font_size":{"unit":"rem","size":1,"sizes":[]},"description_typography_b_font_weight":"400","_animation":"fadeInUp","_animation_delay":520,"_transform_keep_proportions":"","_transform_scale_effect":{"unit":"px","size":1.2,"sizes":[]},"_animation_mobile":"fadeInUp","vertical_position_a":"middle","height":{"unit":"vh","size":29,"sizes":[]},"height_tablet":{"unit":"vh","size":29,"sizes":[]},"height_mobile":{"unit":"vh","size":"","sizes":[]},"icon_primary_color":"#FD830D","vertical_position_b":"middle","border_b_border":"solid","border_b_width":{"unit":"px","top":"1","right":"1","bottom":"1","left":"1","isLinked":true},"title_spacing_b":{"unit":"px","size":20,"sizes":[]},"_border_hover_width":{"unit":"px","top":"1","right":"1","bottom":"1","left":"1","isLinked":true},"_border_radius_hover":{"unit":"px","top":"5","right":"5","bottom":"5","left":"5","isLinked":true},"button_text_color":"#54595F","button_background_color":"#FFFFFF","button_border_color":"#FD830D","_border_hover_color":"#FD830D","flip_effect":"slide","_margin_tablet":{"unit":"px","top":"0","right":"0","bottom":"0","left":"0","isLinked":true},"_margin_mobile":{"unit":"px","top":"0","right":"0","bottom":"0","left":"0","isLinked":true},"_padding_mobile":{"unit":"px","top":"0","right":"0","bottom":"0","left":"0","isLinked":true},"image":{"id":107,"url":"https:\/\/limitless.dev.ananass.fr\/wp-content\/uploads\/2025\/08\/placeholder-203.png"},"background_a_image":{"url":"","id":""},"background_a_video_fallback":{"url":"","id":""},"background_a_slideshow_gallery":[],"background_b_image":{"url":"","id":""},"background_b_video_fallback":{"url":"","id":""},"background_b_slideshow_gallery":[],"button_background_video_fallback":{"url":"","id":""},"button_background_slideshow_gallery":[],"button_hover_background_video_fallback":{"url":"","id":""},"button_hover_background_slideshow_gallery":[],"_background_image":{"url":"","id":""},"_background_video_fallback":{"url":"","id":""},"_background_slideshow_gallery":[],"_background_hover_image":{"url":"","id":""},"_background_hover_video_fallback":{"url":"","id":""},"_background_hover_slideshow_gallery":[],"_mask_image":{"url":"","id":""}},"elements":[],"isInner":false,"widgetType":"flip-box","elType":"widget"}],"isInner":true,"elType":"column"},{"id":"2fd3f6d2","settings":{"_column_size":50,"_inline_size":48.515,"hide_tablet":"hidden-tablet","hide_mobile":"hidden-mobile","hide_desktop":"hidden-desktop","background_image":{"url":"","id":""},"background_video_fallback":{"url":"","id":""},"background_slideshow_gallery":[],"background_hover_image":{"url":"","id":""},"background_hover_video_fallback":{"url":"","id":""},"background_hover_slideshow_gallery":[],"background_overlay_image":{"url":"","id":""},"background_overlay_video_fallback":{"url":"","id":""},"background_overlay_slideshow_gallery":[],"background_overlay_hover_image":{"url":"","id":""},"background_overlay_hover_video_fallback":{"url":"","id":""},"background_overlay_hover_slideshow_gallery":[]},"elements":[],"isInner":true,"elType":"column"}],"isInner":true,"elType":"section"}],"isInner":false,"elType":"column"}],"isInner":false,"elType":"section"},{"id":"66cef808","settings":{"layout":"full_width","structure":"20","background_background":"classic","_title":"Ind\/ pro","__globals__":{"background_color":"globals\/colors?id=571c1bb"},"background_image":{"url":"","id":""},"background_video_fallback":{"url":"","id":""},"background_slideshow_gallery":[],"background_hover_image":{"url":"","id":""},"background_hover_video_fallback":{"url":"","id":""},"background_hover_slideshow_gallery":[],"background_overlay_image":{"url":"","id":""},"background_overlay_video_fallback":{"url":"","id":""},"background_overlay_slideshow_gallery":[],"background_overlay_hover_image":{"url":"","id":""},"background_overlay_hover_video_fallback":{"url":"","id":""},"background_overlay_hover_slideshow_gallery":[]},"elements":[{"id":"3b12afd9","settings":{"_column_size":50,"_inline_size":null,"align":"center","background_background":"classic","border_radius":{"unit":"px","top":"0","right":"20","bottom":"0","left":"0","isLinked":false},"__globals__":{"background_color":"globals\/colors?id=secondary"},"padding":{"unit":"px","top":"90","right":"90","bottom":"90","left":"90","isLinked":true},"_inline_size_tablet":100,"padding_mobile":{"unit":"px","top":"35","right":"35","bottom":"35","left":"35","isLinked":true},"align_mobile":"flex-start","background_image":{"url":"","id":""},"background_video_fallback":{"url":"","id":""},"background_slideshow_gallery":[],"background_hover_image":{"url":"","id":""},"background_hover_video_fallback":{"url":"","id":""},"background_hover_slideshow_gallery":[],"background_overlay_image":{"url":"","id":""},"background_overlay_video_fallback":{"url":"","id":""},"background_overlay_slideshow_gallery":[],"background_overlay_hover_image":{"url":"","id":""},"background_overlay_hover_video_fallback":{"url":"","id":""},"background_overlay_hover_slideshow_gallery":[]},"elements":[{"id":"d746d9c","settings":{"space":{"unit":"vh","size":10,"sizes":[]},"space_tablet":{"unit":"vh","size":"","sizes":[]},"space_mobile":{"unit":"vh","size":"","sizes":[]},"_background_image":{"url":"","id":""},"_background_video_fallback":{"url":"","id":""},"_background_slideshow_gallery":[],"_background_hover_image":{"url":"","id":""},"_background_hover_video_fallback":{"url":"","id":""},"_background_hover_slideshow_gallery":[],"_mask_image":{"url":"","id":""}},"elements":[],"isInner":false,"widgetType":"spacer","elType":"widget"},{"id":"3680e0d8","settings":{"title":"Individuals","header_size":"h4","align":"center","_element_width":"auto","_animation":"fadeInDown","__globals__":{"title_color":"globals\/colors?id=accent","typography_typography":"globals\/typography?id=primary"},"title_color":"#FD830D","link":{"url":"","is_external":"","nofollow":"","custom_attributes":"aria-label|Individuals"},"_background_image":{"url":"","id":""},"_background_video_fallback":{"url":"","id":""},"_background_slideshow_gallery":[],"_background_hover_image":{"url":"","id":""},"_background_hover_video_fallback":{"url":"","id":""},"_background_hover_slideshow_gallery":[],"_mask_image":{"url":"","id":""}},"elements":[],"isInner":false,"widgetType":"heading","elType":"widget"},{"id":"37f8ab64","settings":{"title":"Why should people by from you","align":"center","__globals__":{"typography_typography":"globals\/typography?id=accent","title_color":"globals\/colors?id=571c1bb"},"_padding":{"unit":"px","top":"25","right":"25","bottom":"25","left":"25","isLinked":true},"align_mobile":"left","_padding_mobile":{"unit":"px","top":"25","right":"0","bottom":"25","left":"0","isLinked":false},"header_size":"span","_background_image":{"url":"","id":""},"_background_video_fallback":{"url":"","id":""},"_background_slideshow_gallery":[],"_background_hover_image":{"url":"","id":""},"_background_hover_video_fallback":{"url":"","id":""},"_background_hover_slideshow_gallery":[],"_mask_image":{"url":"","id":""}},"elements":[],"isInner":false,"widgetType":"heading","elType":"widget"},{"id":"33c418b1","settings":{"editor":"<p>Lorem Ipsum is simply dummy text of the printing and typesetting industry. Lorem Ipsum has been the industry\u2019s standard dummy text ever since the 1500s, when an unknown printer took a galley of type and scrambled it to make a type specimen book. but also the leap into electronic typesetting, remaining essentially unchanged.<\/p>","align":"center","__globals__":{"text_color":"globals\/colors?id=571c1bb","typography_typography":"globals\/typography?id=text"},"align_mobile":"left","_background_image":{"url":"","id":""},"_background_video_fallback":{"url":"","id":""},"_background_slideshow_gallery":[],"_background_hover_image":{"url":"","id":""},"_background_hover_video_fallback":{"url":"","id":""},"_background_hover_slideshow_gallery":[],"_mask_image":{"url":"","id":""}},"elements":[],"isInner":false,"widgetType":"text-editor","elType":"widget"},{"id":"6e151b81","settings":{"text":"Ask for quotation","align":"center","size":"xl","text_padding":{"unit":"px","top":"28","right":"40","bottom":"28","left":"40","isLinked":false},"align_mobile":"justify","border_radius":{"unit":"px","top":"5","right":"5","bottom":"5","left":"5","isLinked":true},"__globals__":{"typography_typography":"globals\/typography?id=accent","hover_color":"globals\/colors?id=accent","button_background_hover_color":"globals\/colors?id=571c1bb","border_color":"globals\/colors?id=accent","background_color":"globals\/colors?id=accent","button_text_color":"globals\/colors?id=571c1bb"},"hover_animation":"float","border_width":{"unit":"px","top":"1","right":"1","bottom":"1","left":"1","isLinked":true},"button_box_shadow_box_shadow_type":"yes","button_box_shadow_box_shadow":{"horizontal":0,"vertical":16.29,"blur":35,"spread":0,"color":"rgba(0, 0, 0, 0.22)"},"_transform_keep_proportions_hover":"","_transform_scale_effect_hover":{"unit":"px","size":1.1,"sizes":[]},"_transform_scaleX_effect_hover":{"unit":"px","size":1,"sizes":[]},"_transform_scaleY_effect_hover":{"unit":"px","size":1,"sizes":[]},"motion_fx_transform_x_anchor_point":"left","motion_fx_transform_y_anchor_point":"center","link":{"url":"#","is_external":"","nofollow":"","custom_attributes":"aria-label|Ask for quotation"},"selected_icon":{"value":"","library":""},"background_video_fallback":{"url":"","id":""},"background_slideshow_gallery":[],"button_background_hover_video_fallback":{"url":"","id":""},"button_background_hover_slideshow_gallery":[],"_background_image":{"url":"","id":""},"_background_video_fallback":{"url":"","id":""},"_background_slideshow_gallery":[],"_background_hover_image":{"url":"","id":""},"_background_hover_video_fallback":{"url":"","id":""},"_background_hover_slideshow_gallery":[],"_mask_image":{"url":"","id":""}},"elements":[],"isInner":false,"widgetType":"button","elType":"widget"},{"id":"331fac57","settings":{"space":{"unit":"vh","size":10,"sizes":[]},"space_tablet":{"unit":"vh","size":"","sizes":[]},"space_mobile":{"unit":"vh","size":0,"sizes":[]},"_background_image":{"url":"","id":""},"_background_video_fallback":{"url":"","id":""},"_background_slideshow_gallery":[],"_background_hover_image":{"url":"","id":""},"_background_hover_video_fallback":{"url":"","id":""},"_background_hover_slideshow_gallery":[],"_mask_image":{"url":"","id":""}},"elements":[],"isInner":false,"widgetType":"spacer","elType":"widget"}],"isInner":false,"elType":"column"},{"id":"7f748821","settings":{"_column_size":50,"_inline_size":null,"align":"center","background_background":"classic","border_radius":{"unit":"px","top":"20","right":"0","bottom":"0","left":"20","isLinked":false},"margin":{"unit":"px","top":"50","right":"0","bottom":"-50","left":"0","isLinked":false},"__globals__":{"background_color":"globals\/colors?id=primary"},"padding":{"unit":"px","top":"90","right":"90","bottom":"90","left":"90","isLinked":true},"z_index":2,"_inline_size_tablet":100,"margin_tablet":{"unit":"px","top":"-20","right":"0","bottom":"0","left":"0","isLinked":false},"margin_mobile":{"unit":"px","top":"-20","right":"0","bottom":"0","left":"0","isLinked":false},"padding_mobile":{"unit":"px","top":"35","right":"35","bottom":"35","left":"35","isLinked":true},"align_mobile":"flex-start","background_image":{"url":"","id":""},"background_video_fallback":{"url":"","id":""},"background_slideshow_gallery":[],"background_hover_image":{"url":"","id":""},"background_hover_video_fallback":{"url":"","id":""},"background_hover_slideshow_gallery":[],"background_overlay_image":{"url":"","id":""},"background_overlay_video_fallback":{"url":"","id":""},"background_overlay_slideshow_gallery":[],"background_overlay_hover_image":{"url":"","id":""},"background_overlay_hover_video_fallback":{"url":"","id":""},"background_overlay_hover_slideshow_gallery":[]},"elements":[{"id":"216ad2bf","settings":{"space":{"unit":"vh","size":10,"sizes":[]},"space_tablet":{"unit":"vh","size":"","sizes":[]},"space_mobile":{"unit":"vh","size":0,"sizes":[]},"_background_image":{"url":"","id":""},"_background_video_fallback":{"url":"","id":""},"_background_slideshow_gallery":[],"_background_hover_image":{"url":"","id":""},"_background_hover_video_fallback":{"url":"","id":""},"_background_hover_slideshow_gallery":[],"_mask_image":{"url":"","id":""}},"elements":[],"isInner":false,"widgetType":"spacer","elType":"widget"},{"id":"543b1e6f","settings":{"title":"Professionals","header_size":"h4","align":"center","_element_width":"auto","_animation":"fadeInDown","__globals__":{"title_color":"globals\/colors?id=accent","typography_typography":"globals\/typography?id=primary"},"title_color":"#FBA611","link":{"url":"","is_external":"","nofollow":"","custom_attributes":"aria-label|Professionals"},"_background_image":{"url":"","id":""},"_background_video_fallback":{"url":"","id":""},"_background_slideshow_gallery":[],"_background_hover_image":{"url":"","id":""},"_background_hover_video_fallback":{"url":"","id":""},"_background_hover_slideshow_gallery":[],"_mask_image":{"url":"","id":""}},"elements":[],"isInner":false,"widgetType":"heading","elType":"widget"},{"id":"1c0ac1a","settings":{"title":"Why should people by from you","align":"center","__globals__":{"typography_typography":"globals\/typography?id=accent","title_color":"globals\/colors?id=571c1bb"},"_padding":{"unit":"px","top":"25","right":"25","bottom":"25","left":"25","isLinked":true},"align_mobile":"left","_padding_mobile":{"unit":"px","top":"25","right":"0","bottom":"25","left":"0","isLinked":false},"header_size":"span","_background_image":{"url":"","id":""},"_background_video_fallback":{"url":"","id":""},"_background_slideshow_gallery":[],"_background_hover_image":{"url":"","id":""},"_background_hover_video_fallback":{"url":"","id":""},"_background_hover_slideshow_gallery":[],"_mask_image":{"url":"","id":""}},"elements":[],"isInner":false,"widgetType":"heading","elType":"widget"},{"id":"71637db6","settings":{"editor":"<p>Lorem Ipsum is simply dummy text of the printing and typesetting industry. Lorem Ipsum has been the industry\u2019s standard dummy text ever since the 1500s, when an unknown printer took a galley of type and scrambled it to make a type specimen book. but also the leap into electronic typesetting, remaining essentially unchanged.<\/p>","align":"center","__globals__":{"text_color":"globals\/colors?id=571c1bb","typography_typography":"globals\/typography?id=text"},"align_mobile":"left","_background_image":{"url":"","id":""},"_background_video_fallback":{"url":"","id":""},"_background_slideshow_gallery":[],"_background_hover_image":{"url":"","id":""},"_background_hover_video_fallback":{"url":"","id":""},"_background_hover_slideshow_gallery":[],"_mask_image":{"url":"","id":""}},"elements":[],"isInner":false,"widgetType":"text-editor","elType":"widget"},{"id":"27b2d60e","settings":{"text":"Ask for quotation","align":"center","size":"xl","text_padding":{"unit":"px","top":"28","right":"40","bottom":"28","left":"40","isLinked":false},"align_mobile":"justify","border_radius":{"unit":"px","top":"5","right":"5","bottom":"5","left":"5","isLinked":true},"__globals__":{"typography_typography":"globals\/typography?id=accent","hover_color":"globals\/colors?id=accent","button_background_hover_color":"globals\/colors?id=571c1bb","border_color":"globals\/colors?id=accent","background_color":"globals\/colors?id=accent"},"hover_animation":"float","border_width":{"unit":"px","top":"1","right":"1","bottom":"1","left":"1","isLinked":true},"button_box_shadow_box_shadow_type":"yes","button_box_shadow_box_shadow":{"horizontal":0,"vertical":16.29,"blur":35,"spread":0,"color":"rgba(0, 0, 0, 0.22)"},"_transform_keep_proportions_hover":"","_transform_scale_effect_hover":{"unit":"px","size":1.1,"sizes":[]},"_transform_scaleX_effect_hover":{"unit":"px","size":1,"sizes":[]},"_transform_scaleY_effect_hover":{"unit":"px","size":1,"sizes":[]},"motion_fx_transform_x_anchor_point":"left","motion_fx_transform_y_anchor_point":"center","link":{"url":"#","is_external":"","nofollow":"","custom_attributes":"aria-label|Ask for quotation"},"selected_icon":{"value":"","library":""},"background_video_fallback":{"url":"","id":""},"background_slideshow_gallery":[],"button_background_hover_video_fallback":{"url":"","id":""},"button_background_hover_slideshow_gallery":[],"_background_image":{"url":"","id":""},"_background_video_fallback":{"url":"","id":""},"_background_slideshow_gallery":[],"_background_hover_image":{"url":"","id":""},"_background_hover_video_fallback":{"url":"","id":""},"_background_hover_slideshow_gallery":[],"_mask_image":{"url":"","id":""}},"elements":[],"isInner":false,"widgetType":"button","elType":"widget"},{"id":"64223a43","settings":{"space":{"unit":"vh","size":10,"sizes":[]},"space_tablet":{"unit":"vh","size":"","sizes":[]},"space_mobile":{"unit":"vh","size":0,"sizes":[]},"_background_image":{"url":"","id":""},"_background_video_fallback":{"url":"","id":""},"_background_slideshow_gallery":[],"_background_hover_image":{"url":"","id":""},"_background_hover_video_fallback":{"url":"","id":""},"_background_hover_slideshow_gallery":[],"_mask_image":{"url":"","id":""}},"elements":[],"isInner":false,"widgetType":"spacer","elType":"widget"}],"isInner":false,"elType":"column"}],"isInner":false,"elType":"section"}],"settings":{"template":"elementor_header_footer","background_image":{"url":"","id":""},"background_video_fallback":{"url":"","id":""},"background_slideshow_gallery":[]},"metadata":[]}