{"content":[{"id":"abe401a","settings":{"flex_direction":"row","content_width":"full","flex_justify_content":"space-between","flex_align_items":"center","background_background":"classic","padding":{"unit":"%","top":"0","right":"5","bottom":"0","left":"5","isLinked":false},"padding_tablet":{"unit":"%","top":"","right":"","bottom":"","left":"","isLinked":true},"padding_mobile":{"unit":"%","top":"","right":"","bottom":"","left":"","isLinked":true},"min_height":{"unit":"vh","size":9,"sizes":[]},"min_height_tablet":{"unit":"vh","size":"","sizes":[]},"min_height_mobile":{"unit":"vh","size":9,"sizes":[]},"__globals__":{"background_color":"globals\/colors?id=primary","border_color":""},"border_border":"solid","border_width":{"unit":"px","top":"0","right":"0","bottom":"0","left":"0","isLinked":false},"background_color":"#5C4CFC","border_color":"#6A5BFF","sticky":"top"},"elements":[{"id":"78803d75","settings":{"__dynamic__":{"image":"[elementor-tag id=\"\" name=\"site-logo\" settings=\"%7B%7D\"]"},"align":"left","width":{"unit":"%","size":100,"sizes":[]},"_element_width":"initial","_element_custom_width":{"unit":"%","size":6,"sizes":[]},"_flex_align_self":"center","_element_custom_width_mobile":{"unit":"%","size":20,"sizes":[]}},"elements":[],"isInner":false,"widgetType":"theme-site-logo","elType":"widget"},{"id":"32b39e8a","settings":{"menu_name":"Menu","menu":"main-menu-duplicate","pointer":"none","dropdown":"mobile","__globals__":{"color_menu_item":"globals\/colors?id=text","color_menu_item_hover":"globals\/colors?id=accent","color_menu_item_active":"globals\/colors?id=accent","toggle_color":"globals\/colors?id=text","toggle_background_color":"","color_dropdown_item":"globals\/colors?id=text","background_color_dropdown_item":"globals\/colors?id=primary"},"align_items":"center","padding_horizontal_menu_item_mobile":{"unit":"px","size":0,"sizes":[]},"padding_vertical_menu_item_mobile":{"unit":"px","size":0,"sizes":[]},"menu_space_between_mobile":{"unit":"px","size":0,"sizes":[]},"padding_horizontal_dropdown_item_mobile":{"unit":"px","size":0,"sizes":[]},"padding_vertical_dropdown_item_mobile":{"unit":"px","size":0,"sizes":[]},"dropdown_top_distance_mobile":{"unit":"px","size":0,"sizes":[]},"toggle_size_mobile":{"unit":"px","size":32,"sizes":[]},"_margin_mobile":{"unit":"px","top":"0","right":"0","bottom":"0","left":"0","isLinked":true},"_padding_mobile":{"unit":"%","top":"5","right":"0","bottom":"0","left":"0","isLinked":false},"_element_width_mobile":"initial","_element_custom_width_mobile":{"unit":"%","size":25,"sizes":[]},"color_menu_item":"#0f172a","color_menu_item_active":"#FF7F00","toggle_color":"#0f172a","full_width":"stretch","menu_typography_typography":"custom","menu_typography_font_family":"Roboto","menu_typography_font_weight":"600","color_menu_item_hover":"#22d3ee","color_dropdown_item":"#0f172a","background_color_dropdown_item":"#0ea5e9","menu_id":6},"elements":[],"isInner":false,"widgetType":"nav-menu","elType":"widget"},{"id":"ac8428b","settings":{"text":"Get now","border_radius":{"unit":"px","top":"8","right":"8","bottom":"8","left":"8","isLinked":true},"typography_typography":"custom","typography_font_family":"Roboto","typography_font_weight":"500","typography_text_transform":"uppercase","text_padding":{"unit":"px","top":"15","right":"15","bottom":"15","left":"15","isLinked":true},"__globals__":{"background_color":"globals\/colors?id=secondary","button_text_color":"globals\/colors?id=text","button_background_hover_color":"globals\/colors?id=accent"},"_offset_orientation_h":"end","_offset_orientation_v":"end","hide_mobile":"hidden-mobile"},"elements":[],"isInner":false,"widgetType":"button","elType":"widget"}],"isInner":false,"elType":"container"}],"settings":[],"metadata":[]}