{"content":[],"settings":{"template":"default","system_colors":[{"_id":"primary","title":"Primary","color":"#FF5D00"},{"_id":"secondary","title":"Secondary","color":"#D9CDBF"},{"_id":"text","title":"Text","color":"#292929"},{"_id":"accent","title":"Accent","color":"#F15302"}],"custom_colors":[{"_id":"9b0591c","title":"bg grad-1","color":"#262626"},{"_id":"a2fb886","title":"bg dark ","color":"#FFFFFF"}],"system_typography":[{"_id":"primary","title":"Primary","typography_typography":"custom","typography_font_family":"Montserrat","typography_font_weight":"400","typography_font_size":{"unit":"rem","size":1.5,"sizes":[]}},{"_id":"secondary","title":"Secondary","typography_typography":"custom","typography_font_family":"Montserrat","typography_font_weight":"800","typography_font_size":{"unit":"rem","size":1.5,"sizes":[]}},{"_id":"text","title":"Text","typography_typography":"custom","typography_font_family":"Montserrat","typography_font_weight":"400","typography_font_size":{"unit":"rem","size":1.125,"sizes":[]}},{"_id":"accent","title":"Accent","typography_typography":"custom","typography_font_family":"Montserrat","typography_font_weight":"600","typography_font_size":{"unit":"rem","size":1.125,"sizes":[]}}],"custom_typography":[{"_id":"2027e96","title":"Section title","typography_typography":"custom","typography_font_family":"Josefin Sans","typography_font_size":{"unit":"rem","size":3,"sizes":[]},"typography_font_size_tablet":{"unit":"em","size":2.5,"sizes":[]}},{"_id":"6be452f","title":"Navbar","typography_typography":"custom","typography_font_family":"Josefin Sans","typography_font_size":{"unit":"rem","size":1.125,"sizes":[]},"typography_font_weight":"600","typography_text_transform":"uppercase"}],"default_generic_fonts":"Sans-serif","page_title_selector":"h1.entry-title","hello_footer_copyright_text":"All rights reserved","activeItemIndex":1,"viewport_md":768,"viewport_lg":1025,"active_breakpoints":["viewport_mobile","viewport_mobile_extra","viewport_tablet","viewport_tablet_extra","viewport_laptop","viewport_widescreen"],"colors_enable_styleguide_preview":"yes"},"metadata":[]}