{"content":[{"id":"1c3eea5d","settings":{"content_width":"full","min_height":{"unit":"vh","size":60,"sizes":[]},"min_height_tablet":{"unit":"vh","size":"","sizes":[]},"min_height_mobile":{"unit":"vh","size":"","sizes":[]},"flex_direction":"column","flex_justify_content":"center","flex_align_items":"center","background_background":"classic","padding":{"unit":"%","top":"0","right":"0","bottom":"0","left":"0","isLinked":true},"padding_tablet":{"unit":"%","top":"5","right":"5","bottom":"5","left":"5","isLinked":true},"padding_mobile":{"unit":"%","top":"5","right":"5","bottom":"5","left":"5","isLinked":false},"__globals__":{"background_color":"globals\/colors?id=9b0591c","background_overlay_color":"","background_overlay_color_b":"globals\/colors?id=primary","background_color_b":"globals\/colors?id=a2fb886","shape_divider_bottom_color":"globals\/colors?id=a2fb886"},"background_image":{"id":43,"url":"https:\/\/limitless.dev.ananass.fr\/wp-content\/uploads\/2025\/08\/pexels-pavel-danilyuk-7590980-18.jpg"},"background_position":"top center","background_repeat":"no-repeat","background_overlay_gradient_position":"bottom right","background_overlay_opacity":{"unit":"px","size":1,"sizes":[]},"background_size":"cover","background_image_tablet":{"url":"https:\/\/limitless.dev.ananass.fr\/wp-content\/uploads\/2023\/05\/pexels-pavel-danilyuk-7591312.jpg","id":1837,"size":"","alt":"","source":"library"},"background_overlay_color_b":"#FF5D00","_title":"Hero","background_color":"#262626","background_color_b":"#FFFFFF","background_slideshow_gallery":[{"id":41,"url":"https:\/\/limitless.dev.ananass.fr\/wp-content\/uploads\/2025\/08\/pexels-pavel-danilyuk-7590913-20.jpg"},{"id":42,"url":"https:\/\/limitless.dev.ananass.fr\/wp-content\/uploads\/2025\/08\/pexels-pavel-danilyuk-7590984-19.jpg"},{"id":43,"url":"https:\/\/limitless.dev.ananass.fr\/wp-content\/uploads\/2025\/08\/pexels-pavel-danilyuk-7590980-18.jpg"}],"background_overlay_image":{"url":"","id":"","size":"","alt":"","source":"library"},"background_overlay_repeat":"no-repeat","background_overlay_size":"contain","shape_divider_bottom_color":"#FFFFFF","shape_divider_bottom_height":{"unit":"px","size":95,"sizes":[]},"background_video_link":"https:\/\/youtu.be\/oVajOHQ-mwQ","background_slideshow_ken_burns":"yes","background_overlay_background":"gradient","flex_gap":{"unit":"px","size":0,"sizes":[],"column":"0","row":"0","isLinked":true},"background_bg_width":{"unit":"%","size":42,"sizes":[]},"background_image_mobile":{"url":"https:\/\/limitless.dev.ananass.fr\/wp-content\/uploads\/2023\/05\/pexels-pavel-danilyuk-7590913.jpg","id":1854,"size":"","alt":"","source":"library"},"background_size_mobile":"cover","background_slideshow_background_size":"cover","background_slideshow_background_position":"center center","background_overlay_position":"center center","css_classes":"content-scroll","background_overlay_color":"#26262652","background_overlay_color_stop":{"unit":"%","size":86,"sizes":[]},"background_overlay_color_b_stop":{"unit":"%","size":30,"sizes":[]},"background_overlay_gradient_angle":{"unit":"deg","size":190,"sizes":[]},"shape_divider_bottom":"pyramids","shape_divider_bottom_width":{"unit":"%","size":134,"sizes":[]}},"elements":[{"id":"f2277c0","settings":{"flex_direction":"row","flex_gap":{"unit":"px","size":0,"column":"0","row":"0","isLinked":true},"content_width":"full","min_height":{"unit":"vh","size":"","sizes":[]},"min_height_tablet":{"unit":"vh","size":"","sizes":[]},"min_height_mobile":{"unit":"vh","size":0,"sizes":[]},"padding":{"unit":"%","top":"5","right":"5","bottom":"5","left":"5","isLinked":false},"padding_tablet":{"unit":"%","top":"5","right":"5","bottom":"5","left":"5","isLinked":true},"padding_mobile":{"unit":"%","top":"","right":"","bottom":"","left":"","isLinked":true},"background_image":{"url":"","id":"","size":"","alt":"","source":"library"},"background_position":"center center","background_repeat":"no-repeat","background_size":"contain","background_overlay_color_b":"#FFFFFF00","background_overlay_color_b_stop":{"unit":"%","size":53,"sizes":[]},"background_overlay_gradient_type":"radial","background_overlay_opacity":{"unit":"px","size":1,"sizes":[]},"__globals__":{"background_overlay_color":"","background_overlay_color_b":""},"background_motion_fx_scale_direction":"in-out","background_overlay_image":{"url":"","id":"","size":"","alt":"","source":"library"},"background_overlay_position":"center center","background_overlay_repeat":"no-repeat","background_overlay_size":"contain","background_slideshow_background_size":"contain","background_slideshow_background_position":"center center","overlay_blend_mode":"multiply","animation_duration":"fast","flex_direction_tablet":"column","background_image_tablet":{"url":"https:\/\/limitless.dev.ananass.fr\/wp-content\/uploads\/2023\/03\/step-wordpress-theme-by-ananass-12-min.png","id":586,"size":"","alt":"","source":"library"},"background_image_mobile":{"url":"https:\/\/limitless.dev.ananass.fr\/wp-content\/uploads\/2023\/03\/step-wordpress-theme-by-ananass-11-min.png","id":585,"size":"","alt":"","source":"library"},"background_slideshow_gallery":[{"id":38,"url":"https:\/\/limitless.dev.ananass.fr\/wp-content\/uploads\/2025\/08\/sportsman-sitting-climbing-18.png"},{"id":39,"url":"https:\/\/limitless.dev.ananass.fr\/wp-content\/uploads\/2025\/08\/stretching-floor-18.png"}],"background_slideshow_ken_burns":"yes","flex_align_items":"center","flex_justify_content":"center"},"elements":[{"id":"3a10d8e5","settings":{"flex_direction":"column","content_width":"full","width":{"unit":"%","size":50},"padding":{"unit":"%","top":"1","right":"5","bottom":"1","left":"5","isLinked":false},"padding_tablet":{"unit":"%","top":"","right":"","bottom":"","left":"","isLinked":true},"padding_mobile":{"unit":"%","top":"","right":"","bottom":"","left":"","isLinked":true},"flex_justify_content":"flex-end","width_tablet":{"unit":"%","size":100,"sizes":[]},"width_mobile":{"unit":"%","size":"","sizes":[]},"min_height":{"unit":"vh","size":"","sizes":[]},"min_height_tablet":{"unit":"vh","size":"","sizes":[]},"min_height_mobile":{"unit":"vh","size":"","sizes":[]},"__globals__":{"background_color":"globals\/colors?id=secondary"},"border_radius":{"unit":"px","top":"10","right":"10","bottom":"10","left":"10","isLinked":true},"_flex_size":"none","_element_width":"initial"},"elements":[{"id":"1df294b7","settings":{"title":"Who we are","header_size":"span","__globals__":{"typography_typography":"","title_color":"globals\/colors?id=primary"},"typography_typography":"custom","typography_font_family":"Montserrat","typography_font_size":{"unit":"rem","size":1.5,"sizes":[]},"typography_font_weight":"800","typography_text_transform":"uppercase","align":"center"},"elements":[],"isInner":false,"widgetType":"heading","elType":"widget"},{"id":"273973ba","settings":{"title":"Title","typography_typography":"custom","typography_font_family":"Josefin Sans","typography_font_weight":"bold","__globals__":{"title_color":"globals\/colors?id=a2fb886","typography_typography":""},"typography_font_size":{"unit":"rem","size":3.2,"sizes":[]},"typography_text_transform":"uppercase","typography_font_size_mobile":{"unit":"rem","size":1.4,"sizes":[]},"header_size":"span","typography_font_style":"italic","align":"center","text_shadow_text_shadow_type":"yes","__dynamic__":{"title":"[elementor-tag id=\"011d4a8\" name=\"page-title\" settings=\"%7B%22include_context%22%3A%22%22%2C%22show_home_title%22%3A%22%22%2C%22before%22%3A%22%22%2C%22after%22%3A%22%22%2C%22fallback%22%3A%22%22%7D\"]"}},"elements":[],"isInner":false,"widgetType":"heading","elType":"widget"},{"id":"aaaf93c","settings":{"title":"Welcome to High Point\n","__globals__":{"typography_typography":"globals\/typography?id=accent","title_color":"globals\/colors?id=a2fb886"},"title_color":"#00327F","text_shadow_text_shadow_type":"yes","header_size":"h1","align":"center"},"elements":[],"isInner":false,"widgetType":"heading","elType":"widget"},{"id":"1949b468","settings":{"__globals__":{"text_color":"globals\/colors?id=a2fb886","typography_typography":"globals\/typography?id=text"},"editor":"At High Point, we're passionate about climbing. Our facility is more than just a gym \u2013 it's a community of climbers united by their love for the sport.","_element_width":"initial","_element_custom_width":{"unit":"%","size":""},"_flex_size":"none","text_color":"#1E1E1E","text_shadow_text_shadow_type":"yes","align":"center"},"elements":[],"isInner":false,"widgetType":"text-editor","elType":"widget"}],"isInner":true,"elType":"container"}],"isInner":true,"elType":"container"}],"isInner":false,"elType":"container"},{"id":"1b3b1c16","settings":{"content_width":"full","min_height":{"unit":"vh","size":"","sizes":[]},"min_height_tablet":{"unit":"vh","size":"","sizes":[]},"min_height_mobile":{"unit":"vh","size":"","sizes":[]},"flex_direction":"column","flex_justify_content":"center","flex_align_items":"center","background_background":"classic","padding":{"unit":"%","top":"1","right":"5","bottom":"0","left":"5","isLinked":false},"padding_tablet":{"unit":"%","top":"","right":"","bottom":"","left":"","isLinked":true},"padding_mobile":{"unit":"%","top":"","right":"","bottom":"","left":"","isLinked":true},"__globals__":{"background_color":"globals\/colors?id=a2fb886","shape_divider_top_color":"","background_overlay_color":"globals\/colors?id=a2fb886","background_overlay_color_b":"globals\/colors?id=primary","background_color_b":"globals\/colors?id=secondary","shape_divider_bottom_color":"globals\/colors?id=primary"},"background_image":{"url":"","id":"","size":"","alt":"","source":"library"},"background_position":"bottom left","background_repeat":"no-repeat","background_color":"#FFFFFF","background_overlay_background":"gradient","background_overlay_color_b":"#FF5D00","background_overlay_gradient_position":"bottom left","background_overlay_opacity":{"unit":"px","size":1,"sizes":[]},"background_color_b":"#D9CDBF","background_size":"initial","background_bg_width":{"unit":"%","size":79,"sizes":[]},"background_overlay_color_stop":{"unit":"%","size":72,"sizes":[]},"background_overlay_gradient_angle":{"unit":"deg","size":185,"sizes":[]},"shape_divider_bottom":"pyramids","shape_divider_bottom_color":"#FF5D00","shape_divider_bottom_width":{"unit":"%","size":141,"sizes":[]},"shape_divider_bottom_height":{"unit":"px","size":194,"sizes":[]},"shape_divider_bottom_flip":"yes"},"elements":[{"id":"7cb2c92d","settings":{"flex_direction":"row","flex_gap":{"unit":"px","size":0,"column":"0","row":"0","isLinked":true},"content_width":"full","min_height":{"unit":"vh","size":72,"sizes":[]},"min_height_tablet":{"unit":"vh","size":"","sizes":[]},"min_height_mobile":{"unit":"vh","size":"","sizes":[]},"padding":{"unit":"%","top":"5","right":"5","bottom":"5","left":"5","isLinked":false},"padding_tablet":{"unit":"%","top":"","right":"","bottom":"","left":"","isLinked":true},"padding_mobile":{"unit":"%","top":"","right":"","bottom":"","left":"","isLinked":true},"flex_direction_tablet":"column"},"elements":[{"id":"5b1d4fa7","settings":{"flex_direction":"column","content_width":"full","width":{"unit":"%","size":"50"},"background_background":"classic","background_image":{"id":40,"url":"https:\/\/limitless.dev.ananass.fr\/wp-content\/uploads\/2025\/08\/pexels-pavel-danilyuk-7591312-18.jpg"},"background_position":"center center","background_repeat":"no-repeat","background_size":"cover","padding":{"unit":"%","top":"5","right":"5","bottom":"5","left":"5","isLinked":false},"padding_tablet":{"unit":"%","top":"","right":"","bottom":"","left":"","isLinked":true},"padding_mobile":{"unit":"%","top":"","right":"","bottom":"","left":"","isLinked":true},"flex_justify_content":"flex-end","width_tablet":{"unit":"%","size":100,"sizes":[]},"width_mobile":{"unit":"%","size":"","sizes":[]},"flex_align_items":"center","background_overlay_image":{"url":"","id":"","size":"","alt":"","source":"library"},"background_overlay_position":"initial","background_overlay_xpos":{"unit":"px","size":248,"sizes":[]},"background_overlay_ypos":{"unit":"px","size":218,"sizes":[]},"background_overlay_repeat":"no-repeat","background_overlay_size":"initial","background_overlay_bg_width":{"unit":"%","size":46,"sizes":[]},"background_overlay_opacity":{"unit":"px","size":1,"sizes":[]},"animation":"fadeIn","animation_delay":300,"border_border":"none","__globals__":{"border_color":"globals\/colors?id=secondary","background_overlay_color":"","background_overlay_color_b":"globals\/colors?id=text","shape_divider_bottom_color":"globals\/colors?id=primary","shape_divider_top_color":"globals\/colors?id=a2fb886"},"min_height_tablet":{"unit":"vh","size":50,"sizes":[]},"min_height_mobile":{"unit":"vh","size":40,"sizes":[]},"background_image_tablet":{"url":"https:\/\/limitless.dev.ananass.fr\/wp-content\/uploads\/2023\/05\/pexels-pavel-danilyuk-7591312.jpg","id":1837,"size":"","alt":"","source":"library"},"background_overlay_color":"#29292900","background_overlay_color_b":"#292929","background_overlay_gradient_angle":{"unit":"deg","size":-90,"sizes":[]},"border_color":"#D9CDBF","box_shadow_box_shadow_type":"yes","box_shadow_box_shadow":{"horizontal":0,"vertical":-40,"blur":40,"spread":0,"color":"rgba(0, 0, 0, 0.24)"},"margin":{"unit":"%","top":"0","right":"0","bottom":"0","left":"0","isLinked":false},"margin_tablet":{"unit":"%","top":"","right":"","bottom":"","left":"","isLinked":true},"margin_mobile":{"unit":"%","top":"","right":"","bottom":"","left":"","isLinked":true},"border_width":{"unit":"px","top":"1","right":"1","bottom":"1","left":"1","isLinked":true},"border_radius":{"unit":"px","top":"10","right":"10","bottom":"10","left":"10","isLinked":true},"min_height":{"unit":"vh","size":72,"sizes":[]},"shape_divider_top_color":"#FFFFFF","shape_divider_top_negative":"yes","shape_divider_bottom":"pyramids","shape_divider_bottom_width":{"unit":"%","size":131,"sizes":[]},"shape_divider_bottom_height":{"unit":"px","size":80,"sizes":[]}},"elements":[{"id":"1b0aa13d","settings":{"title":"Expertise\n\n\n\n\n\n","typography_typography":"custom","typography_font_family":"Josefin Sans","typography_font_weight":"900","__globals__":{"title_color":"globals\/colors?id=primary","typography_typography":""},"typography_font_size":{"unit":"rem","size":6,"sizes":[]},"typography_text_transform":"uppercase","typography_font_size_mobile":{"unit":"rem","size":4.5,"sizes":[]},"header_size":"span","_padding":{"unit":"px","top":"0","right":"0","bottom":"0","left":"0","isLinked":false},"_position":"absolute","_offset_x":{"size":-275,"unit":"px"},"_offset_y":{"size":261,"unit":"px"},"_animation":"fadeInLeft","_transform_rotate_popover":"transform","_transform_rotateZ_effect":{"unit":"px","size":-90,"sizes":[]},"align":"left","typography_line_height":{"unit":"em","size":"","sizes":[]},"typography_word_spacing":{"unit":"em","size":"","sizes":[]},"text_shadow_text_shadow_type":"yes","text_shadow_text_shadow":{"horizontal":0,"vertical":0,"blur":40,"color":"rgba(255, 93.00000000000001, 0, 0.21176470588235294)"},"_margin":{"unit":"px","top":"0","right":"0","bottom":"0","left":"0","isLinked":false},"_z_index":2,"_animation_delay":650,"typography_font_size_tablet":{"unit":"rem","size":4.2,"sizes":[]},"_offset_x_tablet":{"unit":"px","size":-194,"sizes":[]},"_offset_y_tablet":{"unit":"px","size":169,"sizes":[]},"_offset_x_mobile":{"size":-159,"unit":"px"},"_offset_y_mobile":{"size":52,"unit":"px"}},"elements":[],"isInner":false,"widgetType":"heading","elType":"widget"}],"isInner":true,"elType":"container"},{"id":"2b3c2310","settings":{"flex_direction":"column","content_width":"full","width":{"unit":"%","size":"50"},"padding":{"unit":"%","top":"5","right":"5","bottom":"5","left":"5","isLinked":true},"padding_tablet":{"unit":"%","top":"5","right":"5","bottom":"15","left":"5","isLinked":false},"padding_mobile":{"unit":"%","top":"","right":"","bottom":"","left":"","isLinked":true},"flex_justify_content":"center","flex_align_items":"flex-start","width_tablet":{"unit":"%","size":100,"sizes":[]},"width_mobile":{"unit":"%","size":"","sizes":[]},"animation":"fadeInUp"},"elements":[{"id":"652d1b7f","settings":{"icon_list":[{"text":"Discover","_id":"742592c","selected_icon":{"value":"fas fa-circle","library":"fa-solid"}}],"__globals__":{"text_color":"globals\/colors?id=primary","icon_color":"globals\/colors?id=accent","icon_typography_typography":"globals\/typography?id=6be452f"},"view":"inline","link_click":"inline"},"elements":[],"isInner":false,"widgetType":"icon-list","elType":"widget"},{"id":"346364a7","settings":{"title":"Our Mission","typography_typography":"custom","typography_font_family":"Josefin Sans","typography_font_weight":"bold","__globals__":{"title_color":"globals\/colors?id=9b0591c","typography_typography":""},"typography_font_size":{"unit":"rem","size":3.2,"sizes":[]},"typography_text_transform":"uppercase","typography_font_size_mobile":{"unit":"rem","size":1.5,"sizes":[]},"header_size":"h3"},"elements":[],"isInner":false,"widgetType":"heading","elType":"widget"},{"id":"7d69801d","settings":{"title":"Scaling New Heights Safely","header_size":"h4","__globals__":{"typography_typography":"globals\/typography?id=accent","title_color":"globals\/colors?id=9b0591c"},"title_color":"#00327F"},"elements":[],"isInner":false,"widgetType":"heading","elType":"widget"},{"id":"56824410","settings":{"__globals__":{"text_color":"globals\/colors?id=9b0591c"},"editor":"Our mission is to provide a safe, supportive, and inspiring environment where climbers of all levels can challenge themselves and grow."},"elements":[],"isInner":false,"widgetType":"text-editor","elType":"widget"},{"id":"4936276e","settings":{"icon_list":[{"text":"State-of-the-art climbing walls","_id":"742592c"},{"text":"Certified instructors","_id":"eb9bef1"},{"text":"Innovative training programs","_id":"7bb36f0"},{"text":"Social events and competitions","_id":"4126489"},{"text":"Outdoor excursions","_id":"d12b1db"}],"__globals__":{"text_color":"globals\/colors?id=9b0591c","icon_color":"globals\/colors?id=accent","icon_typography_typography":"globals\/typography?id=text"},"link_click":"inline","icon_size":{"unit":"px","size":9,"sizes":[]},"icon_self_align":"left","icon_self_vertical_align":"center"},"elements":[],"isInner":false,"widgetType":"icon-list","elType":"widget"},{"id":"54dfd70c","settings":{"text":"Join us today","size":"xl","border_radius":{"unit":"px","top":"50","right":"50","bottom":"50","left":"50","isLinked":true},"__globals__":{"background_color":"","button_text_color":"globals\/colors?id=a2fb886","border_color":"globals\/colors?id=primary","hover_color":"globals\/colors?id=primary","button_background_hover_color":"globals\/colors?id=9b0591c"},"button_box_shadow_box_shadow":{"horizontal":0,"vertical":0,"blur":24,"spread":0,"color":"rgba(255, 8.999999999999996, 8.999999999999996, 0.66)"},"typography_typography":"custom","typography_font_family":"Josefin Sans","typography_font_size":{"unit":"rem","size":1.125,"sizes":[]},"typography_font_weight":"600","typography_text_transform":"uppercase","hover_animation":"bob","border_border":"solid","button_box_shadow_box_shadow_type":"yes","align":"left","_flex_align_self":"flex-start","border_width":{"unit":"px","top":"1","right":"1","bottom":"1","left":"1","isLinked":true}},"elements":[],"isInner":false,"widgetType":"button","elType":"widget"}],"isInner":true,"elType":"container"}],"isInner":true,"elType":"container"}],"isInner":false,"elType":"container"},{"id":"30ce1495","settings":{"flex_direction":"column","min_height":{"unit":"vh","size":"","sizes":[]},"min_height_tablet":{"unit":"vh","size":"","sizes":[]},"min_height_mobile":{"unit":"vh","size":"","sizes":[]},"flex_justify_content":"center","flex_align_items":"center","background_image":{"url":"","id":"","size":"","alt":"","source":"library"},"background_position":"top center","background_xpos":{"unit":"px","size":-306,"sizes":[]},"background_ypos":{"unit":"px","size":-41,"sizes":[]},"background_repeat":"no-repeat","background_size":"cover","background_overlay_opacity":{"unit":"px","size":0.9,"sizes":[]},"padding":{"unit":"%","top":"5","right":"5","bottom":"0","left":"5","isLinked":false},"padding_tablet":{"unit":"%","top":"","right":"","bottom":"","left":"","isLinked":true},"padding_mobile":{"unit":"%","top":"","right":"","bottom":"","left":"","isLinked":true},"__globals__":{"background_color":"globals\/colors?id=primary","background_overlay_color":"globals\/colors?id=text","background_color_b":"globals\/colors?id=a2fb886","shape_divider_top_color":"globals\/colors?id=secondary","shape_divider_bottom_color":"globals\/colors?id=a2fb886"},"background_motion_fx_motion_fx_mouse":"yes","background_motion_fx_mouseTrack_effect":"yes","background_motion_fx_mouseTrack_speed":{"unit":"px","size":0.1,"sizes":[]},"content_width":"full","background_color_b_stop":{"unit":"%","size":55,"sizes":[]},"shape_divider_top_width":{"unit":"%","size":181,"sizes":[]},"shape_divider_top_height":{"unit":"px","size":404,"sizes":[]},"shape_divider_top_flip":"yes","background_background":"classic","shape_divider_bottom_width":{"unit":"%","size":218,"sizes":[]},"shape_divider_bottom_height":{"unit":"px","size":452,"sizes":[]}},"elements":[{"id":"740bbd0","settings":{"flex_direction":"column","flex_justify_content":"center","flex_align_items":"center","background_background":"classic","background_image":{"id":40,"url":"https:\/\/limitless.dev.ananass.fr\/wp-content\/uploads\/2025\/08\/pexels-pavel-danilyuk-7591312-18.jpg"},"background_position":"bottom center","background_repeat":"no-repeat","background_size":"cover","background_overlay_background":"gradient","background_overlay_opacity":{"unit":"px","size":0.87,"sizes":[]},"border_radius":{"unit":"px","top":"10","right":"10","bottom":"10","left":"10","isLinked":true},"__globals__":{"background_overlay_color":"","border_color":"globals\/colors?id=a2fb886","shape_divider_bottom_color":"globals\/colors?id=primary","background_overlay_color_b":"globals\/colors?id=9b0591c"},"content_width":"full","padding":{"unit":"%","top":"5","right":"0","bottom":"1","left":"0","isLinked":false},"padding_tablet":{"unit":"%","top":"","right":"","bottom":"","left":"","isLinked":true},"padding_mobile":{"unit":"%","top":"","right":"","bottom":"","left":"","isLinked":true},"min_height":{"unit":"vh","size":72,"sizes":[]},"min_height_tablet":{"unit":"vh","size":"","sizes":[]},"min_height_mobile":{"unit":"vh","size":"","sizes":[]},"border_border":"none","border_width":{"unit":"px","top":"1","right":"1","bottom":"0","left":"1","isLinked":false},"box_shadow_box_shadow_type":"yes","box_shadow_box_shadow":{"horizontal":0,"vertical":-35,"blur":40,"spread":0,"color":"rgba(0, 0, 0, 0.24)"},"background_overlay_color":"#F1530200","background_overlay_color_stop":{"unit":"%","size":22,"sizes":[]},"background_overlay_color_b":"#FF5D00","border_color":"#FFFFFF","shape_divider_bottom":"pyramids","shape_divider_bottom_color":"#FFFFFF","shape_divider_bottom_width":{"unit":"%","size":153,"sizes":[]},"shape_divider_bottom_height":{"unit":"px","size":157,"sizes":[]},"shape_divider_bottom_flip":"yes"},"elements":[{"id":"61e33e67","settings":{"title":"TRAIN WITH US","__globals__":{"typography_typography":"","title_color":"globals\/colors?id=accent"},"title_color":"#1E1E1E","typography_typography":"custom","typography_font_family":"Montserrat","typography_font_size":{"unit":"rem","size":1.5,"sizes":[]},"typography_font_weight":"800","typography_text_transform":"uppercase"},"elements":[],"isInner":false,"widgetType":"heading","elType":"widget"},{"id":"318f8d80","settings":{"title":"Join Us Today!\n","typography_typography":"custom","typography_font_family":"Josefin Sans","typography_font_weight":"bold","__globals__":{"title_color":"globals\/colors?id=a2fb886","typography_typography":""},"title_color":"#FE7C6A","typography_font_size":{"unit":"rem","size":3.2,"sizes":[]},"typography_text_transform":"uppercase","align":"center","typography_font_size_mobile":{"unit":"rem","size":1.5,"sizes":[]},"header_size":"h3"},"elements":[],"isInner":false,"widgetType":"heading","elType":"widget"},{"id":"7a1a1ce1","settings":{"__globals__":{"text_color":"globals\/colors?id=a2fb886"},"editor":"Ready to take your climbing to new heights? Sign up now and become part of the High Point community!","align":"center","_element_width":"initial","_element_custom_width":{"unit":"%","size":40,"sizes":[]}},"elements":[],"isInner":false,"widgetType":"text-editor","elType":"widget"},{"id":"16c0b3a2","settings":{"selected_icon":{"value":"fas fa-play","library":"fa-solid"},"view":"stacked","size":{"unit":"px","size":20,"sizes":[]},"size_tablet":{"unit":"px","size":35,"sizes":[]},"__globals__":{"primary_color":"globals\/colors?id=accent","hover_primary_color":"globals\/colors?id=9b0591c","hover_secondary_color":"globals\/colors?id=primary","secondary_color":"globals\/colors?id=a2fb886"},"secondary_color":"#FFFFFF","hover_secondary_color":"#FE7C6A","hover_animation":"bounce-in","icon_padding":{"unit":"px","size":32,"sizes":[]},"_animation":"fadeIn","_animation_delay":700,"_margin_tablet":{"unit":"px","top":"0","right":"0","bottom":"0","left":"0","isLinked":false},"_padding_tablet":{"unit":"px","top":"0","right":"0","bottom":"0","left":"0","isLinked":false},"link":{"url":"https:\/\/www.youtube.com\/watch?v=vcRBT9Q9jXM","is_external":"","nofollow":"on","custom_attributes":""},"__dynamic__":{"link":"[elementor-tag id=\"e978de5\" name=\"lightbox\" settings=\"%7B%22type%22%3A%22video%22%2C%22video_url%22%3A%22https%3A%5C%2F%5C%2Fyoutu.be%5C%2Fx0K5bVN1gYw%22%2C%22image%22%3A%7B%22url%22%3A%22%22%2C%22id%22%3A%22%22%2C%22size%22%3A%22%22%7D%7D\"]"}},"elements":[],"isInner":false,"widgetType":"icon","elType":"widget"}],"isInner":true,"elType":"container"}],"isInner":false,"elType":"container"},{"id":"3925f7eb","settings":{"content_width":"full","min_height":{"unit":"vh","size":"","sizes":[]},"min_height_tablet":{"unit":"vh","size":"","sizes":[]},"min_height_mobile":{"unit":"vh","size":"","sizes":[]},"flex_direction":"column","flex_justify_content":"center","flex_align_items":"center","background_background":"classic","padding":{"unit":"%","top":"5","right":"5","bottom":"5","left":"5","isLinked":false},"padding_tablet":{"unit":"%","top":"","right":"","bottom":"","left":"","isLinked":true},"padding_mobile":{"unit":"%","top":"","right":"","bottom":"","left":"","isLinked":true},"__globals__":{"background_color":"globals\/colors?id=a2fb886","shape_divider_top_color":"globals\/colors?id=primary","background_overlay_color":"globals\/colors?id=a2fb886","background_overlay_color_b":"globals\/colors?id=text","background_color_b":"globals\/colors?id=secondary"},"background_image":{"url":"","id":"","size":"","alt":"","source":"library"},"background_position":"bottom left","background_repeat":"no-repeat","background_color":"#292929","background_overlay_background":"classic","background_overlay_color_b":"#FF5D00","background_overlay_gradient_position":"bottom left","background_overlay_opacity":{"unit":"px","size":0.9,"sizes":[]},"background_color_b":"#D9CDBF","background_size":"initial","background_bg_width":{"unit":"%","size":79,"sizes":[]},"_title":"Testimonial","shape_divider_top":"pyramids","shape_divider_top_width":{"unit":"%","size":166,"sizes":[]},"shape_divider_top_height":{"unit":"px","size":140,"sizes":[]}},"elements":[{"id":"3fb5e24a","settings":{"flex_direction":"row","flex_gap":{"unit":"px","size":0,"column":"0","row":"0","isLinked":true},"content_width":"full","min_height":{"unit":"vh","size":72,"sizes":[]},"min_height_tablet":{"unit":"vh","size":"","sizes":[]},"min_height_mobile":{"unit":"vh","size":"","sizes":[]},"padding":{"unit":"%","top":"5","right":"5","bottom":"5","left":"5","isLinked":true},"padding_tablet":{"unit":"%","top":"","right":"","bottom":"","left":"","isLinked":true},"padding_mobile":{"unit":"%","top":"","right":"","bottom":"","left":"","isLinked":true},"flex_direction_tablet":"column"},"elements":[{"id":"4363c54d","settings":{"flex_direction":"column","content_width":"full","width":{"unit":"%","size":"50"},"background_background":"classic","background_image":{"id":40,"url":"https:\/\/limitless.dev.ananass.fr\/wp-content\/uploads\/2025\/08\/pexels-pavel-danilyuk-7591312-18.jpg"},"background_position":"center center","background_repeat":"no-repeat","background_size":"cover","padding":{"unit":"%","top":"5","right":"5","bottom":"5","left":"5","isLinked":false},"padding_tablet":{"unit":"%","top":"","right":"","bottom":"","left":"","isLinked":true},"padding_mobile":{"unit":"%","top":"","right":"","bottom":"","left":"","isLinked":true},"flex_justify_content":"flex-end","width_tablet":{"unit":"%","size":100,"sizes":[]},"width_mobile":{"unit":"%","size":"","sizes":[]},"flex_align_items":"center","background_overlay_image":{"url":"","id":"","size":"","alt":"","source":"library"},"background_overlay_position":"initial","background_overlay_xpos":{"unit":"px","size":248,"sizes":[]},"background_overlay_ypos":{"unit":"px","size":218,"sizes":[]},"background_overlay_repeat":"no-repeat","background_overlay_size":"initial","background_overlay_bg_width":{"unit":"%","size":46,"sizes":[]},"background_overlay_opacity":{"unit":"px","size":1,"sizes":[]},"animation":"fadeIn","animation_delay":300,"border_border":"solid","__globals__":{"border_color":"globals\/colors?id=secondary","background_overlay_color":"","background_overlay_color_b":"globals\/colors?id=text"},"min_height_tablet":{"unit":"vh","size":50,"sizes":[]},"min_height_mobile":{"unit":"vh","size":40,"sizes":[]},"background_image_tablet":{"url":"https:\/\/limitless.dev.ananass.fr\/wp-content\/uploads\/2023\/05\/pexels-pavel-danilyuk-7591312.jpg","id":1837,"size":"","alt":"","source":"library"},"background_overlay_color":"#29292900","background_overlay_color_b":"#292929","background_overlay_gradient_angle":{"unit":"deg","size":-90,"sizes":[]},"border_color":"#D9CDBF","box_shadow_box_shadow_type":"yes","box_shadow_box_shadow":{"horizontal":0,"vertical":0,"blur":40,"spread":0,"color":"rgba(0, 0, 0, 0.24)"},"margin":{"unit":"%","top":"0","right":"0","bottom":"0","left":"0","isLinked":false},"margin_tablet":{"unit":"%","top":"","right":"","bottom":"","left":"","isLinked":true},"margin_mobile":{"unit":"%","top":"","right":"","bottom":"","left":"","isLinked":true},"border_width":{"unit":"px","top":"1","right":"1","bottom":"1","left":"1","isLinked":true},"border_radius":{"unit":"px","top":"10","right":"10","bottom":"10","left":"10","isLinked":true}},"elements":[{"id":"670c78bd","settings":{"title":"Witness","typography_typography":"custom","typography_font_family":"Josefin Sans","typography_font_weight":"900","__globals__":{"title_color":"globals\/colors?id=primary","typography_typography":""},"typography_font_size":{"unit":"rem","size":6,"sizes":[]},"typography_text_transform":"uppercase","typography_font_size_mobile":{"unit":"rem","size":4.5,"sizes":[]},"header_size":"span","_padding":{"unit":"px","top":"0","right":"0","bottom":"0","left":"0","isLinked":false},"_position":"absolute","_offset_x":{"size":-203,"unit":"px"},"_offset_y":{"size":225,"unit":"px"},"_animation":"fadeInLeft","_transform_rotate_popover":"transform","_transform_rotateZ_effect":{"unit":"px","size":-90,"sizes":[]},"align":"left","typography_line_height":{"unit":"em","size":"","sizes":[]},"typography_word_spacing":{"unit":"em","size":"","sizes":[]},"text_shadow_text_shadow_type":"yes","text_shadow_text_shadow":{"horizontal":0,"vertical":0,"blur":40,"color":"rgba(255, 93.00000000000001, 0, 0.21176470588235294)"},"_margin":{"unit":"px","top":"0","right":"0","bottom":"0","left":"0","isLinked":false},"_z_index":2,"_animation_delay":650,"_offset_y_tablet":{"unit":"px","size":153,"sizes":[]},"_offset_x_mobile":{"size":-130,"unit":"px"},"_offset_y_mobile":{"size":135,"unit":"px"}},"elements":[],"isInner":false,"widgetType":"heading","elType":"widget"}],"isInner":true,"elType":"container"},{"id":"12a4a268","settings":{"flex_direction":"column","content_width":"full","width":{"unit":"%","size":"50"},"padding":{"unit":"%","top":"5","right":"5","bottom":"5","left":"5","isLinked":true},"padding_tablet":{"unit":"%","top":"","right":"","bottom":"","left":"","isLinked":true},"padding_mobile":{"unit":"%","top":"","right":"","bottom":"","left":"","isLinked":true},"flex_justify_content":"center","flex_align_items":"flex-start","width_tablet":{"unit":"%","size":100,"sizes":[]},"width_mobile":{"unit":"%","size":"","sizes":[]},"animation":"fadeInUp"},"elements":[{"id":"76745df","settings":{"icon_list":[{"text":"Climbers","_id":"742592c","selected_icon":{"value":"fas fa-circle","library":"fa-solid"}}],"__globals__":{"text_color":"globals\/colors?id=primary","icon_color":"globals\/colors?id=accent","icon_typography_typography":"globals\/typography?id=6be452f"},"view":"inline","link_click":"inline"},"elements":[],"isInner":false,"widgetType":"icon-list","elType":"widget"},{"id":"13121a7f","settings":{"title":"Testimonials","typography_typography":"custom","typography_font_family":"Josefin Sans","typography_font_weight":"bold","__globals__":{"title_color":"globals\/colors?id=9b0591c","typography_typography":""},"typography_font_size":{"unit":"rem","size":3.2,"sizes":[]},"typography_text_transform":"uppercase","typography_font_size_mobile":{"unit":"rem","size":1.5,"sizes":[]},"header_size":"h3"},"elements":[],"isInner":false,"widgetType":"heading","elType":"widget"},{"id":"644e7217","settings":{"title":"Reviews and Feedback","header_size":"h4","__globals__":{"typography_typography":"globals\/typography?id=accent","title_color":"globals\/colors?id=9b0591c"},"title_color":"#00327F"},"elements":[],"isInner":false,"widgetType":"heading","elType":"widget"},{"id":"1e084531","settings":{"_margin":{"top":"0","left":"0","unit":"px","right":"0","bottom":"0","isLinked":false},"_padding":{"top":"0","left":"0","unit":"px","right":"0","bottom":"0","isLinked":false},"autoplay":"","_offset_x":{"size":"0","unit":"px","sizes":[]},"_offset_y":{"size":"0","unit":"px","sizes":[]},"dots_size":{"size":8,"unit":"px","sizes":[]},"arrows_size":{"size":20,"unit":"px","sizes":[]},"_offset_x_end":{"size":"0","unit":"px","sizes":[]},"_offset_y_end":{"size":"0","unit":"px","sizes":[]},"border_radius":{"top":"0","left":"0","unit":"px","right":"0","bottom":"0","isLinked":false},"arrows_padding":{"top":"15","left":"15","unit":"px","right":"15","bottom":"15","isLinked":true},"carousel_items":[{"slide_title":"Slide #1","_id":"1fa4718"},{"slide_title":"Slide #1","_id":"34381b5"},{"slide_title":"Slide #1","_id":"ff27318"},{"slide_title":"Slide #1","_id":"69db7ae"},{"slide_title":"Slide #1","_id":"7adf4f1"},{"slide_title":"Slide #1","_id":"fda2483"}],"slides_to_show":"1","_padding_tablet":{"top":"0","left":"0","unit":"px","right":"0","bottom":"0","isLinked":true},"content_padding":{"top":"0","left":"0","unit":"px","right":"0","bottom":"0","isLinked":false},"dots_size_mobile":{"size":8,"unit":"px","sizes":[]},"slides_to_scroll":"1","arrow_normal_color":"#FFFFFF","arrows_size_mobile":{"size":16,"unit":"px","sizes":[]},"arrows_size_tablet":{"size":20,"unit":"px","sizes":[]},"offset_width_mobile":{"size":0,"unit":"px","sizes":[]},"offset_width_tablet":{"size":50,"unit":"px","sizes":[]},"arrows_border_radius":{"top":"50","left":"50","unit":"%","right":"50","bottom":"50","isLinked":true},"dots_custom_position":"yes","dots_vertical_offset":{"size":64,"unit":"px","sizes":[]},"image_spacing_custom":{"size":64,"unit":"px","sizes":[]},"arrows_padding_mobile":{"top":"16","left":"16","unit":"px","right":"16","bottom":"16","isLinked":true},"dots_horizontal_offset":{"size":"","unit":"px","sizes":[]},"dots_horizontal_position":"start","arrows_border_radius_mobile":{"top":"","left":"","unit":"%","right":"","bottom":"","isLinked":true},"arrows_border_radius_tablet":{"top":"","left":"","unit":"%","right":"","bottom":"","isLinked":true},"dots_vertical_offset_mobile":{"size":25,"unit":"px","sizes":[]},"arrows_hover_border_type_width":{"top":"1","left":"1","unit":"px","right":"1","bottom":"1","isLinked":true},"arrows_normal_background_color":"#FF5D00","arrows_hover_border_type_border":"solid","arrows_normal_border_type_width":{"top":"1","left":"1","unit":"px","right":"1","bottom":"1","isLinked":true},"arrows_normal_border_type_border":"solid","arrows_hover_background_background":"classic","arrows_normal_background_background":"classic","navigation_next_icon_vertical_position":{"size":112,"unit":"px","sizes":[]},"navigation_next_icon_vertical_orientation":"end","navigation_previous_icon_vertical_position":{"size":112,"unit":"px","sizes":[]},"navigation_previous_icon_horizontal_position":{"size":-80,"unit":"px","sizes":[]},"navigation_next_icon_vertical_position_mobile":{"size":60,"unit":"px","sizes":[]},"navigation_previous_icon_vertical_orientation":"end","navigation_next_icon_horizontal_position_mobile":{"size":0,"unit":"px","sizes":[]},"navigation_next_icon_horizontal_position_tablet":{"size":0,"unit":"px","sizes":[]},"navigation_previous_icon_horizontal_orientation":"end","navigation_previous_icon_vertical_position_mobile":{"size":60,"unit":"px","sizes":[]},"navigation_previous_icon_horizontal_position_mobile":{"size":-60,"unit":"px","sizes":[]},"navigation_previous_icon_horizontal_position_tablet":{"size":-80,"unit":"px","sizes":[]},"arrows_normal_box_shadow_box_shadow_type":"yes","arrows_normal_box_shadow_box_shadow":{"horizontal":0,"vertical":0,"blur":10,"spread":0,"color":"rgba(255, 93.00000000000001, 0, 0.72)"},"__globals__":{"arrow_normal_color":"globals\/colors?id=a2fb886","arrows_normal_background_color":"globals\/colors?id=primary","arrows_normal_border_type_color":"globals\/colors?id=primary","arrow_hover_color":"globals\/colors?id=primary","arrows_hover_background_color":"globals\/colors?id=9b0591c","arrows_hover_border_type_color":"globals\/colors?id=primary","dots_normal_color":"globals\/colors?id=primary"},"slides_to_show_tablet":"1","arrows_hover_box_shadow_box_shadow_type":"yes","arrows_hover_box_shadow_box_shadow":{"horizontal":0,"vertical":0,"blur":10,"spread":0,"color":"rgba(255, 93.00000000000001, 0, 0.84)"}},"elements":[{"id":"562e1e9c","settings":{"_title":"Slide #1","margin":{"top":"0","left":"0","unit":"px","right":"0","bottom":"0","isLinked":false},"padding":{"top":"0","left":"0","unit":"px","right":"0","bottom":"0","isLinked":false},"_offset_x":{"size":"0","unit":"px","sizes":[]},"_offset_y":{"size":"0","unit":"px","sizes":[]},"boxed_width":{"size":100,"unit":"%","sizes":[]},"_offset_x_end":{"size":"0","unit":"px","sizes":[]},"_offset_y_end":{"size":"0","unit":"px","sizes":[]},"boxed_width_mobile":{"size":"","unit":"%","sizes":[]},"boxed_width_tablet":{"size":"","unit":"%","sizes":[]}},"elements":[{"id":"d77c466","settings":{"width":{"size":100,"unit":"%"},"_title":"Container","margin":{"top":"0","left":"0","unit":"px","right":"0","bottom":"0","isLinked":false},"padding":{"top":"0","left":"0","unit":"px","right":"0","bottom":"0","isLinked":false},"_offset_x":{"size":"0","unit":"px","sizes":[]},"_offset_y":{"size":"0","unit":"px","sizes":[]},"_column_size":50,"width_mobile":{"size":"","unit":"%","sizes":[]},"width_tablet":{"size":"","unit":"%","sizes":[]},"_offset_x_end":{"size":"0","unit":"px","sizes":[]},"_offset_y_end":{"size":"0","unit":"px","sizes":[]},"content_width":"full","flex_direction":"column","padding_mobile":{"top":"0","left":"0","unit":"px","right":"0","bottom":"0","isLinked":true},"padding_tablet":{"top":"0","left":"0","unit":"px","right":"0","bottom":"0","isLinked":false},"flex_align_items":"flex-start","flex_justify_content":"flex-start"},"elements":[{"id":"49a1e169","settings":{"_offset_x":{"size":"0","unit":"px","sizes":[]},"_offset_y":{"size":"0","unit":"px","sizes":[]},"icon_size":{"size":18,"unit":"px","sizes":[]},"star_style":"star_unicode","stars_color":"#000000","_offset_x_end":{"size":"0","unit":"px","sizes":[]},"_offset_y_end":{"size":"0","unit":"px","sizes":[]},"stars_unmarked_color":"#808080"},"elements":[],"isInner":false,"widgetType":"star-rating","elType":"widget"},{"id":"646547d4","settings":{"editor":"<p>\"Lorem ipsum dolor sit amet, consectetur adipiscing elit. Suspendisse varius enim in eros elementum tristique. Duis cursus, mi quis viverra ornare, eros dolor interdum nulla, ut commodo diam libero vitae erat.\"<\/p>","_offset_x":{"size":"0","unit":"px","sizes":[]},"_offset_y":{"size":"0","unit":"px","sizes":[]},"_offset_x_end":{"size":"0","unit":"px","sizes":[]},"_offset_y_end":{"size":"0","unit":"px","sizes":[]},"__globals__":{"typography_typography":"globals\/typography?id=text","text_color":"globals\/colors?id=text"}},"elements":[],"isInner":false,"widgetType":"text-editor","elType":"widget"},{"id":"26ad09e2","settings":{"margin":{"top":"0","left":"0","unit":"px","right":"0","bottom":"0","isLinked":false},"padding":{"top":"0","left":"0","unit":"px","right":"0","bottom":"0","isLinked":false},"flex_gap":{"size":16,"unit":"px","sizes":[],"column":"16","row":"16","isLinked":true},"_offset_x":{"size":"0","unit":"px","sizes":[]},"_offset_y":{"size":"0","unit":"px","sizes":[]},"_offset_x_end":{"size":"0","unit":"px","sizes":[]},"_offset_y_end":{"size":"0","unit":"px","sizes":[]},"margin_tablet":{"top":"0","left":"0","unit":"px","right":"0","bottom":"0","isLinked":false},"flex_direction":"row","padding_tablet":{"top":"0","left":"0","unit":"px","right":"0","bottom":"0","isLinked":false},"flex_align_items":"center","flex_direction_tablet":"row","flex_align_items_tablet":"flex-start","flex_justify_content_tablet":"flex-start"},"elements":[{"id":"22e91945","settings":{"view":"traditional","image":{"id":47,"url":"https:\/\/limitless.dev.ananass.fr\/wp-content\/uploads\/2025\/08\/2-18.png"},"width":{"size":64,"unit":"px","sizes":[]},"_margin":{"top":"0","left":"0","unit":"px","right":"0","bottom":"0","isLinked":false},"_padding":{"top":"0","left":"0","unit":"px","right":"0","bottom":"0","isLinked":false},"_offset_x":{"size":"0","unit":"px","sizes":[]},"_offset_y":{"size":"0","unit":"px","sizes":[]},"custom_css":"selector {\n    min-width: 56px;\n}","image_size":"full","width_mobile":{"size":"","unit":"px","sizes":[]},"width_tablet":{"size":"","unit":"px","sizes":[]},"_offset_x_end":{"size":"0","unit":"px","sizes":[]},"_offset_y_end":{"size":"0","unit":"px","sizes":[]},"_element_width":"auto","image_border_radius":{"top":"100","left":"100","unit":"px","right":"100","bottom":"100","isLinked":true}},"elements":[],"isInner":false,"widgetType":"image","elType":"widget"},{"id":"14586c63","settings":{"view":"traditional","image":{"id":"","url":"","size":""},"_offset_x":{"size":"0","unit":"px","sizes":[]},"_offset_y":{"size":"0","unit":"px","sizes":[]},"text_align":"left","title_text":"Name Surname","title_color":"#000000","_offset_x_end":{"size":"0","unit":"px","sizes":[]},"_offset_y_end":{"size":"0","unit":"px","sizes":[]},"description_text":"Position, Company name","description_color":"#7A7A7A","title_bottom_space":{"size":0,"unit":"px","sizes":[]},"title_typography_font_size":{"size":16,"unit":"px","sizes":[]},"title_typography_typography":"custom","title_typography_font_family":"Roboto","title_typography_font_weight":"600","description_typography_font_size":{"size":16,"unit":"px","sizes":[]},"description_typography_typography":"custom","description_typography_font_family":"Roboto","description_typography_font_weight":"400"},"elements":[],"isInner":false,"widgetType":"image-box","elType":"widget"},{"id":"3bbc774c","settings":{"view":"traditional","_offset_x":{"size":"0","unit":"px","sizes":[]},"_offset_y":{"size":"0","unit":"px","sizes":[]},"hide_mobile":"hidden-mobile","hide_tablet":"hidden-tablet","_border_color":"#000000","_border_width":{"top":"0","left":"1","unit":"px","right":"0","bottom":"0","isLinked":false},"_offset_x_end":{"size":"0","unit":"px","sizes":[]},"_offset_y_end":{"size":"0","unit":"px","sizes":[]},"_border_border":"solid","_border_radius":{"top":"0","left":"0","unit":"px","right":"0","bottom":"0","isLinked":false}},"elements":[],"isInner":false,"widgetType":"spacer","elType":"widget"},{"id":"51ad1ce2","settings":{"view":"traditional","align":"center","image":{"id":48,"url":"https:\/\/limitless.dev.ananass.fr\/wp-content\/uploads\/2025\/08\/logo-High-point-orange-18.png"},"width":{"size":180,"unit":"px","sizes":[]},"_offset_x":{"size":"0","unit":"px","sizes":[]},"_offset_y":{"size":"0","unit":"px","sizes":[]},"image_size":"full","width_mobile":{"size":"","unit":"px","sizes":[]},"width_tablet":{"size":"","unit":"px","sizes":[]},"_offset_x_end":{"size":"0","unit":"px","sizes":[]},"_offset_y_end":{"size":"0","unit":"px","sizes":[]}},"elements":[],"isInner":false,"widgetType":"image","elType":"widget"}],"isInner":true,"elType":"container"}],"isInner":true,"elType":"container"}],"isInner":true,"elType":"container","isLocked":true},{"id":"12a03ca7","settings":{"_title":"Slide #1","margin":{"top":"0","left":"0","unit":"px","right":"0","bottom":"0","isLinked":false},"padding":{"top":"0","left":"0","unit":"px","right":"0","bottom":"0","isLinked":false},"_offset_x":{"size":"0","unit":"px","sizes":[]},"_offset_y":{"size":"0","unit":"px","sizes":[]},"boxed_width":{"size":100,"unit":"%","sizes":[]},"_offset_x_end":{"size":"0","unit":"px","sizes":[]},"_offset_y_end":{"size":"0","unit":"px","sizes":[]},"boxed_width_mobile":{"size":"","unit":"%","sizes":[]},"boxed_width_tablet":{"size":"","unit":"%","sizes":[]}},"elements":[{"id":"591d0aa6","settings":{"width":{"size":100,"unit":"%"},"_title":"Container","margin":{"top":"0","left":"0","unit":"px","right":"0","bottom":"0","isLinked":false},"padding":{"top":"0","left":"0","unit":"px","right":"0","bottom":"0","isLinked":false},"_offset_x":{"size":"0","unit":"px","sizes":[]},"_offset_y":{"size":"0","unit":"px","sizes":[]},"_column_size":50,"width_mobile":{"size":"","unit":"%","sizes":[]},"width_tablet":{"size":"","unit":"%","sizes":[]},"_offset_x_end":{"size":"0","unit":"px","sizes":[]},"_offset_y_end":{"size":"0","unit":"px","sizes":[]},"content_width":"full","flex_direction":"column","padding_mobile":{"top":"0","left":"0","unit":"px","right":"0","bottom":"0","isLinked":true},"padding_tablet":{"top":"0","left":"0","unit":"px","right":"0","bottom":"0","isLinked":false},"flex_align_items":"flex-start","flex_justify_content":"flex-start"},"elements":[{"id":"460d9d29","settings":{"_offset_x":{"size":"0","unit":"px","sizes":[]},"_offset_y":{"size":"0","unit":"px","sizes":[]},"icon_size":{"size":18,"unit":"px","sizes":[]},"star_style":"star_unicode","stars_color":"#000000","_offset_x_end":{"size":"0","unit":"px","sizes":[]},"_offset_y_end":{"size":"0","unit":"px","sizes":[]},"stars_unmarked_color":"#808080"},"elements":[],"isInner":false,"widgetType":"star-rating","elType":"widget"},{"id":"4b5122d","settings":{"editor":"<p>\"Lorem ipsum dolor sit amet, consectetur adipiscing elit. Suspendisse varius enim in eros elementum tristique. Duis cursus, mi quis viverra ornare, eros dolor interdum nulla, ut commodo diam libero vitae erat.\"<\/p>","_offset_x":{"size":"0","unit":"px","sizes":[]},"_offset_y":{"size":"0","unit":"px","sizes":[]},"_offset_x_end":{"size":"0","unit":"px","sizes":[]},"_offset_y_end":{"size":"0","unit":"px","sizes":[]},"__globals__":{"typography_typography":"globals\/typography?id=text","text_color":"globals\/colors?id=text"}},"elements":[],"isInner":false,"widgetType":"text-editor","elType":"widget"},{"id":"5be2bb1b","settings":{"margin":{"top":"0","left":"0","unit":"px","right":"0","bottom":"0","isLinked":false},"padding":{"top":"0","left":"0","unit":"px","right":"0","bottom":"0","isLinked":false},"flex_gap":{"size":16,"unit":"px","sizes":[],"column":"16","row":"16","isLinked":true},"_offset_x":{"size":"0","unit":"px","sizes":[]},"_offset_y":{"size":"0","unit":"px","sizes":[]},"_offset_x_end":{"size":"0","unit":"px","sizes":[]},"_offset_y_end":{"size":"0","unit":"px","sizes":[]},"margin_tablet":{"top":"0","left":"0","unit":"px","right":"0","bottom":"0","isLinked":false},"flex_direction":"row","padding_tablet":{"top":"0","left":"0","unit":"px","right":"0","bottom":"0","isLinked":false},"flex_align_items":"center","flex_direction_tablet":"row","flex_align_items_tablet":"flex-start","flex_justify_content_tablet":"flex-start"},"elements":[{"id":"709f1efe","settings":{"view":"traditional","image":{"id":49,"url":"https:\/\/limitless.dev.ananass.fr\/wp-content\/uploads\/2025\/08\/1-18.png"},"width":{"size":64,"unit":"px","sizes":[]},"_margin":{"top":"0","left":"0","unit":"px","right":"0","bottom":"0","isLinked":false},"_padding":{"top":"0","left":"0","unit":"px","right":"0","bottom":"0","isLinked":false},"_offset_x":{"size":"0","unit":"px","sizes":[]},"_offset_y":{"size":"0","unit":"px","sizes":[]},"custom_css":"selector {\n    min-width: 56px;\n}","image_size":"full","width_mobile":{"size":"","unit":"px","sizes":[]},"width_tablet":{"size":"","unit":"px","sizes":[]},"_offset_x_end":{"size":"0","unit":"px","sizes":[]},"_offset_y_end":{"size":"0","unit":"px","sizes":[]},"_element_width":"auto","image_border_radius":{"top":"100","left":"100","unit":"px","right":"100","bottom":"100","isLinked":true}},"elements":[],"isInner":false,"widgetType":"image","elType":"widget"},{"id":"5b6257e0","settings":{"view":"traditional","image":{"id":"","url":"","size":""},"_offset_x":{"size":"0","unit":"px","sizes":[]},"_offset_y":{"size":"0","unit":"px","sizes":[]},"text_align":"left","title_text":"Name Surname","title_color":"#000000","_offset_x_end":{"size":"0","unit":"px","sizes":[]},"_offset_y_end":{"size":"0","unit":"px","sizes":[]},"description_text":"Position, Company name","description_color":"#7A7A7A","title_bottom_space":{"size":0,"unit":"px","sizes":[]},"title_typography_font_size":{"size":16,"unit":"px","sizes":[]},"title_typography_typography":"custom","title_typography_font_family":"Roboto","title_typography_font_weight":"600","description_typography_font_size":{"size":16,"unit":"px","sizes":[]},"description_typography_typography":"custom","description_typography_font_family":"Roboto","description_typography_font_weight":"400"},"elements":[],"isInner":false,"widgetType":"image-box","elType":"widget"},{"id":"1b4c172f","settings":{"view":"traditional","_offset_x":{"size":"0","unit":"px","sizes":[]},"_offset_y":{"size":"0","unit":"px","sizes":[]},"hide_mobile":"hidden-mobile","hide_tablet":"hidden-tablet","_border_color":"#000000","_border_width":{"top":"0","left":"1","unit":"px","right":"0","bottom":"0","isLinked":false},"_offset_x_end":{"size":"0","unit":"px","sizes":[]},"_offset_y_end":{"size":"0","unit":"px","sizes":[]},"_border_border":"solid","_border_radius":{"top":"0","left":"0","unit":"px","right":"0","bottom":"0","isLinked":false}},"elements":[],"isInner":false,"widgetType":"spacer","elType":"widget"},{"id":"70de70f5","settings":{"view":"traditional","align":"center","image":{"id":50,"url":"https:\/\/limitless.dev.ananass.fr\/wp-content\/uploads\/2025\/08\/logo-High-point-gray-18.png"},"width":{"size":180,"unit":"px","sizes":[]},"_offset_x":{"size":"0","unit":"px","sizes":[]},"_offset_y":{"size":"0","unit":"px","sizes":[]},"image_size":"full","width_mobile":{"size":"","unit":"px","sizes":[]},"width_tablet":{"size":"","unit":"px","sizes":[]},"_offset_x_end":{"size":"0","unit":"px","sizes":[]},"_offset_y_end":{"size":"0","unit":"px","sizes":[]}},"elements":[],"isInner":false,"widgetType":"image","elType":"widget"}],"isInner":true,"elType":"container"}],"isInner":true,"elType":"container"}],"isInner":true,"elType":"container","isLocked":true},{"id":"a058dd7","settings":{"_title":"Slide #1","margin":{"top":"0","left":"0","unit":"px","right":"0","bottom":"0","isLinked":false},"padding":{"top":"0","left":"0","unit":"px","right":"0","bottom":"0","isLinked":false},"_offset_x":{"size":"0","unit":"px","sizes":[]},"_offset_y":{"size":"0","unit":"px","sizes":[]},"boxed_width":{"size":100,"unit":"%","sizes":[]},"_offset_x_end":{"size":"0","unit":"px","sizes":[]},"_offset_y_end":{"size":"0","unit":"px","sizes":[]},"boxed_width_mobile":{"size":"","unit":"%","sizes":[]},"boxed_width_tablet":{"size":"","unit":"%","sizes":[]}},"elements":[{"id":"648668ae","settings":{"width":{"size":100,"unit":"%"},"_title":"Container","margin":{"top":"0","left":"0","unit":"px","right":"0","bottom":"0","isLinked":false},"padding":{"top":"0","left":"0","unit":"px","right":"0","bottom":"0","isLinked":false},"_offset_x":{"size":"0","unit":"px","sizes":[]},"_offset_y":{"size":"0","unit":"px","sizes":[]},"_column_size":50,"width_mobile":{"size":"","unit":"%","sizes":[]},"width_tablet":{"size":"","unit":"%","sizes":[]},"_offset_x_end":{"size":"0","unit":"px","sizes":[]},"_offset_y_end":{"size":"0","unit":"px","sizes":[]},"content_width":"full","flex_direction":"column","padding_mobile":{"top":"0","left":"0","unit":"px","right":"0","bottom":"0","isLinked":true},"padding_tablet":{"top":"0","left":"0","unit":"px","right":"0","bottom":"0","isLinked":false},"flex_align_items":"flex-start","flex_justify_content":"flex-start"},"elements":[{"id":"62b84965","settings":{"_offset_x":{"size":"0","unit":"px","sizes":[]},"_offset_y":{"size":"0","unit":"px","sizes":[]},"icon_size":{"size":18,"unit":"px","sizes":[]},"star_style":"star_unicode","stars_color":"#000000","_offset_x_end":{"size":"0","unit":"px","sizes":[]},"_offset_y_end":{"size":"0","unit":"px","sizes":[]},"stars_unmarked_color":"#808080"},"elements":[],"isInner":false,"widgetType":"star-rating","elType":"widget"},{"id":"7e4ef51e","settings":{"editor":"<p>\"Lorem ipsum dolor sit amet, consectetur adipiscing elit. Suspendisse varius enim in eros elementum tristique. Duis cursus, mi quis viverra ornare, eros dolor interdum nulla, ut commodo diam libero vitae erat.\"<\/p>","_offset_x":{"size":"0","unit":"px","sizes":[]},"_offset_y":{"size":"0","unit":"px","sizes":[]},"_offset_x_end":{"size":"0","unit":"px","sizes":[]},"_offset_y_end":{"size":"0","unit":"px","sizes":[]},"__globals__":{"typography_typography":"globals\/typography?id=text","text_color":"globals\/colors?id=text"}},"elements":[],"isInner":false,"widgetType":"text-editor","elType":"widget"},{"id":"6492b739","settings":{"margin":{"top":"0","left":"0","unit":"px","right":"0","bottom":"0","isLinked":false},"padding":{"top":"0","left":"0","unit":"px","right":"0","bottom":"0","isLinked":false},"flex_gap":{"size":16,"unit":"px","sizes":[],"column":"16","row":"16","isLinked":true},"_offset_x":{"size":"0","unit":"px","sizes":[]},"_offset_y":{"size":"0","unit":"px","sizes":[]},"_offset_x_end":{"size":"0","unit":"px","sizes":[]},"_offset_y_end":{"size":"0","unit":"px","sizes":[]},"margin_tablet":{"top":"0","left":"0","unit":"px","right":"0","bottom":"0","isLinked":false},"flex_direction":"row","padding_tablet":{"top":"0","left":"0","unit":"px","right":"0","bottom":"0","isLinked":false},"flex_align_items":"center","flex_direction_tablet":"row","flex_align_items_tablet":"flex-start","flex_justify_content_tablet":"flex-start"},"elements":[{"id":"6a3d6374","settings":{"view":"traditional","image":{"id":44,"url":"https:\/\/limitless.dev.ananass.fr\/wp-content\/uploads\/2025\/08\/3-18.png"},"width":{"size":64,"unit":"px","sizes":[]},"_margin":{"top":"0","left":"0","unit":"px","right":"0","bottom":"0","isLinked":false},"_padding":{"top":"0","left":"0","unit":"px","right":"0","bottom":"0","isLinked":false},"_offset_x":{"size":"0","unit":"px","sizes":[]},"_offset_y":{"size":"0","unit":"px","sizes":[]},"custom_css":"selector {\n    min-width: 56px;\n}","image_size":"full","width_mobile":{"size":"","unit":"px","sizes":[]},"width_tablet":{"size":"","unit":"px","sizes":[]},"_offset_x_end":{"size":"0","unit":"px","sizes":[]},"_offset_y_end":{"size":"0","unit":"px","sizes":[]},"_element_width":"auto","image_border_radius":{"top":"100","left":"100","unit":"px","right":"100","bottom":"100","isLinked":true}},"elements":[],"isInner":false,"widgetType":"image","elType":"widget"},{"id":"4d8a4395","settings":{"view":"traditional","image":{"id":"","url":"","size":""},"_offset_x":{"size":"0","unit":"px","sizes":[]},"_offset_y":{"size":"0","unit":"px","sizes":[]},"text_align":"left","title_text":"Name Surname","title_color":"#000000","_offset_x_end":{"size":"0","unit":"px","sizes":[]},"_offset_y_end":{"size":"0","unit":"px","sizes":[]},"description_text":"Position, Company name","description_color":"#7A7A7A","title_bottom_space":{"size":0,"unit":"px","sizes":[]},"title_typography_font_size":{"size":16,"unit":"px","sizes":[]},"title_typography_typography":"custom","title_typography_font_family":"Roboto","title_typography_font_weight":"600","description_typography_font_size":{"size":16,"unit":"px","sizes":[]},"description_typography_typography":"custom","description_typography_font_family":"Roboto","description_typography_font_weight":"400"},"elements":[],"isInner":false,"widgetType":"image-box","elType":"widget"},{"id":"163809e2","settings":{"view":"traditional","_offset_x":{"size":"0","unit":"px","sizes":[]},"_offset_y":{"size":"0","unit":"px","sizes":[]},"hide_mobile":"hidden-mobile","hide_tablet":"hidden-tablet","_border_color":"#000000","_border_width":{"top":"0","left":"1","unit":"px","right":"0","bottom":"0","isLinked":false},"_offset_x_end":{"size":"0","unit":"px","sizes":[]},"_offset_y_end":{"size":"0","unit":"px","sizes":[]},"_border_border":"solid","_border_radius":{"top":"0","left":"0","unit":"px","right":"0","bottom":"0","isLinked":false}},"elements":[],"isInner":false,"widgetType":"spacer","elType":"widget"},{"id":"4104b4e4","settings":{"view":"traditional","align":"center","image":{"id":48,"url":"https:\/\/limitless.dev.ananass.fr\/wp-content\/uploads\/2025\/08\/logo-High-point-orange-18.png"},"width":{"size":180,"unit":"px","sizes":[]},"_offset_x":{"size":"0","unit":"px","sizes":[]},"_offset_y":{"size":"0","unit":"px","sizes":[]},"image_size":"full","width_mobile":{"size":"","unit":"px","sizes":[]},"width_tablet":{"size":"","unit":"px","sizes":[]},"_offset_x_end":{"size":"0","unit":"px","sizes":[]},"_offset_y_end":{"size":"0","unit":"px","sizes":[]}},"elements":[],"isInner":false,"widgetType":"image","elType":"widget"}],"isInner":true,"elType":"container"}],"isInner":true,"elType":"container"}],"isInner":true,"elType":"container","isLocked":true},{"id":"7c3ace46","settings":{"_title":"Slide #1","margin":{"top":"0","left":"0","unit":"px","right":"0","bottom":"0","isLinked":false},"padding":{"top":"0","left":"0","unit":"px","right":"0","bottom":"0","isLinked":false},"_offset_x":{"size":"0","unit":"px","sizes":[]},"_offset_y":{"size":"0","unit":"px","sizes":[]},"boxed_width":{"size":100,"unit":"%","sizes":[]},"_offset_x_end":{"size":"0","unit":"px","sizes":[]},"_offset_y_end":{"size":"0","unit":"px","sizes":[]},"boxed_width_mobile":{"size":"","unit":"%","sizes":[]},"boxed_width_tablet":{"size":"","unit":"%","sizes":[]}},"elements":[{"id":"182bb24a","settings":{"width":{"size":100,"unit":"%"},"_title":"Container","margin":{"top":"0","left":"0","unit":"px","right":"0","bottom":"0","isLinked":false},"padding":{"top":"0","left":"0","unit":"px","right":"0","bottom":"0","isLinked":false},"_offset_x":{"size":"0","unit":"px","sizes":[]},"_offset_y":{"size":"0","unit":"px","sizes":[]},"_column_size":50,"width_mobile":{"size":"","unit":"%","sizes":[]},"width_tablet":{"size":"","unit":"%","sizes":[]},"_offset_x_end":{"size":"0","unit":"px","sizes":[]},"_offset_y_end":{"size":"0","unit":"px","sizes":[]},"content_width":"full","flex_direction":"column","padding_mobile":{"top":"0","left":"0","unit":"px","right":"0","bottom":"0","isLinked":true},"padding_tablet":{"top":"0","left":"0","unit":"px","right":"0","bottom":"0","isLinked":false},"flex_align_items":"flex-start","flex_justify_content":"flex-start"},"elements":[{"id":"25435c5d","settings":{"_offset_x":{"size":"0","unit":"px","sizes":[]},"_offset_y":{"size":"0","unit":"px","sizes":[]},"icon_size":{"size":18,"unit":"px","sizes":[]},"star_style":"star_unicode","stars_color":"#000000","_offset_x_end":{"size":"0","unit":"px","sizes":[]},"_offset_y_end":{"size":"0","unit":"px","sizes":[]},"stars_unmarked_color":"#808080"},"elements":[],"isInner":false,"widgetType":"star-rating","elType":"widget"},{"id":"608d67a","settings":{"editor":"<p>\"Lorem ipsum dolor sit amet, consectetur adipiscing elit. Suspendisse varius enim in eros elementum tristique. Duis cursus, mi quis viverra ornare, eros dolor interdum nulla, ut commodo diam libero vitae erat.\"<\/p>","_offset_x":{"size":"0","unit":"px","sizes":[]},"_offset_y":{"size":"0","unit":"px","sizes":[]},"_offset_x_end":{"size":"0","unit":"px","sizes":[]},"_offset_y_end":{"size":"0","unit":"px","sizes":[]},"__globals__":{"typography_typography":"globals\/typography?id=text","text_color":"globals\/colors?id=text"}},"elements":[],"isInner":false,"widgetType":"text-editor","elType":"widget"},{"id":"6796be86","settings":{"margin":{"top":"0","left":"0","unit":"px","right":"0","bottom":"0","isLinked":false},"padding":{"top":"0","left":"0","unit":"px","right":"0","bottom":"0","isLinked":false},"flex_gap":{"size":16,"unit":"px","sizes":[],"column":"16","row":"16","isLinked":true},"_offset_x":{"size":"0","unit":"px","sizes":[]},"_offset_y":{"size":"0","unit":"px","sizes":[]},"_offset_x_end":{"size":"0","unit":"px","sizes":[]},"_offset_y_end":{"size":"0","unit":"px","sizes":[]},"margin_tablet":{"top":"0","left":"0","unit":"px","right":"0","bottom":"0","isLinked":false},"flex_direction":"row","padding_tablet":{"top":"0","left":"0","unit":"px","right":"0","bottom":"0","isLinked":false},"flex_align_items":"center","flex_direction_tablet":"row","flex_align_items_tablet":"flex-start","flex_justify_content_tablet":"flex-start"},"elements":[{"id":"764404f5","settings":{"view":"traditional","image":{"id":51,"url":"https:\/\/limitless.dev.ananass.fr\/wp-content\/uploads\/2025\/08\/4-18.png"},"width":{"size":64,"unit":"px","sizes":[]},"_margin":{"top":"0","left":"0","unit":"px","right":"0","bottom":"0","isLinked":false},"_padding":{"top":"0","left":"0","unit":"px","right":"0","bottom":"0","isLinked":false},"_offset_x":{"size":"0","unit":"px","sizes":[]},"_offset_y":{"size":"0","unit":"px","sizes":[]},"custom_css":"selector {\n    min-width: 56px;\n}","image_size":"full","width_mobile":{"size":"","unit":"px","sizes":[]},"width_tablet":{"size":"","unit":"px","sizes":[]},"_offset_x_end":{"size":"0","unit":"px","sizes":[]},"_offset_y_end":{"size":"0","unit":"px","sizes":[]},"_element_width":"auto","image_border_radius":{"top":"100","left":"100","unit":"px","right":"100","bottom":"100","isLinked":true}},"elements":[],"isInner":false,"widgetType":"image","elType":"widget"},{"id":"53fd373","settings":{"view":"traditional","image":{"id":"","url":"","size":""},"_offset_x":{"size":"0","unit":"px","sizes":[]},"_offset_y":{"size":"0","unit":"px","sizes":[]},"text_align":"left","title_text":"Name Surname","title_color":"#000000","_offset_x_end":{"size":"0","unit":"px","sizes":[]},"_offset_y_end":{"size":"0","unit":"px","sizes":[]},"description_text":"Position, Company name","description_color":"#7A7A7A","title_bottom_space":{"size":0,"unit":"px","sizes":[]},"title_typography_font_size":{"size":16,"unit":"px","sizes":[]},"title_typography_typography":"custom","title_typography_font_family":"Roboto","title_typography_font_weight":"600","description_typography_font_size":{"size":16,"unit":"px","sizes":[]},"description_typography_typography":"custom","description_typography_font_family":"Roboto","description_typography_font_weight":"400"},"elements":[],"isInner":false,"widgetType":"image-box","elType":"widget"},{"id":"eb8e8d9","settings":{"view":"traditional","_offset_x":{"size":"0","unit":"px","sizes":[]},"_offset_y":{"size":"0","unit":"px","sizes":[]},"hide_mobile":"hidden-mobile","hide_tablet":"hidden-tablet","_border_color":"#000000","_border_width":{"top":"0","left":"1","unit":"px","right":"0","bottom":"0","isLinked":false},"_offset_x_end":{"size":"0","unit":"px","sizes":[]},"_offset_y_end":{"size":"0","unit":"px","sizes":[]},"_border_border":"solid","_border_radius":{"top":"0","left":"0","unit":"px","right":"0","bottom":"0","isLinked":false}},"elements":[],"isInner":false,"widgetType":"spacer","elType":"widget"},{"id":"43ed2ef","settings":{"view":"traditional","align":"center","image":{"id":50,"url":"https:\/\/limitless.dev.ananass.fr\/wp-content\/uploads\/2025\/08\/logo-High-point-gray-18.png"},"width":{"size":180,"unit":"px","sizes":[]},"_offset_x":{"size":"0","unit":"px","sizes":[]},"_offset_y":{"size":"0","unit":"px","sizes":[]},"image_size":"full","width_mobile":{"size":"","unit":"px","sizes":[]},"width_tablet":{"size":"","unit":"px","sizes":[]},"_offset_x_end":{"size":"0","unit":"px","sizes":[]},"_offset_y_end":{"size":"0","unit":"px","sizes":[]}},"elements":[],"isInner":false,"widgetType":"image","elType":"widget"}],"isInner":true,"elType":"container"}],"isInner":true,"elType":"container"}],"isInner":true,"elType":"container","isLocked":true},{"id":"43983aaa","settings":{"_title":"Slide #1","margin":{"top":"0","left":"0","unit":"px","right":"0","bottom":"0","isLinked":false},"padding":{"top":"0","left":"0","unit":"px","right":"0","bottom":"0","isLinked":false},"_offset_x":{"size":"0","unit":"px","sizes":[]},"_offset_y":{"size":"0","unit":"px","sizes":[]},"boxed_width":{"size":100,"unit":"%","sizes":[]},"_offset_x_end":{"size":"0","unit":"px","sizes":[]},"_offset_y_end":{"size":"0","unit":"px","sizes":[]},"boxed_width_mobile":{"size":"","unit":"%","sizes":[]},"boxed_width_tablet":{"size":"","unit":"%","sizes":[]}},"elements":[{"id":"71ee8ad9","settings":{"width":{"size":100,"unit":"%"},"_title":"Container","margin":{"top":"0","left":"0","unit":"px","right":"0","bottom":"0","isLinked":false},"padding":{"top":"0","left":"0","unit":"px","right":"0","bottom":"0","isLinked":false},"_offset_x":{"size":"0","unit":"px","sizes":[]},"_offset_y":{"size":"0","unit":"px","sizes":[]},"_column_size":50,"width_mobile":{"size":"","unit":"%","sizes":[]},"width_tablet":{"size":"","unit":"%","sizes":[]},"_offset_x_end":{"size":"0","unit":"px","sizes":[]},"_offset_y_end":{"size":"0","unit":"px","sizes":[]},"content_width":"full","flex_direction":"column","padding_mobile":{"top":"0","left":"0","unit":"px","right":"0","bottom":"0","isLinked":true},"padding_tablet":{"top":"0","left":"0","unit":"px","right":"0","bottom":"0","isLinked":false},"flex_align_items":"flex-start","flex_justify_content":"flex-start"},"elements":[{"id":"6362ca42","settings":{"_offset_x":{"size":"0","unit":"px","sizes":[]},"_offset_y":{"size":"0","unit":"px","sizes":[]},"icon_size":{"size":18,"unit":"px","sizes":[]},"star_style":"star_unicode","stars_color":"#000000","_offset_x_end":{"size":"0","unit":"px","sizes":[]},"_offset_y_end":{"size":"0","unit":"px","sizes":[]},"stars_unmarked_color":"#808080"},"elements":[],"isInner":false,"widgetType":"star-rating","elType":"widget"},{"id":"6a6cfc55","settings":{"editor":"<p>\"Lorem ipsum dolor sit amet, consectetur adipiscing elit. Suspendisse varius enim in eros elementum tristique. Duis cursus, mi quis viverra ornare, eros dolor interdum nulla, ut commodo diam libero vitae erat.\"<\/p>","_offset_x":{"size":"0","unit":"px","sizes":[]},"_offset_y":{"size":"0","unit":"px","sizes":[]},"_offset_x_end":{"size":"0","unit":"px","sizes":[]},"_offset_y_end":{"size":"0","unit":"px","sizes":[]},"__globals__":{"typography_typography":"globals\/typography?id=text","text_color":"globals\/colors?id=text"}},"elements":[],"isInner":false,"widgetType":"text-editor","elType":"widget"},{"id":"7af16d03","settings":{"margin":{"top":"0","left":"0","unit":"px","right":"0","bottom":"0","isLinked":false},"padding":{"top":"0","left":"0","unit":"px","right":"0","bottom":"0","isLinked":false},"flex_gap":{"size":16,"unit":"px","sizes":[],"column":"16","row":"16","isLinked":true},"_offset_x":{"size":"0","unit":"px","sizes":[]},"_offset_y":{"size":"0","unit":"px","sizes":[]},"_offset_x_end":{"size":"0","unit":"px","sizes":[]},"_offset_y_end":{"size":"0","unit":"px","sizes":[]},"margin_tablet":{"top":"0","left":"0","unit":"px","right":"0","bottom":"0","isLinked":false},"flex_direction":"row","padding_tablet":{"top":"0","left":"0","unit":"px","right":"0","bottom":"0","isLinked":false},"flex_align_items":"center","flex_direction_tablet":"row","flex_align_items_tablet":"flex-start","flex_justify_content_tablet":"flex-start"},"elements":[{"id":"27dc3082","settings":{"view":"traditional","image":{"id":52,"url":"https:\/\/limitless.dev.ananass.fr\/wp-content\/uploads\/2025\/08\/5-18.png"},"width":{"size":64,"unit":"px","sizes":[]},"_margin":{"top":"0","left":"0","unit":"px","right":"0","bottom":"0","isLinked":false},"_padding":{"top":"0","left":"0","unit":"px","right":"0","bottom":"0","isLinked":false},"_offset_x":{"size":"0","unit":"px","sizes":[]},"_offset_y":{"size":"0","unit":"px","sizes":[]},"custom_css":"selector {\n    min-width: 56px;\n}","image_size":"full","width_mobile":{"size":"","unit":"px","sizes":[]},"width_tablet":{"size":"","unit":"px","sizes":[]},"_offset_x_end":{"size":"0","unit":"px","sizes":[]},"_offset_y_end":{"size":"0","unit":"px","sizes":[]},"_element_width":"auto","image_border_radius":{"top":"100","left":"100","unit":"px","right":"100","bottom":"100","isLinked":true}},"elements":[],"isInner":false,"widgetType":"image","elType":"widget"},{"id":"5e162abd","settings":{"view":"traditional","image":{"id":"","url":"","size":""},"_offset_x":{"size":"0","unit":"px","sizes":[]},"_offset_y":{"size":"0","unit":"px","sizes":[]},"text_align":"left","title_text":"Name Surname","title_color":"#000000","_offset_x_end":{"size":"0","unit":"px","sizes":[]},"_offset_y_end":{"size":"0","unit":"px","sizes":[]},"description_text":"Position, Company name","description_color":"#7A7A7A","title_bottom_space":{"size":0,"unit":"px","sizes":[]},"title_typography_font_size":{"size":16,"unit":"px","sizes":[]},"title_typography_typography":"custom","title_typography_font_family":"Roboto","title_typography_font_weight":"600","description_typography_font_size":{"size":16,"unit":"px","sizes":[]},"description_typography_typography":"custom","description_typography_font_family":"Roboto","description_typography_font_weight":"400"},"elements":[],"isInner":false,"widgetType":"image-box","elType":"widget"},{"id":"7e271d04","settings":{"view":"traditional","_offset_x":{"size":"0","unit":"px","sizes":[]},"_offset_y":{"size":"0","unit":"px","sizes":[]},"hide_mobile":"hidden-mobile","hide_tablet":"hidden-tablet","_border_color":"#000000","_border_width":{"top":"0","left":"1","unit":"px","right":"0","bottom":"0","isLinked":false},"_offset_x_end":{"size":"0","unit":"px","sizes":[]},"_offset_y_end":{"size":"0","unit":"px","sizes":[]},"_border_border":"solid","_border_radius":{"top":"0","left":"0","unit":"px","right":"0","bottom":"0","isLinked":false}},"elements":[],"isInner":false,"widgetType":"spacer","elType":"widget"},{"id":"295418b2","settings":{"view":"traditional","align":"center","image":{"id":48,"url":"https:\/\/limitless.dev.ananass.fr\/wp-content\/uploads\/2025\/08\/logo-High-point-orange-18.png"},"width":{"size":180,"unit":"px","sizes":[]},"_offset_x":{"size":"0","unit":"px","sizes":[]},"_offset_y":{"size":"0","unit":"px","sizes":[]},"image_size":"full","width_mobile":{"size":"","unit":"px","sizes":[]},"width_tablet":{"size":"","unit":"px","sizes":[]},"_offset_x_end":{"size":"0","unit":"px","sizes":[]},"_offset_y_end":{"size":"0","unit":"px","sizes":[]}},"elements":[],"isInner":false,"widgetType":"image","elType":"widget"}],"isInner":true,"elType":"container"}],"isInner":true,"elType":"container"}],"isInner":true,"elType":"container","isLocked":true},{"id":"4331f42c","settings":{"_title":"Slide #1","margin":{"top":"0","left":"0","unit":"px","right":"0","bottom":"0","isLinked":false},"padding":{"top":"0","left":"0","unit":"px","right":"0","bottom":"0","isLinked":false},"_offset_x":{"size":"0","unit":"px","sizes":[]},"_offset_y":{"size":"0","unit":"px","sizes":[]},"boxed_width":{"size":100,"unit":"%","sizes":[]},"_offset_x_end":{"size":"0","unit":"px","sizes":[]},"_offset_y_end":{"size":"0","unit":"px","sizes":[]},"boxed_width_mobile":{"size":"","unit":"%","sizes":[]},"boxed_width_tablet":{"size":"","unit":"%","sizes":[]}},"elements":[{"id":"59ad2014","settings":{"width":{"size":100,"unit":"%"},"_title":"Container","margin":{"top":"0","left":"0","unit":"px","right":"0","bottom":"0","isLinked":false},"padding":{"top":"0","left":"0","unit":"px","right":"0","bottom":"0","isLinked":false},"_offset_x":{"size":"0","unit":"px","sizes":[]},"_offset_y":{"size":"0","unit":"px","sizes":[]},"_column_size":50,"width_mobile":{"size":"","unit":"%","sizes":[]},"width_tablet":{"size":"","unit":"%","sizes":[]},"_offset_x_end":{"size":"0","unit":"px","sizes":[]},"_offset_y_end":{"size":"0","unit":"px","sizes":[]},"content_width":"full","flex_direction":"column","padding_mobile":{"top":"0","left":"0","unit":"px","right":"0","bottom":"0","isLinked":true},"padding_tablet":{"top":"0","left":"0","unit":"px","right":"0","bottom":"0","isLinked":false},"flex_align_items":"flex-start","flex_justify_content":"flex-start"},"elements":[{"id":"5ad41df7","settings":{"_offset_x":{"size":"0","unit":"px","sizes":[]},"_offset_y":{"size":"0","unit":"px","sizes":[]},"icon_size":{"size":18,"unit":"px","sizes":[]},"star_style":"star_unicode","stars_color":"#000000","_offset_x_end":{"size":"0","unit":"px","sizes":[]},"_offset_y_end":{"size":"0","unit":"px","sizes":[]},"stars_unmarked_color":"#808080"},"elements":[],"isInner":false,"widgetType":"star-rating","elType":"widget"},{"id":"1674111c","settings":{"editor":"<p>\"Lorem ipsum dolor sit amet, consectetur adipiscing elit. Suspendisse varius enim in eros elementum tristique. Duis cursus, mi quis viverra ornare, eros dolor interdum nulla, ut commodo diam libero vitae erat.\"<\/p>","_offset_x":{"size":"0","unit":"px","sizes":[]},"_offset_y":{"size":"0","unit":"px","sizes":[]},"_offset_x_end":{"size":"0","unit":"px","sizes":[]},"_offset_y_end":{"size":"0","unit":"px","sizes":[]},"__globals__":{"typography_typography":"globals\/typography?id=text","text_color":"globals\/colors?id=text"}},"elements":[],"isInner":false,"widgetType":"text-editor","elType":"widget"},{"id":"13a52a63","settings":{"margin":{"top":"0","left":"0","unit":"px","right":"0","bottom":"0","isLinked":false},"padding":{"top":"0","left":"0","unit":"px","right":"0","bottom":"0","isLinked":false},"flex_gap":{"size":16,"unit":"px","sizes":[],"column":"16","row":"16","isLinked":true},"_offset_x":{"size":"0","unit":"px","sizes":[]},"_offset_y":{"size":"0","unit":"px","sizes":[]},"_offset_x_end":{"size":"0","unit":"px","sizes":[]},"_offset_y_end":{"size":"0","unit":"px","sizes":[]},"margin_tablet":{"top":"0","left":"0","unit":"px","right":"0","bottom":"0","isLinked":false},"flex_direction":"row","padding_tablet":{"top":"0","left":"0","unit":"px","right":"0","bottom":"0","isLinked":false},"flex_align_items":"center","flex_direction_tablet":"row","flex_align_items_tablet":"flex-start","flex_justify_content_tablet":"flex-start"},"elements":[{"id":"26ebbbc5","settings":{"view":"traditional","image":{"id":53,"url":"https:\/\/limitless.dev.ananass.fr\/wp-content\/uploads\/2025\/08\/6-18.png"},"width":{"size":64,"unit":"px","sizes":[]},"_margin":{"top":"0","left":"0","unit":"px","right":"0","bottom":"0","isLinked":false},"_padding":{"top":"0","left":"0","unit":"px","right":"0","bottom":"0","isLinked":false},"_offset_x":{"size":"0","unit":"px","sizes":[]},"_offset_y":{"size":"0","unit":"px","sizes":[]},"custom_css":"selector {\n    min-width: 56px;\n}","image_size":"full","width_mobile":{"size":"","unit":"px","sizes":[]},"width_tablet":{"size":"","unit":"px","sizes":[]},"_offset_x_end":{"size":"0","unit":"px","sizes":[]},"_offset_y_end":{"size":"0","unit":"px","sizes":[]},"_element_width":"auto","image_border_radius":{"top":"100","left":"100","unit":"px","right":"100","bottom":"100","isLinked":true}},"elements":[],"isInner":false,"widgetType":"image","elType":"widget"},{"id":"3a2d834","settings":{"view":"traditional","image":{"id":"","url":"","size":""},"_offset_x":{"size":"0","unit":"px","sizes":[]},"_offset_y":{"size":"0","unit":"px","sizes":[]},"text_align":"left","title_text":"Name Surname","title_color":"#000000","_offset_x_end":{"size":"0","unit":"px","sizes":[]},"_offset_y_end":{"size":"0","unit":"px","sizes":[]},"description_text":"Position, Company name","description_color":"#7A7A7A","title_bottom_space":{"size":0,"unit":"px","sizes":[]},"title_typography_font_size":{"size":16,"unit":"px","sizes":[]},"title_typography_typography":"custom","title_typography_font_family":"Roboto","title_typography_font_weight":"600","description_typography_font_size":{"size":16,"unit":"px","sizes":[]},"description_typography_typography":"custom","description_typography_font_family":"Roboto","description_typography_font_weight":"400"},"elements":[],"isInner":false,"widgetType":"image-box","elType":"widget"},{"id":"679ce1f1","settings":{"view":"traditional","_offset_x":{"size":"0","unit":"px","sizes":[]},"_offset_y":{"size":"0","unit":"px","sizes":[]},"hide_mobile":"hidden-mobile","hide_tablet":"hidden-tablet","_border_color":"#000000","_border_width":{"top":"0","left":"1","unit":"px","right":"0","bottom":"0","isLinked":false},"_offset_x_end":{"size":"0","unit":"px","sizes":[]},"_offset_y_end":{"size":"0","unit":"px","sizes":[]},"_border_border":"solid","_border_radius":{"top":"0","left":"0","unit":"px","right":"0","bottom":"0","isLinked":false}},"elements":[],"isInner":false,"widgetType":"spacer","elType":"widget"},{"id":"bf754d8","settings":{"view":"traditional","align":"center","image":{"id":50,"url":"https:\/\/limitless.dev.ananass.fr\/wp-content\/uploads\/2025\/08\/logo-High-point-gray-18.png"},"width":{"size":180,"unit":"px","sizes":[]},"_offset_x":{"size":"0","unit":"px","sizes":[]},"_offset_y":{"size":"0","unit":"px","sizes":[]},"image_size":"full","width_mobile":{"size":"","unit":"px","sizes":[]},"width_tablet":{"size":"","unit":"px","sizes":[]},"_offset_x_end":{"size":"0","unit":"px","sizes":[]},"_offset_y_end":{"size":"0","unit":"px","sizes":[]}},"elements":[],"isInner":false,"widgetType":"image","elType":"widget"}],"isInner":true,"elType":"container"}],"isInner":true,"elType":"container"}],"isInner":true,"elType":"container","isLocked":true}],"isInner":false,"widgetType":"nested-carousel","elType":"widget"}],"isInner":true,"elType":"container"}],"isInner":true,"elType":"container"},{"id":"6d13ebb1","settings":{"text":"Join us today","size":"xl","border_radius":{"unit":"px","top":"50","right":"50","bottom":"50","left":"50","isLinked":true},"__globals__":{"background_color":"","button_text_color":"globals\/colors?id=a2fb886","border_color":"globals\/colors?id=primary","hover_color":"globals\/colors?id=primary","button_background_hover_color":"globals\/colors?id=9b0591c"},"button_box_shadow_box_shadow":{"horizontal":0,"vertical":0,"blur":24,"spread":0,"color":"rgba(255, 8.999999999999996, 8.999999999999996, 0.66)"},"typography_typography":"custom","typography_font_family":"Josefin Sans","typography_font_size":{"unit":"rem","size":1.125,"sizes":[]},"typography_font_weight":"600","typography_text_transform":"uppercase","hover_animation":"bob","border_border":"solid","button_box_shadow_box_shadow_type":"yes","align":"center","border_width":{"unit":"px","top":"1","right":"1","bottom":"1","left":"1","isLinked":true},"typography_line_height":{"unit":"em","size":"","sizes":[]},"typography_word_spacing":{"unit":"em","size":"","sizes":[]},"background_gradient_position_tablet":"center center","background_gradient_position_mobile":"center center","button_background_hover_gradient_position_tablet":"center center","button_background_hover_gradient_position_mobile":"center center"},"elements":[],"isInner":false,"widgetType":"button","elType":"widget"}],"isInner":false,"elType":"container"}],"settings":{"custom_css":"body{\r\n    overflow-x: hidden;\r\n}\r\n\r\n@media(min-width:1025px){\r\n    .scroll-headline, .scroll-des, .scroll-button{\r\n    opacity: 0;\r\n}\r\n}\r\n\r\n.overlay-zoom{\r\n    position: absolute;\r\n    top: 0;\r\n    left: 0;\r\n    width: 100%;\r\n}"},"metadata":[]}