{"content":[{"id":"70faf0a9","settings":{"custom_height":{"unit":"px","size":80},"content_position":"middle","structure":"20","box_shadow_box_shadow":{"horizontal":0,"vertical":0,"blur":40,"spread":0,"color":"rgba(0,0,0,0.16)"},"padding_tablet":{"unit":"%","top":"1","right":"0","bottom":"1","left":"0","isLinked":false},"html_tag":"header","_title":"Header-1 | desk & tab","background_color_b":"#59352800","margin":{"unit":"%","top":"0","right":0,"bottom":"-12","left":0,"isLinked":false},"css_classes":"header-1","__globals__":{"background_color":"","background_color_b":""},"reverse_order_mobile":"reverse-mobile","padding_mobile":{"unit":"%","top":"0","right":"0","bottom":"0","left":"0","isLinked":false},"sticky":"top","margin_tablet":{"unit":"%","top":"0","right":"0","bottom":"-19","left":"0","isLinked":false},"margin_mobile":{"unit":"%","top":"0","right":"0","bottom":"-29","left":"0","isLinked":false},"sticky_on":["desktop","tablet"],"content_width":"full","padding":{"unit":"%","top":"1","right":"5","bottom":"1","left":"5","isLinked":false},"flex_direction":"row","flex_gap":{"size":10,"column":"10","row":"10","unit":"px"},"flex_justify_content":"space-between","boxed_width":{"unit":"%","size":"","sizes":[]},"boxed_width_tablet":{"unit":"%","size":"","sizes":[]},"boxed_width_mobile":{"unit":"%","size":"","sizes":[]},"width_mobile":{"unit":"%","size":"","sizes":[]},"background_background":"gradient","background_color":"#26262694","position":"fixed","z_index":10,"flex_direction_laptop":"row","padding_mobile_extra":{"unit":"%","top":"1","right":"5","bottom":"1","left":"5","isLinked":false}},"elements":[{"id":"22ae6e7a","settings":{"content_width":"full","flex_direction":"row","flex_align_items":"center","padding":{"unit":"px","top":"0","right":"0","bottom":"0","left":"0","isLinked":true},"width_tablet":{"unit":"%","size":59,"sizes":[]},"width_mobile":{"unit":"%","size":66,"sizes":[]},"z_index_mobile":1,"width_laptop":{"unit":"%","size":66,"sizes":[]},"width_tablet_extra":{"unit":"%","size":64,"sizes":[]},"width_mobile_extra":{"unit":"%","size":33,"sizes":[]},"width":{"unit":"%","size":66,"sizes":[]}},"elements":[{"id":"5d1379ad","settings":{"__dynamic__":{"image":"[elementor-tag id=\"\" name=\"site-logo\" settings=\"%7B%7D\"]","link":"[elementor-tag id=\"5167e7a\" name=\"internal-url\" settings=\"%7B%22type%22%3A%22post%22%2C%22post_id%22%3A%2210%22%7D\"]"},"link":{"url":"","is_external":"","nofollow":"","custom_attributes":"title|logo home page geppetto"},"image":{"id":2932,"url":"https:\/\/limitless.dev.ananass.fr\/wp-content\/uploads\/2023\/07\/placeholder-1.png"},"space":{"unit":"%","size":83,"sizes":[]},"width":{"unit":"%","size":100,"sizes":[]},"link_to":"custom","_element_custom_width":{"unit":"%","size":20,"sizes":[]},"align_mobile":"center","width_mobile":{"unit":"%","size":100,"sizes":[]},"space_mobile":{"unit":"%","size":72,"sizes":[]},"_element_width":"initial","_flex_align_self":"center","space_tablet":{"unit":"%","size":72,"sizes":[]},"_element_custom_width_tablet":{"unit":"%","size":61,"sizes":[]},"_element_custom_width_mobile":{"unit":"%","size":94,"sizes":[]},"width_tablet_extra":{"unit":"%","size":100,"sizes":[]},"width_mobile_extra":{"unit":"%","size":"","sizes":[]},"space_tablet_extra":{"unit":"%","size":100,"sizes":[]},"space_mobile_extra":{"unit":"%","size":96,"sizes":[]},"_element_custom_width_tablet_extra":{"unit":"%","size":31,"sizes":[]},"_element_custom_width_mobile_extra":{"unit":"%","size":72,"sizes":[]},"align_laptop":"left","align_mobile_extra":"center","_element_custom_width_laptop":{"unit":"%","size":32,"sizes":[]},"_flex_align_self_laptop":"center"},"elements":[],"isInner":false,"widgetType":"theme-site-logo","elType":"widget"}],"isInner":true,"elType":"container"},{"id":"6d39619a","settings":{"content_width":"full","width":{"unit":"%","size":25},"flex_direction":"row","_flex_size":"none","_element_width":"initial","width_tablet":{"unit":"%","size":40},"width_mobile":{"unit":"%","size":30,"sizes":[]},"flex_direction_tablet":"row","flex_justify_content_tablet":"space-between","flex_align_items":"center","_element_width_tablet":"initial","margin_mobile":{"unit":"px","top":"0","right":"0","bottom":"0","left":"0","isLinked":false},"z_index_mobile":1,"width_laptop":{"unit":"%","size":33,"sizes":[]},"width_tablet_extra":{"unit":"%","size":36,"sizes":[]},"width_mobile_extra":{"unit":"%","size":56,"sizes":[]},"flex_justify_content":"space-between","flex_gap":{"column":"0","row":"0","isLinked":true,"unit":"px","size":0},"padding":{"unit":"px","top":"0","right":"0","bottom":"0","left":"0","isLinked":true},"_flex_align_self":"center","flex_gap_mobile_extra":{"column":"","row":"","isLinked":true,"unit":"px","size":null},"padding_mobile_extra":{"unit":"px","top":"2","right":"2","bottom":"2","left":"2","isLinked":true}},"elements":[{"id":"34c7d564","settings":{"selected_icon":{"value":"fas fa-headphones-alt","library":"fa-solid"},"title_text":"Call Us Now ","description_text":"(+123) 456 789","title_size":"span","position":"left","text_align":"left","_padding":{"unit":"%","top":"","right":"","bottom":"","left":"","isLinked":true},"_padding_tablet":{"unit":"%","top":"","right":"","bottom":"","left":"","isLinked":true},"_padding_mobile":{"unit":"%","top":"","right":"","bottom":"","left":"","isLinked":true},"_element_custom_width":{"unit":"%","size":63,"sizes":[]},"_border_border":"none","_box_shadow_box_shadow":{"horizontal":0,"vertical":0,"blur":40,"spread":0,"color":"rgba(0, 0, 0, 0.31)"},"__globals__":{"title_typography_typography":"","description_typography_typography":"globals\/typography?id=accent","_background_color":"globals\/colors?id=primary","primary_color":"globals\/colors?id=primary","title_color":"globals\/colors?id=a2fb886","description_color":"globals\/colors?id=a2fb886"},"primary_color":"#FF5D00","title_color":"#292929","title_typography_typography":"custom","title_typography_font_family":"Josefin Sans","title_typography_font_size":{"unit":"rem","size":1.125,"sizes":[]},"title_typography_font_weight":"800","title_typography_text_transform":"uppercase","title_shadow_text_shadow_type":"yes","description_color":"#292929","description_typography_typography":"custom","description_typography_font_family":"Montserrat","description_typography_font_size":{"unit":"rem","size":1.125,"sizes":[]},"description_typography_font_weight":"800","description_shadow_text_shadow_type":"yes","_background_color":"#FF5D00","hide_mobile":"hidden-mobile"},"elements":[],"isInner":false,"widgetType":"icon-box","elType":"widget"},{"id":"647a51d6","settings":{"menu_items":[{"item_title":"","_id":"b582f60","item_dropdown_content":"yes","item_icon":{"value":"fas fa-bars","library":"fa-solid"}}],"content_width":"fit_to_content","content_horizontal_position":"right","item_position_horizontal_tablet":"start","menu_item_icon":{"value":"","library":""},"menu_item_icon_active":{"value":"","library":""},"open_animation":"fadeIn","toggle_align_tablet":"flex-start","horizontal_scroll_tablet":"enable","breakpoint_selector":"none","menu_item_title_background_color_background":"classic","menu_item_title_background_color_hover_background":"classic","menu_item_title_border_radius":{"unit":"px","top":"50","right":"50","bottom":"50","left":"50","isLinked":true},"menu_item_title_padding":{"unit":"px","top":"22","right":"15","bottom":"22","left":"25","isLinked":false},"icon_size":{"unit":"px","size":22,"sizes":[]},"style_menu_toggle_icon_size_tablet":{"unit":"px","size":22,"sizes":[]},"menu_toggle_icon_background_color_normal_background":"classic","menu_toggle_icon_background_color_hover_background":"classic","menu_toggle_icon_border_radius_tablet":{"unit":"px","top":"50","right":"50","bottom":"50","left":"50","isLinked":true},"menu_toggle_icon__padding_tablet":{"unit":"px","top":"22","right":"22","bottom":"22","left":"22","isLinked":true},"__globals__":{"icon_color":"globals\/colors?id=a2fb886","_background_color":"globals\/colors?id=primary","menu_item_title_background_color_color":"globals\/colors?id=primary","menu_item_title_text_color_normal":"globals\/colors?id=a2fb886","menu_item_title_text_color_hover":"globals\/colors?id=primary","icon_color_hover":"globals\/colors?id=primary","menu_toggle_icon_color_normal":"globals\/colors?id=a2fb886","menu_item_title_background_color_hover_color":"globals\/colors?id=9b0591c","menu_toggle_icon_background_color_normal_color":"globals\/colors?id=primary","menu_toggle_icon_color_hover":"globals\/colors?id=primary","menu_toggle_icon_background_color_hover_color":"globals\/colors?id=9b0591c","menu_toggle_icon_color_active":"globals\/colors?id=a2fb886","menu_item_title_typography_typography":"globals\/typography?id=accent","menu_item_title_text_color_active":"globals\/colors?id=primary","icon_color_active":"globals\/colors?id=accent","menu_item_title_box_border_color":"globals\/colors?id=primary"},"_transform_rotateZ_effect":{"unit":"px","size":-10,"sizes":[]},"_transform_rotateZ_effect_hover":{"unit":"px","size":0,"sizes":[]},"item_position_horizontal":"end","menu_item_title_distance_from_content":{"unit":"px","size":7,"sizes":[]},"menu_item_title_typography_typography":"custom","menu_item_title_typography_font_family":"Montserrat","menu_item_title_typography_font_size":{"unit":"rem","size":1.125,"sizes":[]},"menu_item_title_typography_font_weight":"600","menu_item_title_text_color_normal":"#FFFFFF","menu_item_title_background_color_color":"#FF5D00","menu_item_title_box_border_border":"solid","menu_item_title_box_shadow_box_shadow_type":"yes","menu_item_title_box_shadow_box_shadow":{"horizontal":0,"vertical":0,"blur":10,"spread":0,"color":"rgba(0, 0, 0, 0.13)"},"menu_item_title_text_color_hover":"#FFFFFF","menu_item_title_box_border_hover_border":"none","menu_item_title_box_shadow_hover_box_shadow_type":"yes","menu_item_title_box_shadow_hover_box_shadow":{"horizontal":0,"vertical":0,"blur":40,"spread":0,"color":"rgba(255, 93.00000000000001, 0, 0.75)"},"hover_animation":"pop","menu_item_title_text_color_active":"#FFFFFF","icon_color":"#FFFFFF","icon_color_hover":"#FFFFFF","icon_color_active":"#F15302","menu_toggle_icon_color_normal":"#FFFFFF","menu_toggle_icon_background_color_normal_color":"#FF5D00","menu_toggle_icon_border_normal_border":"none","menu_toggle_icon_color_hover":"#FFFFFF","menu_toggle_icon_background_color_hover_color":"#FF5D00","menu_toggle_icon_color_active":"#FFFFFF","content_border_border":"none","content_border_radius":{"unit":"px","top":"10","right":"10","bottom":"10","left":"10","isLinked":true},"menu_dropdown_box_border_border":"none","menu_dropdown_box_border_radius":{"unit":"px","top":"10","right":"10","bottom":"10","left":"10","isLinked":true},"_background_color":"#FF5D00","_border_border":"none","_element_custom_width":{"unit":"%","size":20,"sizes":[]},"_element_custom_width_mobile":{"unit":"%","size":100,"sizes":[]},"item_position_horizontal_mobile":"center","menu_item_title_box_border_width":{"unit":"px","top":"1","right":"1","bottom":"1","left":"1","isLinked":true},"menu_name":"Menu","_element_width":"initial"},"elements":[{"id":"23b0cb7b","settings":{"_title":"Item #1","content_width":"full","width":{"unit":"%","size":29,"sizes":[]},"width_tablet":{"unit":"%","size":45,"sizes":[]},"width_mobile":{"unit":"%","size":93,"sizes":[]},"boxed_width":{"unit":"%","size":"","sizes":[]},"boxed_width_tablet":{"unit":"%","size":"","sizes":[]},"boxed_width_mobile":{"unit":"%","size":"","sizes":[]},"min_height":{"unit":"vh","size":35,"sizes":[]},"min_height_tablet":{"unit":"vh","size":"","sizes":[]},"min_height_mobile":{"unit":"vh","size":"","sizes":[]},"flex_direction":"column","flex_justify_content":"center","flex_align_items":"flex-start","background_background":"classic","border_border":"none","border_width":{"unit":"px","top":"1","right":"1","bottom":"1","left":"1","isLinked":true},"border_radius":{"unit":"px","top":"10","right":"10","bottom":"10","left":"10","isLinked":true},"box_shadow_box_shadow_type":"yes","box_shadow_box_shadow":{"horizontal":0,"vertical":0,"blur":40,"spread":0,"color":"rgba(0, 0, 0, 0.17)"},"margin":{"unit":"%","top":"0","right":"0","bottom":"0","left":"0","isLinked":false},"margin_tablet":{"unit":"%","top":"","right":"","bottom":"","left":"","isLinked":true},"margin_mobile":{"unit":"%","top":"","right":"","bottom":"","left":"","isLinked":true},"padding":{"unit":"%","top":"0","right":"0","bottom":"0","left":"0","isLinked":true},"padding_tablet":{"unit":"%","top":"","right":"","bottom":"","left":"","isLinked":true},"padding_mobile":{"unit":"%","top":"","right":"","bottom":"","left":"","isLinked":true},"__globals__":{"background_color":"globals\/colors?id=primary","border_color":"globals\/colors?id=secondary"},"border_hover_border":"none","border_radius_hover":{"unit":"px","top":"10","right":"10","bottom":"10","left":"10","isLinked":true},"box_shadow_hover_box_shadow_type":"yes","box_shadow_hover_box_shadow":{"horizontal":0,"vertical":0,"blur":20,"spread":0,"color":"rgba(255, 93.00000000000001, 0, 0.21176470588235294)"},"animation":"slideInUp","animation_duration":"fast","flex_align_items_mobile":"flex-start"},"elements":[{"id":"6c3af2d5","settings":{"menu":"main-menu","layout":"vertical","dropdown":"none","menu_typography_typography":"custom","menu_typography_font_family":"Poppins","menu_typography_font_size":{"unit":"rem","size":1.375,"sizes":[]},"menu_typography_font_size_tablet":{"unit":"px","size":25,"sizes":[]},"menu_typography_font_size_mobile":{"unit":"px","size":20,"sizes":[]},"menu_typography_font_weight":"300","menu_typography_text_transform":"none","menu_typography_font_style":"normal","menu_typography_text_decoration":"none","menu_typography_line_height":{"unit":"em","size":1.5,"sizes":[]},"menu_typography_letter_spacing":{"unit":"px","size":1.5,"sizes":[]},"color_menu_item":"#EFE7DA","color_menu_item_hover":"#EFE7DA","pointer_color_menu_item_hover":"#EFE7DA30","pointer_width":{"unit":"px","size":1,"sizes":[]},"padding_vertical_menu_item":{"unit":"px","size":15,"sizes":[]},"_element_width":"inherit","__globals__":{"color_menu_item":"globals\/colors?id=a2fb886","menu_typography_typography":"globals\/typography?id=6be452f","color_menu_item_hover":"globals\/colors?id=secondary","pointer_color_menu_item_hover":"","color_menu_item_hover_pointer_bg":"globals\/colors?id=a2fb886"},"pointer":"background","animation_text":"skew","color_menu_item_hover_pointer_bg":"#EFE7DA","menu_name":"Menu","menu_id":3},"elements":[],"isInner":false,"widgetType":"nav-menu","elType":"widget"}],"isInner":true,"elType":"container","isLocked":true}],"isInner":false,"widgetType":"mega-menu","elType":"widget"}],"isInner":true,"elType":"container"}],"isInner":false,"elType":"container"}],"settings":[],"metadata":[]}