{"content":[{"id":"2d74aed9","settings":{"flex_direction":"row","flex_gap":{"unit":"px","size":0,"column":"0","row":"0","isLinked":true},"content_width":"full","width_tablet":{"unit":"%","size":100,"sizes":[]},"width_mobile":{"unit":"%","size":"","sizes":[]},"min_height":{"unit":"vh","size":40,"sizes":[]},"min_height_tablet":{"unit":"vh","size":"","sizes":[]},"min_height_mobile":{"unit":"vh","size":"","sizes":[]},"flex_direction_tablet":"column","flex_justify_content_tablet":"space-evenly","flex_align_items_tablet":"stretch","background_color_b":"#FFFFFF","background_gradient_angle":{"unit":"deg","size":0,"sizes":[]},"background_image":{"url":"","id":"","size":"","alt":"","source":"library"},"background_position":"bottom center","background_repeat":"no-repeat","background_size":"cover","background_overlay_background":"classic","background_overlay_color":"#FFFFFF","background_overlay_color_b":"#A9A5A43D","background_overlay_image":{"url":"","id":"","size":"","alt":"","source":"library"},"background_overlay_position":"bottom center","background_overlay_repeat":"no-repeat","background_overlay_size":"contain","background_overlay_opacity":{"unit":"px","size":1,"sizes":[]},"margin":{"unit":"px","top":"-10","right":"0","bottom":"0","left":"0","isLinked":false},"padding":{"unit":"%","top":"5","right":"5","bottom":"5","left":"5","isLinked":true},"padding_tablet":{"unit":"%","top":"","right":"","bottom":"","left":"","isLinked":true},"padding_mobile":{"unit":"%","top":"","right":"","bottom":"","left":"","isLinked":true},"__globals__":{"background_color":"","background_color_b":"","background_overlay_color":"","background_overlay_color_b":""}},"elements":[{"id":"e827f8","settings":{"flex_direction":"column","content_width":"full","width":{"unit":"%","size":"25"},"width_tablet":{"unit":"%","size":100,"sizes":[]},"width_mobile":{"unit":"%","size":100},"padding":{"unit":"%","top":"5","right":"5","bottom":"5","left":"5","isLinked":true},"padding_tablet":{"unit":"%","top":"","right":"","bottom":"","left":"","isLinked":true},"padding_mobile":{"unit":"%","top":"","right":"","bottom":"","left":"","isLinked":true},"_flex_size":"none","_element_width_mobile":"initial"},"elements":[{"id":"428a76c6","settings":{"__dynamic__":{"image":"[elementor-tag id=\"\" name=\"site-logo\" settings=\"%7B%7D\"]","link":"[elementor-tag id=\"\" name=\"site-url\" settings=\"%7B%7D\"]"},"align":"left","width":{"unit":"%","size":100,"sizes":[]},"space":{"unit":"%","size":82,"sizes":[]},"space_tablet":{"unit":"%","size":72,"sizes":[]},"space_mobile":{"unit":"%","size":72,"sizes":[]},"_element_width_tablet":"initial","_element_custom_width_tablet":{"unit":"px","size":141.344},"_flex_size":"none","image":{"id":103,"url":"https:\/\/limitless.dev.ananass.fr\/wp-content\/uploads\/2023\/03\/placeholder-2.png"}},"elements":[],"isInner":false,"widgetType":"theme-site-logo","elType":"widget"},{"id":"4efd4ca2","settings":{"editor":"Lorem ipsum dolor sit amet, consectetur adipiscing elit.","__globals__":{"text_color":"globals\/colors?id=text"}},"elements":[],"isInner":false,"widgetType":"text-editor","elType":"widget"},{"id":"6c551629","settings":{"social_icon_list":[{"social_icon":{"value":"fab fa-facebook","library":"fa-brands"},"_id":"6a6e22a"},{"social_icon":{"value":"fab fa-x-twitter","library":"fa-brands"},"_id":"0ee8687"},{"social_icon":{"value":"fab fa-youtube","library":"fa-brands"},"_id":"881eb9d"}],"align":"left","icon_color":"custom","icon_size":{"unit":"px","size":20,"sizes":[]},"icon_padding":{"unit":"px","size":15,"sizes":[]},"icon_padding_tablet":{"unit":"em","size":0.5,"sizes":[]},"icon_spacing":{"unit":"px","size":10,"sizes":[]},"row_gap":{"unit":"px","size":5,"sizes":[]},"border_radius":{"unit":"px","top":"50","right":"50","bottom":"50","left":"50","isLinked":true},"hover_animation":"bob","_padding":{"unit":"%","top":"","right":"","bottom":"","left":"","isLinked":true},"_padding_tablet":{"unit":"%","top":"","right":"","bottom":"","left":"","isLinked":true},"_padding_mobile":{"unit":"%","top":"","right":"","bottom":"","left":"","isLinked":true},"__globals__":{"icon_primary_color":"globals\/colors?id=accent","icon_secondary_color":"globals\/colors?id=a2fb886","image_border_color":"globals\/colors?id=accent","hover_primary_color":"globals\/colors?id=9b0591c","hover_secondary_color":"globals\/colors?id=primary"}},"elements":[],"isInner":false,"widgetType":"social-icons","elType":"widget"}],"isInner":true,"elType":"container"},{"id":"6b751878","settings":{"flex_direction":"column","content_width":"full","width":{"unit":"%","size":"25"},"width_tablet":{"unit":"%","size":100,"sizes":[]},"width_mobile":{"unit":"%","size":100,"sizes":[]},"padding":{"unit":"%","top":"5","right":"5","bottom":"5","left":"5","isLinked":true},"padding_tablet":{"unit":"%","top":"","right":"","bottom":"","left":"","isLinked":true},"padding_mobile":{"unit":"%","top":"","right":"","bottom":"","left":"","isLinked":true}},"elements":[{"id":"31ede12c","settings":{"title":"Category","__globals__":{"title_color":"globals\/colors?id=accent","typography_typography":"globals\/typography?id=secondary"}},"elements":[],"isInner":false,"widgetType":"heading","elType":"widget"},{"id":"662e3fec","settings":{"icon_list":[{"text":"Home","selected_icon":{"value":"fas fa-circle","library":"fa-solid"},"_id":"4dd7c33"},{"text":"Courses","selected_icon":{"value":"fas fa-circle","library":"fa-solid"},"_id":"9f8d9f7"},{"text":"Trainer","selected_icon":{"value":"fas fa-circle","library":"fa-solid"},"_id":"d03a177"},{"text":"Pricing","selected_icon":{"value":"fas fa-circle","library":"fa-solid"},"_id":"2282877"}],"space_between":{"unit":"px","size":15,"sizes":[]},"icon_align":"left","divider":"yes","icon_size":{"unit":"px","size":8,"sizes":[]},"__globals__":{"icon_color":"globals\/colors?id=accent","text_color":"globals\/colors?id=text","icon_typography_typography":"globals\/typography?id=accent","divider_color":""},"divider_color":"#D3D3D36B","icon_color":"#FF6F09","text_color":"#1E1E1E","icon_typography_typography":"custom","icon_typography_font_family":"Montserrat","icon_typography_font_size":{"unit":"rem","size":1.125,"sizes":[]},"icon_typography_font_weight":"600"},"elements":[],"isInner":false,"widgetType":"icon-list","elType":"widget"}],"isInner":true,"elType":"container"},{"id":"49e19720","settings":{"flex_direction":"column","content_width":"full","width":{"unit":"%","size":"25"},"width_tablet":{"unit":"%","size":100,"sizes":[]},"width_mobile":{"unit":"%","size":100,"sizes":[]},"padding":{"unit":"%","top":"5","right":"5","bottom":"5","left":"5","isLinked":true},"padding_tablet":{"unit":"%","top":"","right":"","bottom":"","left":"","isLinked":true},"padding_mobile":{"unit":"%","top":"","right":"","bottom":"","left":"","isLinked":true}},"elements":[{"id":"14c02345","settings":{"title":"Company","__globals__":{"title_color":"globals\/colors?id=accent","typography_typography":"globals\/typography?id=secondary"}},"elements":[],"isInner":false,"widgetType":"heading","elType":"widget"},{"id":"638b46d","settings":{"icon_list":[{"text":"About us","selected_icon":{"value":"fas fa-circle","library":"fa-solid"},"_id":"4dd7c33"},{"text":"Services","selected_icon":{"value":"fas fa-circle","library":"fa-solid"},"_id":"2ab1d84"},{"text":"FAQ","selected_icon":{"value":"fas fa-circle","library":"fa-solid"},"_id":"0fb41fa"},{"text":"Blog","selected_icon":{"value":"fas fa-circle","library":"fa-solid"},"_id":"464f915"}],"space_between":{"unit":"px","size":15,"sizes":[]},"icon_align":"left","divider":"yes","icon_size":{"unit":"px","size":8,"sizes":[]},"__globals__":{"icon_color":"globals\/colors?id=accent","text_color":"globals\/colors?id=text","icon_typography_typography":"globals\/typography?id=accent","divider_color":""},"divider_color":"#D3D3D36B","icon_color":"#FF6F09","text_color":"#1E1E1E","icon_typography_typography":"custom","icon_typography_font_family":"Montserrat","icon_typography_font_size":{"unit":"rem","size":1.125,"sizes":[]},"icon_typography_font_weight":"600"},"elements":[],"isInner":false,"widgetType":"icon-list","elType":"widget"}],"isInner":true,"elType":"container"},{"id":"10865784","settings":{"flex_direction":"column","content_width":"full","width":{"unit":"%","size":"25"},"width_tablet":{"unit":"%","size":100,"sizes":[]},"width_mobile":{"unit":"%","size":100},"padding":{"unit":"%","top":"5","right":"5","bottom":"5","left":"5","isLinked":true},"padding_tablet":{"unit":"%","top":"","right":"","bottom":"","left":"","isLinked":true},"padding_mobile":{"unit":"%","top":"","right":"","bottom":"","left":"","isLinked":true},"_flex_size":"none","_element_width_mobile":"initial"},"elements":[{"id":"70d01d1","settings":{"title":"Newsletter","__globals__":{"title_color":"globals\/colors?id=accent","typography_typography":"globals\/typography?id=secondary"}},"elements":[],"isInner":false,"widgetType":"heading","elType":"widget"},{"id":"5153c6ca","settings":{"editor":"Sign up for our newsletter, to get all news about the Best Anime &amp; manga","__globals__":{"text_color":"globals\/colors?id=abbbbb0"}},"elements":[],"isInner":false,"widgetType":"text-editor","elType":"widget"},{"id":"26aecc3b","settings":{"form_name":"Newsletter","form_fields":[{"custom_id":"email","field_type":"email","required":"true","field_label":"Email","placeholder":"Email","_id":"b8f2b4d","previous_button":"","next_button":"","file_sizes":"","file_types":"","allow_multiple_upload":"","max_files":"","acceptance_text":"","checked_by_default":"","field_min":"","field_max":"","min_date":"","max_date":"","use_native_date":"","use_native_time":"","width_tablet":"50"}],"input_size":"lg","show_labels":"","button_size":"lg","step_next_label":"Next","step_previous_label":"Previous","button_text":"Sign up","selected_button_icon":{"value":"fas fa-envelope","library":"fa-solid"},"button_icon_indent":{"unit":"px","size":12,"sizes":[]},"email_content":"[all-fields]","email_content_2":"[all-fields]","success_message":"The form was sent successfully.","error_message":"An error occurred.","required_field_message":"This field is required.","invalid_message":"There&#039;s something wrong. The form is invalid.","row_gap":{"unit":"px","size":6,"sizes":[]},"label_spacing":{"unit":"px","size":"","sizes":[]},"label_color":"#FF7B2B","html_color":"#252525","field_text_color":"#FF7B2B","field_border_width":{"unit":"px","top":"1","right":"1","bottom":"1","left":"1","isLinked":true},"field_border_radius":{"unit":"px","top":"50","right":"50","bottom":"50","left":"50","isLinked":true},"button_typography_typography":"custom","button_typography_font_family":"Lato","button_typography_font_size":{"unit":"rem","size":1.125,"sizes":[]},"button_typography_font_weight":"400","button_text_color":"#FFFFFF","previous_button_background_color":"#FF7B2B","previous_button_text_color":"#6EC1E4","button_border_radius":{"unit":"px","top":"50","right":"50","bottom":"50","left":"50","isLinked":true},"steps_gap":{"unit":"px","size":10,"sizes":[]},"steps_padding":{"unit":"px","size":10,"sizes":[]},"step_divider_width":{"unit":"px","size":"","sizes":[]},"step_divider_gap":{"unit":"px","size":"","sizes":[]},"__globals__":{"label_color":"globals\/colors?id=a2fb886","html_color":"globals\/colors?id=accent","field_text_color":"globals\/colors?id=primary","field_background_color":"globals\/colors?id=a2fb886","field_border_color":"globals\/colors?id=primary","button_background_color":"","previous_button_text_color":"globals\/colors?id=text","button_text_color":"globals\/colors?id=a2fb886","previous_button_background_color":"globals\/colors?id=accent","button_background_hover_color":"globals\/colors?id=text","button_hover_color":"globals\/colors?id=primary","button_typography_typography":"globals\/typography?id=6be452f","field_typography_typography":"globals\/typography?id=text","previous_button_background_color_hover":"globals\/colors?id=primary"},"button_width_mobile":"100","button_align_mobile":"stretch","button_width_tablet":"50","server_message":"Your submission failed because of a server error.","button_text_padding":{"unit":"px","top":"15","right":"15","bottom":"15","left":"15","isLinked":true}},"elements":[],"isInner":false,"widgetType":"form","elType":"widget"}],"isInner":true,"elType":"container"}],"isInner":false,"elType":"container"},{"id":"9f0c1c2","settings":{"flex_direction":"row","flex_justify_content":"center","flex_align_items":"center","background_background":"classic","padding":{"unit":"%","top":"0","right":"0","bottom":"0","left":"0","isLinked":true},"padding_tablet":{"unit":"%","top":"","right":"","bottom":"","left":"","isLinked":true},"padding_mobile":{"unit":"%","top":"","right":"","bottom":"","left":"","isLinked":true},"__globals__":{"background_color":"globals\/colors?id=accent","background_overlay_color":"globals\/colors?id=accent","background_overlay_color_b":"globals\/colors?id=primary"},"background_overlay_background":"classic","min_height":{"unit":"vh","size":5,"sizes":[]},"min_height_tablet":{"unit":"vh","size":"","sizes":[]},"min_height_mobile":{"unit":"vh","size":"","sizes":[]}},"elements":[{"id":"35f58e49","settings":{"view":"inline","icon_list":[{"text":"All Rights Reserved","selected_icon":{"value":"far fa-copyright","library":"fa-regular"},"_id":"b97a87a"},{"text":"Designed","selected_icon":{"value":"fas fa-heart","library":"fa-solid"},"_id":"7b3b597"},{"text":"Cookie Policy","selected_icon":{"value":"fas fa-cookie-bite","library":"fa-solid"},"_id":"179f597"}],"space_between":{"unit":"px","size":10,"sizes":[]},"icon_align":"center","icon_self_align":"center","_element_width_mobile":"initial","_element_custom_width_mobile":{"unit":"px","size":292},"_flex_size":"none","__globals__":{"icon_color":"globals\/colors?id=a2fb886","text_color":"globals\/colors?id=a2fb886","divider_color":"","icon_color_hover":"globals\/colors?id=text","text_color_hover":"globals\/colors?id=text","icon_typography_typography":""},"icon_color":"#FFFFFF","icon_color_hover":"#1E1E1E","text_color":"#FFFFFF","text_color_hover":"#1E1E1E","icon_typography_typography":"custom","icon_typography_font_family":"Montserrat","icon_typography_font_weight":"400","icon_self_vertical_align":"center"},"elements":[],"isInner":false,"widgetType":"icon-list","elType":"widget"}],"isInner":false,"elType":"container"}],"settings":[],"metadata":[]}