{"content":[{"id":"635abb55","settings":{"padding":{"unit":"%","top":"10","right":"5","bottom":"10","left":"5","isLinked":false},"min_height":{"unit":"vh","size":"","sizes":[]},"min_height_tablet":{"unit":"vh","size":"","sizes":[]},"min_height_mobile":{"unit":"vh","size":"","sizes":[]},"background_image":{"url":"","id":"","size":"","alt":"","source":"library"},"background_position":"bottom center","background_repeat":"no-repeat","background_size":"auto","background_bg_width":{"unit":"%","size":74,"sizes":[]},"padding_tablet":{"unit":"%","top":"","right":"","bottom":"","left":"","isLinked":true},"padding_mobile":{"unit":"%","top":"0","right":"0","bottom":"0","left":"0","isLinked":true},"content_width":"full","flex_gap":{"unit":"px","size":0,"sizes":[],"column":"0","row":"0","isLinked":true},"flex_direction":"column","flex_justify_content":"center","flex_align_items":"center","margin":{"unit":"px","top":"0","right":"0","bottom":"0","left":"0","isLinked":true},"motion_fx_transform_x_anchor_point":"center","motion_fx_transform_y_anchor_point":"bottom","custom_css":"\/*Show\/Hide CSS*\/\r\nselector .hide-first{\r\n    display: none;\r\n}\r\nselector:hover .hide-first{\r\n    display: block;\r\n}\r\n\/*Image Transform*\/\r\nselector img{\r\n    transition: ease .5s;\r\n}","animation":"fadeInUp","_transform_keep_proportions_hover":""},"elements":[{"id":"5b5d0de6","settings":{"min_height":{"unit":"vh","size":30,"sizes":[]},"min_height_tablet":{"unit":"vh","size":46,"sizes":[]},"min_height_mobile":{"unit":"vh","size":"","sizes":[]},"background_image":{"url":"","id":"","size":"","alt":"","source":"library"},"background_position":"center center","background_repeat":"no-repeat","background_size":"cover","content_width":"full","boxed_width_tablet":{"unit":"%","size":"","sizes":[]},"boxed_width_mobile":{"unit":"%","size":"","sizes":[]},"flex_direction":"row","flex_justify_content":"space-between","flex_align_items":"flex-end","background_xpos":{"unit":"px","size":-108,"sizes":[]},"background_hover_image":{"url":"","id":"","size":"","alt":"","source":"library"},"background_hover_position":"center center","background_hover_repeat":"no-repeat","background_hover_size":"cover","background_overlay_hover_color":"#FE7C6A00","background_overlay_hover_color_b":"#FE7C6A","background_overlay_hover_opacity":{"unit":"px","size":1,"sizes":[]},"border_border":"solid","box_shadow_box_shadow":{"horizontal":0,"vertical":0,"blur":40,"spread":0,"color":"rgba(0, 0, 0, 0.28)"},"border_hover_transition":{"unit":"px","size":"","sizes":[]},"margin":{"unit":"px","top":"0","right":"0","bottom":"0","left":"0","isLinked":false},"padding":{"unit":"%","top":"5","right":"5","bottom":"5","left":"5","isLinked":true},"__globals__":{"background_overlay_hover_color_b":"globals\/colors?id=accent","background_overlay_hover_color":"","background_color":"","background_hover_color":"","border_color":"globals\/colors?id=a2fb886"},"padding_tablet":{"unit":"%","top":"","right":"","bottom":"","left":"","isLinked":true},"padding_mobile":{"unit":"%","top":"5","right":"5","bottom":"5","left":"5","isLinked":true},"background_background":"classic","border_width":{"unit":"px","top":"1","right":"1","bottom":"1","left":"1","isLinked":true},"border_radius":{"unit":"px","top":"10","right":"10","bottom":"10","left":"10","isLinked":true},"box_shadow_box_shadow_type":"yes","__dynamic__":{"background_image":"[elementor-tag id=\"4a91609\" name=\"post-featured-image\" settings=\"%7B%7D\"]"},"flex_direction_tablet":"row","flex_justify_content_tablet":"space-between","flex_align_items_tablet":"flex-end"},"elements":[{"id":"7ade3315","settings":{"__dynamic__":{"title":"[elementor-tag id=\"\" name=\"post-title\" settings=\"%7B%22before%22%3A%22%22%2C%22after%22%3A%22%22%2C%22fallback%22%3A%22%22%7D\"]","link":"[elementor-tag id=\"41e28a0\" name=\"post-url\" settings=\"%7B%7D\"]"},"title":"Add Your Heading Text Here","header_size":"h3","__globals__":{"title_color":"globals\/colors?id=a2fb886","typography_typography":""},"size":"large","title_color":"#FFFFFF","typography_typography":"custom","typography_font_family":"Josefin Sans","typography_font_size":{"unit":"rem","size":2.5,"sizes":[]},"typography_font_weight":"800","typography_text_transform":"uppercase","text_shadow_text_shadow_type":"yes","text_shadow_text_shadow":{"horizontal":0,"vertical":0,"blur":40,"color":"rgba(0,0,0,0.3)"},"_padding":{"unit":"%","top":"0","right":"0","bottom":"0","left":"0","isLinked":true},"_padding_tablet":{"unit":"%","top":"","right":"","bottom":"","left":"","isLinked":true},"_padding_mobile":{"unit":"%","top":"","right":"","bottom":"","left":"","isLinked":true},"_z_index":2,"_margin":{"unit":"px","top":"0","right":"0","bottom":"0","left":"0","isLinked":true}},"elements":[],"isInner":false,"widgetType":"theme-post-title","elType":"widget"},{"id":"3363f4c7","settings":{"text":"","size":"md","selected_icon":{"value":"fas fa-arrow-right","library":"fa-solid"},"hover_animation":"bob","border_border":"solid","border_width":{"unit":"px","top":"1","right":"1","bottom":"1","left":"1","isLinked":true},"border_radius":{"unit":"px","top":"50","right":"50","bottom":"50","left":"50","isLinked":true},"button_box_shadow_box_shadow_type":"yes","button_box_shadow_box_shadow":{"horizontal":0,"vertical":0,"blur":10,"spread":0,"color":"rgba(255, 93.00000000000001, 0, 0.72)"},"text_padding":{"unit":"px","top":"15","right":"13","bottom":"15","left":"15","isLinked":false},"_margin":{"unit":"px","top":"0","right":"0","bottom":"-51","left":"0","isLinked":false},"__dynamic__":{"link":"[elementor-tag id=\"98fd871\" name=\"post-url\" settings=\"%7B%7D\"]"},"__globals__":{"border_color":"globals\/colors?id=primary","button_text_color":"globals\/colors?id=a2fb886","button_background_hover_color":"globals\/colors?id=9b0591c","button_hover_border_color":"globals\/colors?id=primary","hover_color":"globals\/colors?id=primary"}},"elements":[],"isInner":false,"widgetType":"button","elType":"widget"}],"isInner":true,"elType":"container"}],"isInner":false,"elType":"container"}],"settings":{"preview_width":{"unit":"%","size":100,"sizes":[]},"preview_id":"","preview_width_tablet":{"unit":"%","size":"","sizes":[]},"preview_width_mobile":{"unit":"%","size":"","sizes":[]}},"metadata":[]}