{"content":[{"id":"3675f7af","settings":{"content_width":"full","min_height":{"unit":"vh","size":"","sizes":[]},"min_height_tablet":{"unit":"vh","size":"","sizes":[]},"min_height_mobile":{"unit":"vh","size":"","sizes":[]},"flex_direction":"column","flex_justify_content":"center","flex_align_items":"center","background_background":"classic","padding":{"unit":"%","top":"5","right":"5","bottom":"5","left":"5","isLinked":true},"padding_tablet":{"unit":"%","top":"","right":"","bottom":"","left":"","isLinked":true},"padding_mobile":{"unit":"%","top":"","right":"","bottom":"","left":"","isLinked":true},"__globals__":{"background_color":"globals\/colors?id=primary","shape_divider_top_color":"","background_overlay_color":"globals\/colors?id=a2fb886","background_overlay_color_b":""},"background_image":{"url":"https:\/\/limitless.dev.ananass.fr\/wp-content\/uploads\/2023\/05\/Motif-bg.png","id":2191,"size":"","alt":"","source":"library"},"background_attachment":"fixed","background_repeat":"no-repeat","background_color":"#FFFFFF","background_overlay_color_b":"#FF6F0900","background_overlay_color_b_stop":{"unit":"%","size":55,"sizes":[]},"background_overlay_gradient_position":"bottom left","background_overlay_opacity":{"unit":"px","size":0.61,"sizes":[]},"_title":"FAQ","background_size":"cover","shape_divider_bottom":"pyramids","shape_divider_bottom_width":{"unit":"%","size":147,"sizes":[]},"shape_divider_bottom_height":{"unit":"px","size":192,"sizes":[]}},"elements":[{"id":"33396da8","settings":{"flex_direction":"row","flex_gap":{"unit":"px","size":0,"column":"0","row":"0","isLinked":true},"content_width":"full","min_height":{"unit":"vh","size":72,"sizes":[]},"min_height_tablet":{"unit":"vh","size":0,"sizes":[]},"min_height_mobile":{"unit":"vh","size":"","sizes":[]},"padding":{"unit":"%","top":"1","right":"5","bottom":"1","left":"5","isLinked":false},"padding_tablet":{"unit":"%","top":"","right":"","bottom":"","left":"","isLinked":true},"padding_mobile":{"unit":"%","top":"","right":"","bottom":"","left":"","isLinked":true},"flex_direction_tablet":"column","flex_align_items_tablet":"flex-end"},"elements":[{"id":"16097cda","settings":{"flex_direction":"column","content_width":"full","width":{"unit":"%","size":""},"background_image":{"url":"","id":"","size":"","alt":"","source":"library"},"background_position":"center center","background_repeat":"no-repeat","background_size":"contain","padding":{"unit":"%","top":"5","right":"5","bottom":"5","left":"5","isLinked":false},"padding_tablet":{"unit":"%","top":"","right":"","bottom":"","left":"","isLinked":true},"padding_mobile":{"unit":"%","top":"","right":"","bottom":"","left":"","isLinked":true},"flex_justify_content":"center","width_tablet":{"unit":"%","size":100,"sizes":[]},"width_mobile":{"unit":"%","size":"","sizes":[]},"flex_align_items":"center","background_overlay_image":{"url":"","id":"","size":"","alt":"","source":"library"},"background_overlay_position":"center center","background_overlay_xpos":{"unit":"px","size":157,"sizes":[]},"background_overlay_ypos":{"unit":"px","size":83,"sizes":[]},"background_overlay_repeat":"no-repeat","background_overlay_size":"contain","background_overlay_bg_width":{"unit":"%","size":73,"sizes":[]},"background_overlay_opacity":{"unit":"px","size":"","sizes":[]},"animation":"fadeIn","animation_delay":300,"background_image_tablet":{"url":"https:\/\/limitless.dev.ananass.fr\/wp-content\/uploads\/2023\/03\/Ellipse-16.png","id":390,"size":"","alt":"","source":"library"},"background_overlay_image_tablet":{"url":"https:\/\/limitless.dev.ananass.fr\/wp-content\/uploads\/2023\/03\/step-wordpress-theme-by-ananass-13-min.png","id":587,"size":"","alt":"","source":"library"},"background_overlay_xpos_tablet":{"unit":"px","size":174,"sizes":[]},"background_overlay_ypos_tablet":{"unit":"px","size":66,"sizes":[]},"min_height_tablet":{"unit":"vh","size":79,"sizes":[]},"min_height_mobile":{"unit":"vh","size":0,"sizes":[]},"background_image_mobile":{"url":"https:\/\/limitless.dev.ananass.fr\/wp-content\/uploads\/2023\/03\/Ellipse-16.png","id":390,"size":"","alt":"","source":"library"},"background_overlay_image_mobile":{"url":"https:\/\/limitless.dev.ananass.fr\/wp-content\/uploads\/2023\/03\/step-wordpress-theme-by-ananass-14-min.png","id":588,"size":"","alt":"","source":"library"},"background_overlay_size_mobile":"initial","background_overlay_bg_width_mobile":{"unit":"px","size":0,"sizes":[]}},"elements":[{"id":"5347b6cd","settings":{"title":"Sorry,","__globals__":{"title_color":"globals\/colors?id=a2fb886","typography_typography":""},"title_color":"#1E1E1E","typography_typography":"custom","typography_font_family":"Montserrat","typography_font_size":{"unit":"rem","size":1.5,"sizes":[]},"typography_font_weight":"800","typography_text_transform":"uppercase","align_tablet":"center","align_mobile":"center","header_size":"span"},"elements":[],"isInner":false,"widgetType":"heading","elType":"widget"},{"id":"29fb344","settings":{"title":"Error...404","typography_typography":"custom","typography_font_family":"Josefin Sans","typography_font_weight":"800","__globals__":{"title_color":"globals\/colors?id=a2fb886","typography_typography":""},"title_color":"#FF6F09","typography_font_size":{"unit":"rem","size":3.8,"sizes":[]},"typography_text_transform":"uppercase","header_size":"span","align_tablet":"center","align_mobile":"center","typography_font_size_tablet":{"unit":"em","size":2.5,"sizes":[]},"typography_line_height":{"unit":"em","size":"","sizes":[]},"typography_word_spacing":{"unit":"em","size":"","sizes":[]}},"elements":[],"isInner":false,"widgetType":"heading","elType":"widget"},{"id":"7568f537","settings":{"title":"Something went wrong, Page not found\n","header_size":"span","__globals__":{"typography_typography":"globals\/typography?id=accent","title_color":"globals\/colors?id=a2fb886"},"title_color":"#00327F","align_tablet":"center","align_mobile":"center"},"elements":[],"isInner":false,"widgetType":"heading","elType":"widget"},{"id":"1a5f4abf","settings":{"text":"Back to home","size":"xl","border_radius":{"unit":"px","top":"50","right":"50","bottom":"50","left":"50","isLinked":true},"__globals__":{"background_color":"globals\/colors?id=9b0591c","button_text_color":"globals\/colors?id=primary","button_hover_border_color":"globals\/colors?id=primary"},"button_box_shadow_box_shadow_type":"yes","button_box_shadow_box_shadow":{"horizontal":0,"vertical":0,"blur":24,"spread":0,"color":"rgba(38.00000000000005, 38.00000000000005, 38.00000000000005, 0.47)"},"typography_typography":"custom","typography_font_family":"Josefin Sans","typography_font_size":{"unit":"rem","size":1.125,"sizes":[]},"typography_font_weight":"600","typography_text_transform":"uppercase","hover_animation":"bob","border_border":"solid","border_width":{"unit":"px","top":"1","right":"1","bottom":"1","left":"1","isLinked":true},"__dynamic__":{"link":"[elementor-tag id=\"a86cd5a\" name=\"internal-url\" settings=\"%7B%22type%22%3A%22post%22%2C%22post_id%22%3A%2210%22%7D\"]"}},"elements":[],"isInner":false,"widgetType":"button","elType":"widget"}],"isInner":true,"elType":"container"}],"isInner":true,"elType":"container"}],"isInner":false,"elType":"container"}],"settings":[],"metadata":[]}