{"content":[{"id":"4436b44b","settings":{"content_width":"full","min_height":{"unit":"vh","size":"","sizes":[]},"min_height_tablet":{"unit":"vh","size":"","sizes":[]},"min_height_mobile":{"unit":"vh","size":"","sizes":[]},"flex_direction":"column","flex_justify_content":"center","flex_align_items":"center","background_background":"classic","padding":{"unit":"%","top":"1","right":"5","bottom":"1","left":"5","isLinked":false},"padding_tablet":{"unit":"%","top":"","right":"","bottom":"","left":"","isLinked":true},"padding_mobile":{"unit":"%","top":"","right":"","bottom":"","left":"","isLinked":true},"__globals__":{"background_color":"globals\/colors?id=secondary","shape_divider_top_color":"","background_overlay_color":"globals\/colors?id=9b0591c","background_overlay_color_b":""},"background_image":{"url":"","id":"","size":"","alt":"","source":"library"},"background_position":"top right","background_attachment":"fixed","background_repeat":"no-repeat","background_color":"#FFFFFF","background_overlay_background":"gradient","background_overlay_color_b":"#FF6F0900","background_overlay_color_b_stop":{"unit":"%","size":55,"sizes":[]},"background_overlay_gradient_type":"radial","background_overlay_gradient_position":"top left","background_overlay_opacity":{"unit":"px","size":0.6,"sizes":[]},"_title":"Heros"},"elements":[{"id":"7f3bfec1","settings":{"flex_direction":"row","flex_gap":{"unit":"px","size":0,"column":"0","row":"0","isLinked":true},"content_width":"full","min_height":{"unit":"vh","size":72,"sizes":[]},"min_height_tablet":{"unit":"vh","size":"","sizes":[]},"min_height_mobile":{"unit":"vh","size":"","sizes":[]},"padding":{"unit":"%","top":"1","right":"5","bottom":"1","left":"5","isLinked":false},"padding_tablet":{"unit":"%","top":"","right":"","bottom":"","left":"","isLinked":true},"padding_mobile":{"unit":"%","top":"","right":"","bottom":"","left":"","isLinked":true},"flex_direction_tablet":"column"},"elements":[{"id":"395207be","settings":{"flex_direction":"column","content_width":"full","width":{"unit":"%","size":"50"},"padding":{"unit":"%","top":"5","right":"5","bottom":"5","left":"5","isLinked":true},"padding_tablet":{"unit":"%","top":"","right":"","bottom":"","left":"","isLinked":true},"padding_mobile":{"unit":"%","top":"","right":"","bottom":"","left":"","isLinked":true},"flex_justify_content":"center","flex_align_items":"flex-start","width_tablet":{"unit":"%","size":100,"sizes":[]},"width_mobile":{"unit":"%","size":"","sizes":[]},"animation":"fadeInUp"},"elements":[{"id":"59326648","settings":{"title":"Coach","__globals__":{"title_color":"globals\/colors?id=text","typography_typography":""},"title_color":"#1E1E1E","typography_typography":"custom","typography_font_family":"Montserrat","typography_font_size":{"unit":"rem","size":1.5,"sizes":[]},"typography_font_weight":"800","typography_text_transform":"uppercase","header_size":"span"},"elements":[],"isInner":false,"widgetType":"heading","elType":"widget"},{"id":"5242cb1","settings":{"title":"Club near you","typography_typography":"custom","typography_font_family":"Josefin Sans","typography_font_weight":"bold","__globals__":{"title_color":"globals\/colors?id=accent","typography_typography":""},"typography_font_size":{"unit":"rem","size":3.2,"sizes":[]},"typography_text_transform":"uppercase","typography_font_size_mobile":{"unit":"rem","size":1.5,"sizes":[]},"header_size":"span","__dynamic__":{"title":"[elementor-tag id=\"34577bc\" name=\"post-title\" settings=\"%7B%7D\"]"}},"elements":[],"isInner":false,"widgetType":"heading","elType":"widget"},{"id":"235ac9c2","settings":{"title":"In a friendly and warm atmosphere, discover your gym and its different spaces","header_size":"h1","__globals__":{"typography_typography":"globals\/typography?id=accent","title_color":"globals\/colors?id=primary"},"title_color":"#00327F"},"elements":[],"isInner":false,"widgetType":"heading","elType":"widget"},{"id":"1ecf5497","settings":{"__globals__":{"text_color":"globals\/colors?id=text"},"editor":"Lorem ipsum dolor sit amet, consectetur adipiscing elit. Ut elit tellus, luctus nec ullamcorper mattis, pulvinar dapibus leo."},"elements":[],"isInner":false,"widgetType":"text-editor","elType":"widget"},{"id":"3b88ae56","settings":{"icon_list":[{"text":"Cardio and bodybuilding areas.","_id":"742592c","selected_icon":{"value":"fas fa-circle","library":"fa-solid"}},{"text":"A space for group lessons.","_id":"100a3a4","selected_icon":{"value":"fas fa-circle","library":"fa-solid"}},{"text":"State-certified coaches.","_id":"bc282ce","selected_icon":{"value":"fas fa-circle","library":"fa-solid"}},{"text":"Quality Equipment.","_id":"3938a92","selected_icon":{"value":"fas fa-circle","library":"fa-solid"}}],"__globals__":{"text_color":"globals\/colors?id=text","icon_color":"globals\/colors?id=accent"}},"elements":[],"isInner":false,"widgetType":"icon-list","elType":"widget"},{"id":"2a9c8e22","settings":{"text":"Join us today","size":"xl","border_radius":{"unit":"px","top":"50","right":"50","bottom":"50","left":"50","isLinked":true},"__globals__":{"background_color":"globals\/colors?id=accent","button_text_color":"globals\/colors?id=secondary"},"button_box_shadow_box_shadow_type":"yes","button_box_shadow_box_shadow":{"horizontal":0,"vertical":0,"blur":24,"spread":0,"color":"rgba(255, 111.00000000000014, 8.999999999999996, 0.43)"},"typography_typography":"custom","typography_font_family":"Josefin Sans","typography_font_size":{"unit":"rem","size":1.125,"sizes":[]},"typography_font_weight":"600","typography_text_transform":"uppercase","hover_animation":"bob"},"elements":[],"isInner":false,"widgetType":"button","elType":"widget"}],"isInner":true,"elType":"container"},{"id":"24dae358","settings":{"flex_direction":"column","content_width":"full","width":{"unit":"%","size":"50"},"background_background":"classic","background_image":{"url":"https:\/\/limitless.dev.ananass.fr\/wp-content\/uploads\/2023\/03\/Ellipse-19.png","id":454,"size":"","alt":"","source":"library"},"background_position":"center center","background_repeat":"no-repeat","background_size":"contain","padding":{"unit":"%","top":"5","right":"5","bottom":"5","left":"5","isLinked":true},"padding_tablet":{"unit":"%","top":"","right":"","bottom":"","left":"","isLinked":true},"padding_mobile":{"unit":"%","top":"","right":"","bottom":"","left":"","isLinked":true},"flex_justify_content":"flex-end","background_overlay_background":"classic","background_overlay_image":{"url":"https:\/\/limitless.dev.ananass.fr\/wp-content\/uploads\/2023\/03\/step-wordpress-theme-by-ananass-14-min.png","id":588,"size":"","alt":"","source":"library"},"background_overlay_position":"center center","background_overlay_repeat":"no-repeat","background_overlay_size":"contain","background_overlay_opacity":{"unit":"px","size":"","sizes":[]},"width_tablet":{"unit":"%","size":100,"sizes":[]},"width_mobile":{"unit":"%","size":"","sizes":[]},"min_height_tablet":{"unit":"vh","size":50,"sizes":[]},"min_height_mobile":{"unit":"vh","size":"","sizes":[]}},"elements":[{"id":"4990d85","settings":{"title":"Cardio Training","header_size":"span","align":"right","typography_typography":"custom","typography_font_family":"Josefin Sans","typography_font_size":{"unit":"px","size":93,"sizes":[]},"typography_font_weight":"bold","__globals__":{"title_color":"globals\/colors?id=accent"},"typography_font_size_mobile":{"unit":"rem","size":3.8,"sizes":[]}},"elements":[],"isInner":false,"widgetType":"heading","elType":"widget"}],"isInner":true,"elType":"container"}],"isInner":true,"elType":"container"}],"isInner":false,"elType":"container"},{"id":"7cef1d97","settings":{"flex_direction":"column","min_height":{"unit":"vh","size":"","sizes":[]},"min_height_tablet":{"unit":"vh","size":"","sizes":[]},"min_height_mobile":{"unit":"vh","size":"","sizes":[]},"flex_justify_content":"center","flex_align_items":"center","background_background":"classic","background_image":{"url":"https:\/\/limitless.dev.ananass.fr\/wp-content\/uploads\/2023\/03\/bg-mot-2.png","id":980,"size":"","alt":"","source":"library"},"background_position":"top center","background_xpos":{"unit":"px","size":-306,"sizes":[]},"background_ypos":{"unit":"px","size":-41,"sizes":[]},"background_repeat":"no-repeat","background_size":"contain","background_overlay_opacity":{"unit":"px","size":0.6,"sizes":[]},"padding":{"unit":"%","top":"1","right":"5","bottom":"1","left":"5","isLinked":false},"padding_tablet":{"unit":"%","top":"","right":"","bottom":"","left":"","isLinked":true},"padding_mobile":{"unit":"%","top":"5","right":"5","bottom":"5","left":"5","isLinked":false},"__globals__":{"background_color":"","background_overlay_color":"globals\/colors?id=9b0591c"},"background_motion_fx_motion_fx_mouse":"yes","background_motion_fx_mouseTrack_effect":"yes","background_motion_fx_mouseTrack_speed":{"unit":"px","size":0.08,"sizes":[]},"content_width":"full","background_image_tablet":{"url":"https:\/\/limitless.dev.ananass.fr\/wp-content\/uploads\/2023\/03\/bg-mot-2.png","id":980,"size":"","alt":"","source":"library"},"background_image_mobile":{"url":"https:\/\/limitless.dev.ananass.fr\/wp-content\/uploads\/2023\/03\/bg-mot-2.png","id":980,"size":"","alt":"","source":"library"},"background_position_mobile":"top center","background_size_mobile":"contain"},"elements":[{"id":"673734a4","settings":{"flex_direction":"column","flex_justify_content":"center","flex_align_items":"center","content_width":"full","padding":{"unit":"%","top":"1","right":"5","bottom":"5","left":"5","isLinked":false},"padding_tablet":{"unit":"%","top":"","right":"","bottom":"","left":"","isLinked":true},"padding_mobile":{"unit":"%","top":"","right":"","bottom":"","left":"","isLinked":true}},"elements":[{"id":"49eca1d8","settings":{"space":{"unit":"vh","size":11,"sizes":[]},"space_tablet":{"unit":"vh","size":"","sizes":[]},"space_mobile":{"unit":"vh","size":"","sizes":[]}},"elements":[],"isInner":false,"widgetType":"spacer","elType":"widget"},{"id":"4b08ebca","settings":{"title":"Let's go!","__globals__":{"typography_typography":"","title_color":"globals\/colors?id=text"},"title_color":"#1E1E1E","typography_typography":"custom","typography_font_family":"Montserrat","typography_font_size":{"unit":"rem","size":1.5,"sizes":[]},"typography_font_weight":"800","typography_text_transform":"uppercase"},"elements":[],"isInner":false,"widgetType":"heading","elType":"widget"},{"id":"2fc2ef5c","settings":{"title":"John doe class","typography_typography":"custom","typography_font_family":"Josefin Sans","typography_font_weight":"bold","__globals__":{"title_color":"globals\/colors?id=accent","typography_typography":""},"title_color":"#FE7C6A","typography_font_size":{"unit":"rem","size":3.2,"sizes":[]},"typography_text_transform":"uppercase","align":"center","typography_font_size_mobile":{"unit":"rem","size":1.5,"sizes":[]}},"elements":[],"isInner":false,"widgetType":"heading","elType":"widget"},{"id":"2862a7ea","settings":{"title":"Challenge your self everyday","header_size":"h4","__globals__":{"typography_typography":"globals\/typography?id=accent","title_color":"globals\/colors?id=primary"},"title_color":"#00327F"},"elements":[],"isInner":false,"widgetType":"heading","elType":"widget"},{"id":"3fdf08e2","settings":{"image":{"url":"https:\/\/limitless.dev.ananass.fr\/wp-content\/uploads\/2023\/03\/point-bg-e1678282059192-1.png","id":1423,"size":"","alt":"","source":"library"},"image_size":"full","align":"center","opacity":{"unit":"px","size":0.3,"sizes":[]},"css_filters_css_filter":"custom","css_filters_blur":{"unit":"px","size":1.4,"sizes":[]},"hotspot":[{"_id":"3c476d3","hotspot_icon":{"value":"fas fa-play","library":"fa-solid"},"hotspot_tooltip_content":"<p>Explore Our Classes<\/p>","__dynamic__":{"hotspot_link":"[elementor-tag id=\"96eb2dc\" name=\"lightbox\" settings=\"%7B%22type%22%3A%22video%22%2C%22video_url%22%3A%22https%3A%2F%2Fwww.youtube.com%2Fwatch%3Fv%3Dml6cT4AZdqI%22%7D\"]"}}],"tooltip_trigger":"mouseenter","style_hotspot_size":{"unit":"px","size":32,"sizes":[]},"style_hotspot_padding":{"unit":"px","size":42,"sizes":[]},"style_hotspot_border_radius":{"unit":"px","top":"100","right":"100","bottom":"100","left":"100","isLinked":true},"style_tooltip_padding":{"unit":"px","top":"10","right":"10","bottom":"10","left":"10","isLinked":true},"style_tooltip_border_radius":{"unit":"px","top":"5","right":"5","bottom":"5","left":"5","isLinked":true},"__globals__":{"style_hotspot_color":"globals\/colors?id=secondary","style_hotspot_box_color":"globals\/colors?id=accent","style_tooltip_text_color":"globals\/colors?id=secondary","style_tooltip_color":"globals\/colors?id=accent","style_tooltip_typography_typography":"globals\/typography?id=6be452f"}},"elements":[],"isInner":false,"widgetType":"hotspot","elType":"widget"}],"isInner":true,"elType":"container"}],"isInner":false,"elType":"container"},{"id":"30e54361","settings":{"content_width":"full","min_height":{"unit":"vh","size":"","sizes":[]},"min_height_tablet":{"unit":"vh","size":"","sizes":[]},"min_height_mobile":{"unit":"vh","size":"","sizes":[]},"flex_direction":"column","flex_justify_content":"center","flex_align_items":"center","background_background":"classic","padding":{"unit":"%","top":"1","right":"5","bottom":"1","left":"5","isLinked":false},"padding_tablet":{"unit":"%","top":"","right":"","bottom":"","left":"","isLinked":true},"padding_mobile":{"unit":"%","top":"","right":"","bottom":"","left":"","isLinked":true},"__globals__":{"background_color":"globals\/colors?id=secondary","shape_divider_top_color":"","background_overlay_color":"globals\/colors?id=9b0591c","background_overlay_color_b":""},"background_image":{"url":"","id":"","size":"","alt":"","source":"library"},"background_position":"top right","background_attachment":"fixed","background_repeat":"no-repeat","background_color":"#FFFFFF","background_overlay_background":"gradient","background_overlay_color_b":"#FF6F0900","background_overlay_color_b_stop":{"unit":"%","size":55,"sizes":[]},"background_overlay_gradient_type":"radial","background_overlay_gradient_position":"bottom left","background_overlay_opacity":{"unit":"px","size":0.61,"sizes":[]},"_title":"FAQ"},"elements":[{"id":"475220e6","settings":{"flex_direction":"row","flex_gap":{"unit":"px","size":0,"column":"0","row":"0","isLinked":true},"content_width":"full","min_height":{"unit":"vh","size":"","sizes":[]},"min_height_tablet":{"unit":"vh","size":"","sizes":[]},"min_height_mobile":{"unit":"vh","size":"","sizes":[]},"padding":{"unit":"%","top":"1","right":"5","bottom":"1","left":"5","isLinked":false},"padding_tablet":{"unit":"%","top":"","right":"","bottom":"","left":"","isLinked":true},"padding_mobile":{"unit":"%","top":"","right":"","bottom":"","left":"","isLinked":true},"flex_direction_tablet":"column"},"elements":[{"id":"12e7a5fa","settings":{"flex_direction":"column","content_width":"full","width":{"unit":"%","size":"50"},"background_background":"classic","background_image":{"url":"https:\/\/limitless.dev.ananass.fr\/wp-content\/uploads\/2023\/03\/Ellipse-16.png","id":390,"size":"","alt":"","source":"library"},"background_position":"center center","background_repeat":"no-repeat","background_size":"contain","padding":{"unit":"%","top":"5","right":"5","bottom":"5","left":"5","isLinked":true},"padding_tablet":{"unit":"%","top":"","right":"","bottom":"","left":"","isLinked":true},"padding_mobile":{"unit":"%","top":"","right":"","bottom":"","left":"","isLinked":true},"flex_justify_content":"flex-end","width_tablet":{"unit":"%","size":100,"sizes":[]},"width_mobile":{"unit":"%","size":"","sizes":[]},"flex_align_items":"flex-start","background_overlay_background":"classic","background_overlay_image":{"url":"https:\/\/limitless.dev.ananass.fr\/wp-content\/uploads\/2023\/03\/ball-gray.png","id":403,"size":"","alt":"","source":"library"},"background_overlay_position":"initial","background_overlay_xpos":{"unit":"px","size":91,"sizes":[]},"background_overlay_ypos":{"unit":"px","size":182,"sizes":[]},"background_overlay_repeat":"no-repeat","background_overlay_size":"initial","background_overlay_bg_width":{"unit":"%","size":79,"sizes":[]},"background_overlay_opacity":{"unit":"px","size":"","sizes":[]},"animation":"fadeIn","animation_delay":300},"elements":[{"id":"6fdb2fa1","settings":{"image":{"url":"https:\/\/limitless.dev.ananass.fr\/wp-content\/uploads\/2023\/03\/point-bg-e1678282059192.png","id":236,"size":"","alt":"","source":"library"},"image_size":"full","image_custom_dimension":{"width":"250","height":"550"},"align":"left","image_box_shadow_box_shadow":{"horizontal":0,"vertical":0,"blur":24,"spread":0,"color":"rgba(155.25000000000003, 3.0375, 3.0375, 0.5)"},"_margin":{"unit":"px","top":"0","right":"0","bottom":"0","left":"0","isLinked":false},"_flex_align_self":"flex-start","_flex_order":"end","_position":"absolute","_offset_x":{"size":6,"unit":"px"},"_offset_x_tablet":{"size":8,"unit":"px"},"_offset_y":{"size":493,"unit":"px"},"_offset_y_tablet":{"size":383,"unit":"px"},"_animation":"fadeInUp","_animation_delay":500},"elements":[],"isInner":false,"widgetType":"image","elType":"widget"},{"id":"6e9d9335","settings":{"image":{"url":"https:\/\/limitless.dev.ananass.fr\/wp-content\/uploads\/2023\/03\/gym.jpg","id":1221,"size":"","alt":"","source":"library"},"image_size":"custom","image_custom_dimension":{"width":"250","height":"550"},"align":"left","image_border_radius":{"unit":"px","top":"150","right":"150","bottom":"150","left":"150","isLinked":true},"image_box_shadow_box_shadow_type":"yes","image_box_shadow_box_shadow":{"horizontal":0,"vertical":0,"blur":40,"spread":0,"color":"rgba(0, 0, 0, 0.18)"},"_margin":{"unit":"px","top":"0","right":"0","bottom":"-183","left":"0","isLinked":false},"_animation":"fadeIn","_animation_delay":600,"_transform_scale_popover_hover":"transform","_transform_scale_effect_hover":{"unit":"px","size":1.1,"sizes":[]}},"elements":[],"isInner":false,"widgetType":"image","elType":"widget"},{"id":"3193688b","settings":{"title":"FAQ","header_size":"span","align":"left","typography_typography":"custom","typography_font_family":"Josefin Sans","typography_font_size":{"unit":"rem","size":7.1,"sizes":[]},"__globals__":{"title_color":"globals\/colors?id=secondary","typography_typography":""},"typography_line_height":{"unit":"em","size":"","sizes":[]},"typography_word_spacing":{"unit":"em","size":"","sizes":[]},"text_shadow_text_shadow_type":"yes","text_shadow_text_shadow":{"horizontal":0,"vertical":0,"blur":40,"color":"rgba(0,0,0,0.3)"},"_margin":{"unit":"px","top":"-70","right":"0","bottom":"0","left":"0","isLinked":false},"_padding":{"unit":"px","top":"0","right":"0","bottom":"0","left":"51","isLinked":false},"_z_index":2,"typography_font_weight":"900","typography_font_size_mobile":{"unit":"rem","size":4.5,"sizes":[]},"_animation":"fadeInLeft","_animation_delay":650},"elements":[],"isInner":false,"widgetType":"heading","elType":"widget"},{"id":"6177af10","settings":{"selected_icon":{"value":"fab fa-facebook-f","library":"fa-brands"},"view":"stacked","size":{"unit":"px","size":26,"sizes":[]},"size_tablet":{"unit":"px","size":35,"sizes":[]},"_flex_align_self":"flex-end","_flex_order":"end","__globals__":{"primary_color":"globals\/colors?id=accent","hover_primary_color":"","hover_secondary_color":"globals\/colors?id=secondary","secondary_color":"globals\/colors?id=secondary"},"secondary_color":"#FFFFFF","hover_primary_color":"#FF6F09","hover_secondary_color":"#FE7C6A","hover_animation":"bounce-in","icon_padding":{"unit":"px","size":32,"sizes":[]},"_animation":"fadeIn","_animation_delay":700},"elements":[],"isInner":false,"widgetType":"icon","elType":"widget"}],"isInner":true,"elType":"container"},{"id":"9e7c913","settings":{"flex_direction":"column","content_width":"full","width":{"unit":"%","size":"50"},"padding":{"unit":"%","top":"5","right":"5","bottom":"5","left":"5","isLinked":true},"padding_tablet":{"unit":"%","top":"","right":"","bottom":"","left":"","isLinked":true},"padding_mobile":{"unit":"%","top":"","right":"","bottom":"","left":"","isLinked":true},"flex_justify_content":"center","flex_align_items":"flex-start","width_tablet":{"unit":"%","size":100,"sizes":[]},"width_mobile":{"unit":"%","size":"","sizes":[]},"flex_align_items_tablet":"center"},"elements":[{"id":"6fc642f5","settings":{"title":"Questions ","__globals__":{"title_color":"globals\/colors?id=text","typography_typography":""},"title_color":"#1E1E1E","typography_typography":"custom","typography_font_family":"Montserrat","typography_font_size":{"unit":"rem","size":1.5,"sizes":[]},"typography_font_weight":"800","typography_text_transform":"uppercase","align_tablet":"center","align_mobile":"center"},"elements":[],"isInner":false,"widgetType":"heading","elType":"widget"},{"id":"1a070cf1","settings":{"title":"FAQ","typography_typography":"custom","typography_font_family":"Josefin Sans","typography_font_weight":"bold","__globals__":{"title_color":"globals\/colors?id=accent","typography_typography":""},"title_color":"#FE7C6A","typography_font_size":{"unit":"rem","size":3.2,"sizes":[]},"typography_text_transform":"uppercase","header_size":"h3","align_tablet":"center","align_mobile":"center","typography_font_size_mobile":{"unit":"rem","size":1.5,"sizes":[]}},"elements":[],"isInner":false,"widgetType":"heading","elType":"widget"},{"id":"6fbc9d44","settings":{"title":"Frequently asked questions from customers","header_size":"h4","__globals__":{"typography_typography":"globals\/typography?id=accent","title_color":"globals\/colors?id=primary"},"title_color":"#00327F","align_tablet":"center","align_mobile":"center"},"elements":[],"isInner":false,"widgetType":"heading","elType":"widget"},{"id":"3834920a","settings":{"tabs":[{"tab_title":"What are the gym's opening hours?","tab_content":"<p>We are open from 6am to 10pm every day of the week, including weekends.<\/p>","_id":"911e392"},{"tab_title":"What is the cancellation policy?","tab_content":"If you need to cancel your membership, please notify us at least 30 days prior to the expiration date of your contract.","_id":"4de779d"},{"tab_title":"What are the rates for a monthly membership?","tab_content":"Our monthly membership rates start at $50 per month. We also offer special rates for students, seniors and groups.","_id":"db2d7e1"},{"tab_title":"Do you offer group classes?","tab_content":"Yes, we offer a variety of group classes including yoga, cardio, weight training and dance. You can check our online calendar to see class schedules.","_id":"71227d9"},{"tab_title":"Do you provide towels and toiletries?","tab_content":"Yes, we provide towels and toiletries for your convenience. Please note that towels must be returned at the end of each workout.","_id":"1e85482"},{"tab_title":"Can I bring a guest with me?","tab_content":"<p>Yes, you may bring a guest with you for an additional fee. Please contact the front desk for details.<\/p>","_id":"376c233"},{"tab_title":"Do you offer personal training sessions?","tab_content":"Yes, we offer personal training sessions with our professional instructors. Please contact the front desk for more details and to schedule your personal training session.","_id":"ed40121"}],"title_html_tag":"h5","border_width":{"unit":"px","size":1,"sizes":[]},"border_color":"#1E1E1E1A","space_between":{"unit":"px","size":24,"sizes":[]},"box_shadow_box_shadow_type":"yes","box_shadow_box_shadow":{"horizontal":0,"vertical":0,"blur":24,"spread":0,"color":"rgba(0, 0, 0, 0.11)"},"__globals__":{"border_color":"","title_typography_typography":"globals\/typography?id=accent","icon_color":"globals\/colors?id=primary","icon_active_color":"globals\/colors?id=accent","content_color":"globals\/colors?id=text","content_typography_typography":"globals\/typography?id=text","content_background_color":"globals\/colors?id=secondary"}},"elements":[],"isInner":false,"widgetType":"toggle","elType":"widget"}],"isInner":true,"elType":"container"}],"isInner":true,"elType":"container"}],"isInner":false,"elType":"container"}],"settings":[],"metadata":[]}