{"content":[{"id":"33f102f5","settings":{"layout":"full_width","custom_height":{"unit":"px","size":85,"sizes":[]},"column_position":"stretch","content_position":"middle","structure":"40","gap":"no","z_index":10,"sticky":"top","box_shadow_box_shadow_type":"yes","box_shadow_box_shadow":{"horizontal":0,"vertical":0,"blur":40,"spread":0,"color":"rgba(0, 0, 0, 0.1)"},"height":"min-height","custom_height_mobile":{"unit":"px","size":85,"sizes":[]},"background_background":"classic","__globals__":{"background_color":"globals\/colors?id=571c1bb"}},"elements":[{"id":"50c7df8b","settings":{"_column_size":25,"_inline_size":21.524,"background_background":"classic","_inline_size_tablet":20,"_inline_size_mobile":70,"__globals__":{"background_color":"globals\/colors?id=571c1bb"},"_title":"Logo"},"elements":[{"id":"8ebfd12","settings":{"__dynamic__":{"image":"[elementor-tag id=\"\" name=\"site-logo\" settings=\"%7B%7D\"]","link":"[elementor-tag id=\"\" name=\"site-url\" settings=\"%7B%7D\"]"},"link":{"url":"","is_external":"","nofollow":"","custom_attributes":"aria-label|Logo kit elementor ferryman by ananass.fr"},"width_tablet":{"unit":"%","size":100,"sizes":[]},"space_tablet":{"unit":"%","size":72,"sizes":[]}},"elements":[],"isInner":false,"widgetType":"theme-site-logo","elType":"widget"}],"isInner":false,"elType":"column"},{"id":"432118e5","settings":{"_column_size":25,"_inline_size":57.358,"content_position":"center","align":"center","background_background":"gradient","background_gradient_angle":{"unit":"deg","size":260,"sizes":[]},"_inline_size_tablet":80,"_inline_size_mobile":30,"align_tablet":"center","__globals__":{"background_color_b":"globals\/colors?id=571c1bb","background_color":"globals\/colors?id=571c1bb"},"_title":"Main menu"},"elements":[{"id":"271eddeb","settings":{"align_items":"center","color_menu_item":"#141414","color_menu_item_hover":"#0439D9","pointer_color_menu_item_hover":"#0439D9","color_menu_item_active":"#0439D9","pointer_color_menu_item_active":"#0439D9","padding_vertical_menu_item":{"unit":"px","size":12,"sizes":[]},"background_color_dropdown_item":"#FFFFFF","color_dropdown_item_hover":"#FFFFFF","color_dropdown_item_active":"#FFFFFF","dropdown_border_radius":{"unit":"px","top":"0","right":"0","bottom":"0","left":"0","isLinked":false},"dropdown_box_shadow_box_shadow_type":"yes","dropdown_box_shadow_box_shadow":{"horizontal":0,"vertical":10,"blur":25,"spread":0,"color":"rgba(0, 0, 0, 0.05)"},"_element_width":"initial","__globals__":{"color_menu_item":"globals\/colors?id=text","color_menu_item_hover":"globals\/colors?id=primary","pointer_color_menu_item_hover":"globals\/colors?id=primary","color_menu_item_active":"globals\/colors?id=primary","pointer_color_menu_item_active":"globals\/colors?id=primary","background_color_dropdown_item":"","color_dropdown_item":"globals\/colors?id=text","dropdown_typography_typography":"globals\/typography?id=accent","menu_typography_typography":"globals\/typography?id=text","background_color_dropdown_item_hover":"globals\/colors?id=primary","background_color_dropdown_item_active":"globals\/colors?id=primary","toggle_background_color":"globals\/colors?id=accent","dropdown_divider_color":"globals\/colors?id=accent","toggle_color":"globals\/colors?id=571c1bb","toggle_color_hover":"globals\/colors?id=accent","toggle_background_color_hover":"globals\/colors?id=571c1bb"},"full_width":"stretch","toggle_size_tablet":{"unit":"px","size":25,"sizes":[]},"toggle_border_radius_tablet":{"unit":"px","size":5,"sizes":[]},"_element_custom_width_mobile":{"unit":"%","size":30,"sizes":[]},"_element_vertical_align_mobile":"center","color_dropdown_item":"#141414","background_color_dropdown_item_hover":"#0439D9","background_color_dropdown_item_active":"#0439D9","dropdown_typography_typography":"custom","dropdown_typography_font_family":"Inter","dropdown_typography_font_weight":"600","dropdown_divider_color":"#FD830D","dropdown_divider_width":{"unit":"px","size":2,"sizes":[]},"dropdown_typography_font_size":{"unit":"rem","size":1.375,"sizes":[]},"dropdown_typography_line_height":{"unit":"em","size":1.5,"sizes":[]},"pointer":"overline","dropdown":"mobile","padding_vertical_menu_item_mobile":{"unit":"px","size":3,"sizes":[]},"toggle_size_mobile":{"unit":"px","size":22,"sizes":[]},"menu":"main_menu","padding_horizontal_dropdown_item_mobile":{"unit":"px","size":33,"sizes":[]},"padding_vertical_dropdown_item_mobile":{"unit":"px","size":12,"sizes":[]},"menu_id":8},"elements":[],"isInner":false,"widgetType":"nav-menu","elType":"widget"}],"isInner":false,"elType":"column"},{"id":"7584a49f","settings":{"_column_size":25,"_inline_size":14.992,"background_background":"classic","_inline_size_tablet":20,"_inline_size_mobile":80,"content_position":"center","align":"center","hide_tablet":"hidden-tablet","hide_mobile":"hidden-mobile","border_radius":{"unit":"px","top":"0","right":"0","bottom":"0","left":"5","isLinked":false},"box_shadow_box_shadow_type":"yes","box_shadow_box_shadow":{"horizontal":9.79,"vertical":12.79,"blur":35,"spread":0,"color":"rgba(0, 0, 0, 0.21)"},"margin":{"unit":"px","top":"0","right":"0","bottom":"-10","left":"0","isLinked":false},"__globals__":{"background_color":"globals\/colors?id=accent","background_hover_color":"globals\/colors?id=571c1bb"},"background_hover_background":"classic","_title":"Get appointment"},"elements":[{"id":"1b5975","settings":{"text":"Make an appointment","link":{"url":"","is_external":"","nofollow":"","custom_attributes":"title|make an appointment"},"align":"center","size":"md","selected_icon":{"value":"far fa-calendar-alt","library":"fa-regular"},"icon_indent":{"unit":"px","size":10,"sizes":[]},"text_padding":{"unit":"%","top":"16","right":"10","bottom":"16","left":"10","isLinked":false},"text_padding_tablet":{"unit":"%","top":"","right":"","bottom":"","left":"","isLinked":true},"text_padding_mobile":{"unit":"%","top":"","right":"","bottom":"","left":"","isLinked":true},"__globals__":{"typography_typography":"globals\/typography?id=text","button_text_color":"globals\/colors?id=571c1bb","hover_color":"globals\/colors?id=accent","button_background_hover_color":"globals\/colors?id=571c1bb"},"__dynamic__":[],"background_color":"#61CE7000","button_background_hover_background":"","border_radius":{"unit":"px","top":"0","right":"0","bottom":"0","left":"5","isLinked":false}},"elements":[],"isInner":false,"widgetType":"button","elType":"widget"}],"isInner":false,"elType":"column"},{"id":"1422e818","settings":{"_column_size":25,"_inline_size":6.126,"background_background":"classic","background_color":"#F23005","_inline_size_tablet":10,"_inline_size_mobile":20,"hide_tablet":"hidden-tablet","hide_mobile":"hidden-mobile","border_radius":{"unit":"px","top":"0","right":"0","bottom":"0","left":"0","isLinked":false},"margin":{"unit":"px","top":"0","right":"0","bottom":"-10","left":"0","isLinked":false},"border_border":"solid","border_width":{"unit":"px","top":"0","right":"0","bottom":"0","left":"1","isLinked":false},"border_color":"#FFFFFF61","__globals__":{"background_color":"globals\/colors?id=accent","border_color":"","background_hover_color":"globals\/colors?id=571c1bb"},"background_hover_background":"classic","_title":"Call us"},"elements":[{"id":"6c934c8a","settings":{"text":"","link":{"url":"#","is_external":"","nofollow":"","custom_attributes":"title|Call us"},"align":"center","size":"lg","selected_icon":{"value":"fas fa-phone-alt","library":"fa-solid"},"icon_indent":{"unit":"px","size":0,"sizes":[]},"text_padding":{"unit":"%","top":"40","right":"40","bottom":"40","left":"40","isLinked":false},"text_padding_tablet":{"unit":"%","top":"","right":"","bottom":"","left":"","isLinked":true},"text_padding_mobile":{"unit":"%","top":"","right":"","bottom":"","left":"","isLinked":true},"__globals__":{"typography_typography":"globals\/typography?id=text","button_text_color":"globals\/colors?id=571c1bb","hover_color":"globals\/colors?id=accent","button_background_hover_color":"globals\/colors?id=571c1bb"},"__dynamic__":[],"background_color":"#61CE7000","button_background_hover_background":""},"elements":[],"isInner":false,"widgetType":"button","elType":"widget"}],"isInner":false,"elType":"column"}],"isInner":false,"elType":"section"}],"settings":[],"metadata":[]}