{"content":[{"id":"210a1dc4","settings":{"layout":"full_width","height":"full","column_position":"stretch","content_position":"middle","background_background":"classic","background_image":{"id":13,"url":"https:\/\/limitless.dev.ananass.fr\/wp-content\/uploads\/2025\/08\/Ferryman_elementor_kit_plumber_ananass-6-2-1-1.jpg"},"background_position":"top left","background_attachment":"fixed","background_repeat":"no-repeat","background_size":"cover","background_overlay_background":"gradient","background_overlay_color_b":"#E9F4FF00","background_overlay_opacity":{"unit":"px","size":1,"sizes":[]},"_title":"Header","background_slideshow_ken_burns":"yes","background_image_mobile":{"url":"https:\/\/www.ferryman.ananass.fr\/wp-content\/uploads\/2022\/04\/ferrman-slid1.jpg","id":596,"alt":"","source":"library"},"background_position_mobile":"top left","background_repeat_mobile":"no-repeat","background_size_mobile":"cover","padding_mobile":{"unit":"px","top":"90","right":"0","bottom":"0","left":"0","isLinked":false},"__globals__":{"background_overlay_color":"globals\/colors?id=571c1bb"},"custom_height":{"unit":"vh","size":62,"sizes":[]},"custom_height_tablet":{"unit":"vh","size":"","sizes":[]},"custom_height_mobile":{"unit":"vh","size":"","sizes":[]},"background_video_fallback":{"url":"","id":""},"background_hover_image":{"url":"","id":""},"background_hover_video_fallback":{"url":"","id":""},"background_overlay_image":{"url":"","id":""},"background_overlay_video_fallback":{"url":"","id":""},"background_overlay_hover_image":{"url":"","id":""},"background_overlay_hover_video_fallback":{"url":"","id":""}},"elements":[{"id":"6e2633a0","settings":{"_column_size":100,"_inline_size":null,"align":"center","content_position":"center","background_image":{"url":"","id":""},"background_video_fallback":{"url":"","id":""},"background_hover_image":{"url":"","id":""},"background_hover_video_fallback":{"url":"","id":""},"background_overlay_image":{"url":"","id":""},"background_overlay_video_fallback":{"url":"","id":""},"background_overlay_hover_image":{"url":"","id":""},"background_overlay_hover_video_fallback":{"url":"","id":""}},"elements":[{"id":"bbf2679","settings":{"marker":"underline_zigzag","before_text":"Error","highlighted_text":"404","rotating_text":"Better\nBigger\nFaster","tag":"span","__globals__":{"words_color":"globals\/colors?id=accent","marker_color":"globals\/colors?id=accent","title_typography_typography":"globals\/typography?id=primary","words_typography_typography":"globals\/typography?id=primary"},"words_typography_font_size":{"unit":"rem","size":4,"sizes":[]},"_background_image":{"url":"","id":""},"_background_video_fallback":{"url":"","id":""},"_background_hover_image":{"url":"","id":""},"_background_hover_video_fallback":{"url":"","id":""},"_mask_image":{"url":"","id":""}},"elements":[],"isInner":false,"widgetType":"animated-headline","elType":"widget"},{"id":"68495c85","settings":{"title":"Oops! that page doesn't exist!","align":"center","__globals__":{"typography_typography":"globals\/typography?id=secondary","title_color":"globals\/colors?id=text"},"_padding":{"unit":"px","top":"25","right":"25","bottom":"25","left":"25","isLinked":true},"_animation":"fadeInDown","_animation_delay":600,"header_size":"span","typography_typography":"custom","typography_font_family":"Inter","typography_font_size":{"unit":"rem","size":1.5,"sizes":[]},"typography_font_weight":"600","typography_line_height":{"unit":"px","size":0,"sizes":[]},"link":{"url":"#","is_external":"","nofollow":"","custom_attributes":"aria-label|We can help you, we are the fastest fleet in town"},"_background_image":{"url":"","id":""},"_background_video_fallback":{"url":"","id":""},"_background_hover_image":{"url":"","id":""},"_background_hover_video_fallback":{"url":"","id":""},"_mask_image":{"url":"","id":""}},"elements":[],"isInner":false,"widgetType":"heading","elType":"widget"},{"id":"4624d062","settings":{"text":"Go home","align":"center","size":"xl","text_padding":{"unit":"px","top":"28","right":"40","bottom":"28","left":"40","isLinked":false},"align_mobile":"justify","border_radius":{"unit":"px","top":"5","right":"5","bottom":"5","left":"5","isLinked":true},"__globals__":{"typography_typography":"globals\/typography?id=accent","hover_color":"globals\/colors?id=accent","button_background_hover_color":"globals\/colors?id=571c1bb","border_color":"globals\/colors?id=accent","background_color":"globals\/colors?id=accent","button_text_color":"globals\/colors?id=571c1bb","button_hover_border_color":"globals\/colors?id=571c1bb"},"hover_animation":"float","border_width":{"unit":"px","top":"1","right":"1","bottom":"1","left":"1","isLinked":true},"button_box_shadow_box_shadow_type":"yes","button_box_shadow_box_shadow":{"horizontal":0,"vertical":16.29,"blur":35,"spread":0,"color":"rgba(0, 0, 0, 0.22)"},"_transform_keep_proportions_hover":"","_transform_scale_effect_hover":{"unit":"px","size":1.1,"sizes":[]},"_transform_scaleX_effect_hover":{"unit":"px","size":1,"sizes":[]},"_transform_scaleY_effect_hover":{"unit":"px","size":1,"sizes":[]},"motion_fx_transform_x_anchor_point":"left","motion_fx_transform_y_anchor_point":"center","link":{"url":"#","is_external":"","nofollow":"","custom_attributes":"aria-label|back to home"},"button_text_color":"#FFFFFF","background_color":"#FD830D","hover_color":"#FD830D","button_background_hover_color":"#FFFFFF","button_hover_border_color":"#FFFFFF","border_color":"#FD830D","__dynamic__":{"link":"[elementor-tag id=\"2fe8c29\" name=\"internal-url\" settings=\"%7B%22type%22%3A%22post%22%2C%22post_id%22%3A139%2C%22taxonomy_id%22%3A%22%22%2C%22attachment_id%22%3A%22%22%2C%22author_id%22%3A%22%22%7D\"]"},"selected_icon":{"value":"fas fa-home","library":"fa-solid"},"background_video_fallback":{"url":"","id":""},"button_background_hover_video_fallback":{"url":"","id":""},"_background_image":{"url":"","id":""},"_background_video_fallback":{"url":"","id":""},"_background_hover_image":{"url":"","id":""},"_background_hover_video_fallback":{"url":"","id":""},"_mask_image":{"url":"","id":""}},"elements":[],"isInner":false,"widgetType":"button","elType":"widget"},{"id":"6b5bea21","settings":{"space_mobile":{"unit":"px","size":150,"sizes":[]},"space":{"unit":"vh","size":15,"sizes":[]},"space_tablet":{"unit":"vh","size":"","sizes":[]},"_background_image":{"url":"","id":""},"_background_video_fallback":{"url":"","id":""},"_background_hover_image":{"url":"","id":""},"_background_hover_video_fallback":{"url":"","id":""},"_mask_image":{"url":"","id":""}},"elements":[],"isInner":false,"widgetType":"spacer","elType":"widget"}],"isInner":false,"elType":"column"}],"isInner":false,"elType":"section"}],"settings":[],"metadata":[]}