{"content":[{"id":"53daefc9","settings":{"flex_direction":"row","background_background":"classic","padding":{"unit":"%","top":"15","right":"10","bottom":"1","left":"10","isLinked":false},"padding_tablet":{"unit":"%","top":"","right":"","bottom":"","left":"","isLinked":true},"padding_mobile":{"unit":"%","top":"","right":"","bottom":"","left":"","isLinked":true},"min_height":{"unit":"vh","size":"","sizes":[]},"min_height_tablet":{"unit":"vh","size":"","sizes":[]},"min_height_mobile":{"unit":"vh","size":"","sizes":[]},"flex_justify_content":"center","flex_align_items":"center","background_color":"#5c4cfc","boxed_width":{"unit":"px","size":1440,"sizes":[]},"flex_gap":{"column":"","row":"","isLinked":true,"unit":"px","size":null},"flex_wrap":"wrap","background_image":{"id":22,"url":"https:\/\/limitless.dev.ananass.fr\/wp-content\/uploads\/2025\/08\/placeholder-168-1.png"},"background_position":"center center","background_repeat":"no-repeat","background_size":"auto","background_overlay_background":"gradient","background_overlay_color":"#5C4CFC","background_overlay_color_stop":{"unit":"%","size":48,"sizes":[]},"background_overlay_color_b":"#FFFFFF","background_overlay_color_b_stop":{"unit":"%","size":27,"sizes":[]},"background_overlay_opacity":{"unit":"px","size":1,"sizes":[]},"shape_divider_bottom_color":"#FFFFFF","shape_divider_bottom_height":{"unit":"px","size":57,"sizes":[]},"shape_divider_bottom_above_content":"yes","margin":{"unit":"%","top":"0","right":"0","bottom":"0","left":"0","isLinked":false},"margin_tablet":{"unit":"%","top":"","right":"","bottom":"","left":"","isLinked":true},"margin_mobile":{"unit":"%","top":"","right":"","bottom":"","left":"","isLinked":true},"__globals__":{"shape_divider_bottom_color":""}},"elements":[{"id":"58cfb44f","settings":{"title":"LIMITLESS","header_size":"span","typography_typography":"custom","typography_font_family":"Raleway","typography_font_size":{"unit":"em","size":8,"sizes":[]},"typography_font_size_tablet":{"unit":"em","size":"","sizes":[]},"typography_font_size_mobile":{"unit":"em","size":"","sizes":[]},"typography_font_weight":"800","text_shadow_text_shadow_type":"yes","title_color":"#FFFFFF","align":"center","typography_text_transform":"none","text_shadow_text_shadow":{"horizontal":0,"vertical":0,"blur":34,"color":"#834DFF"},"_padding":{"unit":"%","top":"0","right":"0","bottom":"5","left":"0","isLinked":false},"_padding_tablet":{"unit":"%","top":"","right":"","bottom":"","left":"","isLinked":true},"_padding_mobile":{"unit":"%","top":"","right":"","bottom":"","left":"","isLinked":true},"_element_width":"inherit","_flex_align_self":"center"},"elements":[],"isInner":false,"widgetType":"heading","elType":"widget"},{"id":"330f6db4","settings":{"text":"Live demo","typography_typography":"custom","typography_font_family":"Roboto","typography_font_weight":"600","typography_text_transform":"uppercase","button_text_color":"#8B5CF6","background_color":"#FAF5FF","border_radius":{"unit":"px","top":"8","right":"8","bottom":"8","left":"8","isLinked":true},"text_padding":{"unit":"px","top":"20","right":"35","bottom":"20","left":"35","isLinked":false},"_element_custom_width":{"unit":"%","size":20,"sizes":[]}},"elements":[],"isInner":false,"widgetType":"button","elType":"widget"},{"id":"344d71df","settings":{"text":"Get now","typography_typography":"custom","typography_font_family":"Roboto","typography_font_weight":"600","typography_text_transform":"uppercase","button_text_color":"#8B5CF6","background_color":"#FAF5FF","border_radius":{"unit":"px","top":"8","right":"8","bottom":"8","left":"8","isLinked":true},"text_padding":{"unit":"px","top":"20","right":"35","bottom":"20","left":"35","isLinked":false},"_element_custom_width":{"unit":"%","size":20,"sizes":[]}},"elements":[],"isInner":false,"widgetType":"button","elType":"widget"},{"id":"58f4b489","settings":{"content_width":"full","padding":{"unit":"px","top":"0","right":"0","bottom":"0","left":"0","isLinked":true}},"elements":[{"id":"1f8e7eff","settings":{"content_width":"full","min_height":{"unit":"vh","size":72,"sizes":[]},"min_height_tablet":{"unit":"vh","size":"","sizes":[]},"min_height_mobile":{"unit":"vh","size":"","sizes":[]},"flex_direction":"row","flex_justify_content":"space-between","background_background":"classic","background_color":"#0C0088","background_image":{"id":17,"url":"https:\/\/limitless.dev.ananass.fr\/wp-content\/uploads\/2025\/08\/placeholder-163-1.png"},"background_position":"center center","background_repeat":"no-repeat","background_size":"auto","border_radius":{"unit":"px","top":"20","right":"20","bottom":"20","left":"20","isLinked":true},"box_shadow_box_shadow_type":"yes","margin":{"unit":"%","top":"5","right":"0","bottom":"0","left":"0","isLinked":false},"margin_tablet":{"unit":"%","top":"","right":"","bottom":"","left":"","isLinked":true},"margin_mobile":{"unit":"%","top":"","right":"","bottom":"","left":"","isLinked":true},"padding":{"unit":"%","top":"3","right":"3","bottom":"3","left":"3","isLinked":true},"padding_tablet":{"unit":"%","top":"","right":"","bottom":"","left":"","isLinked":true},"padding_mobile":{"unit":"%","top":"","right":"","bottom":"","left":"","isLinked":true},"_title":"Desk"},"elements":[{"id":"7e05f221","settings":{"image":{"id":16,"url":"https:\/\/limitless.dev.ananass.fr\/wp-content\/uploads\/2025\/08\/placeholder-162-1.png"},"image_size":"full","width":{"unit":"%","size":100,"sizes":[]},"_element_width":"initial","_element_custom_width":{"unit":"%","size":6,"sizes":[]},"_flex_align_self":"flex-start"},"elements":[],"isInner":false,"widgetType":"image","elType":"widget"},{"id":"5d769a15","settings":{"selected_icon":{"value":"fas fa-bars","library":"fa-solid"},"view":"stacked","shape":"rounded","primary_color":"#8744DA","size":{"unit":"px","size":22,"sizes":[]},"_flex_align_self":"flex-start"},"elements":[],"isInner":false,"widgetType":"icon","elType":"widget"}],"isInner":true,"elType":"container"},{"id":"59e9da38","settings":{"content_width":"full","width":{"unit":"%","size":19,"sizes":[]},"min_height":{"unit":"vh","size":49,"sizes":[]},"min_height_tablet":{"unit":"vh","size":"","sizes":[]},"min_height_mobile":{"unit":"vh","size":"","sizes":[]},"flex_direction":"row","flex_justify_content":"space-between","background_background":"classic","background_color":"#8744DA","background_image":{"id":19,"url":"https:\/\/limitless.dev.ananass.fr\/wp-content\/uploads\/2025\/08\/placeholder-165-1.png"},"background_position":"center center","background_repeat":"no-repeat","background_size":"initial","background_bg_width":{"unit":"%","size":48,"sizes":[]},"border_radius":{"unit":"px","top":"20","right":"20","bottom":"20","left":"20","isLinked":true},"box_shadow_box_shadow_type":"yes","margin":{"unit":"%","top":"5","right":"0","bottom":"0","left":"0","isLinked":false},"margin_tablet":{"unit":"%","top":"","right":"","bottom":"","left":"","isLinked":true},"margin_mobile":{"unit":"%","top":"","right":"","bottom":"","left":"","isLinked":true},"padding":{"unit":"%","top":"1","right":"1","bottom":"1","left":"1","isLinked":true},"padding_tablet":{"unit":"%","top":"","right":"","bottom":"","left":"","isLinked":true},"padding_mobile":{"unit":"%","top":"","right":"","bottom":"","left":"","isLinked":true},"position":"absolute","_offset_orientation_h":"end","_offset_x_end":{"unit":"%","size":-5,"sizes":[]},"_offset_x_end_tablet":{"unit":"%","size":"","sizes":[]},"_offset_x_end_mobile":{"unit":"%","size":"","sizes":[]},"_offset_orientation_v":"end","_offset_y_end":{"unit":"%","size":5,"sizes":[]},"_offset_y_end_tablet":{"unit":"%","size":"","sizes":[]},"_offset_y_end_mobile":{"unit":"%","size":"","sizes":[]},"_title":"Mob"},"elements":[{"id":"6f2f7a73","settings":{"image":{"id":18,"url":"https:\/\/limitless.dev.ananass.fr\/wp-content\/uploads\/2025\/08\/placeholder-164-1.png"},"image_size":"full","width":{"unit":"%","size":100,"sizes":[]},"_element_width":"initial","_element_custom_width":{"unit":"%","size":20,"sizes":[]},"_flex_align_self":"flex-start"},"elements":[],"isInner":false,"widgetType":"image","elType":"widget"}],"isInner":true,"elType":"container"},{"id":"74c3dd54","settings":{"content_width":"full","width":{"unit":"%","size":38,"sizes":[]},"min_height":{"unit":"vh","size":36,"sizes":[]},"min_height_tablet":{"unit":"vh","size":"","sizes":[]},"min_height_mobile":{"unit":"vh","size":"","sizes":[]},"flex_direction":"row","flex_justify_content":"space-between","background_background":"classic","background_color":"#8744DA","background_image":{"id":21,"url":"https:\/\/limitless.dev.ananass.fr\/wp-content\/uploads\/2025\/08\/placeholder-167-1.png"},"background_position":"center center","background_repeat":"no-repeat","background_size":"initial","background_bg_width":{"unit":"%","size":48,"sizes":[]},"border_radius":{"unit":"px","top":"20","right":"20","bottom":"20","left":"20","isLinked":true},"box_shadow_box_shadow_type":"yes","margin":{"unit":"%","top":"5","right":"0","bottom":"0","left":"0","isLinked":false},"margin_tablet":{"unit":"%","top":"","right":"","bottom":"","left":"","isLinked":true},"margin_mobile":{"unit":"%","top":"","right":"","bottom":"","left":"","isLinked":true},"padding":{"unit":"%","top":"1","right":"1","bottom":"1","left":"1","isLinked":true},"padding_tablet":{"unit":"%","top":"","right":"","bottom":"","left":"","isLinked":true},"padding_mobile":{"unit":"%","top":"","right":"","bottom":"","left":"","isLinked":true},"position":"absolute","_offset_x":{"unit":"%","size":-5,"sizes":[]},"_offset_x_tablet":{"unit":"%","size":"","sizes":[]},"_offset_x_mobile":{"unit":"%","size":"","sizes":[]},"_offset_x_end":{"unit":"%","size":5,"sizes":[]},"_offset_x_end_tablet":{"unit":"%","size":"","sizes":[]},"_offset_x_end_mobile":{"unit":"%","size":"","sizes":[]},"_offset_orientation_v":"end","_offset_y_end":{"unit":"%","size":10,"sizes":[]},"_offset_y_end_tablet":{"unit":"%","size":"","sizes":[]},"_offset_y_end_mobile":{"unit":"%","size":"","sizes":[]},"_title":"Tab"},"elements":[{"id":"1be46869","settings":{"image":{"id":20,"url":"https:\/\/limitless.dev.ananass.fr\/wp-content\/uploads\/2025\/08\/placeholder-166-1.png"},"image_size":"full","width":{"unit":"%","size":100,"sizes":[]},"_element_width":"initial","_element_custom_width":{"unit":"%","size":11,"sizes":[]},"_flex_align_self":"flex-start"},"elements":[],"isInner":false,"widgetType":"image","elType":"widget"}],"isInner":true,"elType":"container"}],"isInner":true,"elType":"container"},{"id":"f989d8c","settings":{"content_width":"full","boxed_width":{"unit":"px","size":1280,"sizes":[]},"min_height":{"unit":"vh","size":"","sizes":[]},"min_height_tablet":{"unit":"vh","size":"","sizes":[]},"min_height_mobile":{"unit":"vh","size":"","sizes":[]},"flex_direction":"row","flex_justify_content":"center","flex_align_items":"center","flex_wrap":"wrap","background_color":"#0C0088","background_image":{"url":"","id":"","size":"","alt":"","source":"library"},"background_position":"center center","background_repeat":"no-repeat","background_size":"auto","border_border":"none","margin":{"unit":"%","top":"0","right":"0","bottom":"0","left":"0","isLinked":false},"margin_tablet":{"unit":"%","top":"","right":"","bottom":"","left":"","isLinked":true},"margin_mobile":{"unit":"%","top":"","right":"","bottom":"","left":"","isLinked":true},"padding":{"unit":"%","top":"5","right":"5","bottom":"5","left":"5","isLinked":true},"padding_tablet":{"unit":"%","top":"","right":"","bottom":"","left":"","isLinked":true},"padding_mobile":{"unit":"%","top":"","right":"","bottom":"","left":"","isLinked":true},"motion_fx_tilt_speed":{"unit":"px","size":0.2,"sizes":[]}},"elements":[{"id":"890aaca","settings":{"title":"Get to work quickly<\/br> wherever you are","header_size":"span","typography_typography":"custom","typography_font_family":"Noto Sans Display","typography_font_size":{"unit":"em","size":4.6,"sizes":[]},"typography_font_size_tablet":{"unit":"em","size":"","sizes":[]},"typography_font_size_mobile":{"unit":"em","size":"","sizes":[]},"typography_font_weight":"500","title_color":"#8744da","align":"center","typography_text_transform":"none","text_shadow_text_shadow":{"horizontal":0,"vertical":0,"blur":34,"color":"#834DFF"},"_padding":{"unit":"%","top":"2","right":"2","bottom":"2","left":"2","isLinked":true},"_padding_tablet":{"unit":"%","top":"","right":"","bottom":"","left":"","isLinked":true},"_padding_mobile":{"unit":"%","top":"","right":"","bottom":"","left":"","isLinked":true},"_element_width":"inherit","_flex_align_self":"center"},"elements":[],"isInner":false,"widgetType":"heading","elType":"widget"},{"id":"156c6919","settings":{"editor":"Lorem Ipsum is simply dummy text of the printing and typesetting industry. Lorem Ipsum has been the industry's standard dummy text ever since the 1500s, when an unknown printer took a galley of type and scrambled it to make a type specimen book. It has survived not only five centuries, but also the leap into electronic typesetting, remaining essentially unchanged. It was popularised in the 1960s with the release of Letraset sheets containing Lorem Ipsum passages, and more recently with desktop publishing software like Aldus PageMaker including versions of Lorem Ipsum.","align":"center","_element_width":"inherit"},"elements":[],"isInner":false,"widgetType":"text-editor","elType":"widget"},{"id":"1aa9163c","settings":{"editor":"<p>It is a long established fact that a reader will be distracted by the readable content of a page when looking at its layout.<\/p>","align":"center","_element_width":"inherit"},"elements":[],"isInner":false,"widgetType":"text-editor","elType":"widget"},{"id":"6ebc5629","settings":{"text":"Get now","typography_typography":"custom","typography_font_family":"Roboto","typography_font_weight":"600","typography_text_transform":"uppercase","button_text_color":"#FAF5FF","background_color":"#8B5CF6","border_radius":{"unit":"px","top":"8","right":"8","bottom":"8","left":"8","isLinked":true},"text_padding":{"unit":"px","top":"20","right":"35","bottom":"20","left":"35","isLinked":false},"_element_custom_width":{"unit":"%","size":20,"sizes":[]}},"elements":[],"isInner":false,"widgetType":"button","elType":"widget"}],"isInner":true,"elType":"container"}],"isInner":false,"elType":"container"},{"id":"56ca4c0d","settings":{"flex_direction":"column","boxed_width":{"unit":"px","size":1440,"sizes":[]},"background_background":"classic","background_color":"#FFFFFF","background_overlay_background":"classic","background_overlay_color":"#FFFFFF","background_overlay_color_b":"#5C4CFC","background_overlay_color_b_stop":{"unit":"%","size":95,"sizes":[]},"background_overlay_gradient_type":"radial","background_overlay_opacity":{"unit":"px","size":1,"sizes":[]},"padding":{"unit":"%","top":"5","right":"5","bottom":"5","left":"5","isLinked":true},"padding_tablet":{"unit":"%","top":"","right":"","bottom":"","left":"","isLinked":true},"padding_mobile":{"unit":"%","top":"","right":"","bottom":"","left":"","isLinked":true}},"elements":[{"id":"5d770211","settings":{"content_width":"full","min_height":{"unit":"vh","size":92,"sizes":[]},"min_height_tablet":{"unit":"vh","size":"","sizes":[]},"min_height_mobile":{"unit":"vh","size":"","sizes":[]},"flex_direction":"row","flex_justify_content":"space-between","background_background":"classic","background_color":"#0C0088","background_image":{"id":25,"url":"https:\/\/limitless.dev.ananass.fr\/wp-content\/uploads\/2025\/08\/placeholder-171-1.png"},"background_position":"top center","background_repeat":"no-repeat","background_size":"cover","border_radius":{"unit":"px","top":"20","right":"20","bottom":"20","left":"20","isLinked":true},"box_shadow_box_shadow_type":"yes","margin":{"unit":"%","top":"5","right":"0","bottom":"0","left":"0","isLinked":false},"margin_tablet":{"unit":"%","top":"","right":"","bottom":"","left":"","isLinked":true},"margin_mobile":{"unit":"%","top":"","right":"","bottom":"","left":"","isLinked":true},"padding":{"unit":"%","top":"3","right":"3","bottom":"3","left":"3","isLinked":true},"padding_tablet":{"unit":"%","top":"","right":"","bottom":"","left":"","isLinked":true},"padding_mobile":{"unit":"%","top":"","right":"","bottom":"","left":"","isLinked":true},"motion_fx_motion_fx_mouse":"yes","motion_fx_tilt_effect":"yes","motion_fx_tilt_speed":{"unit":"px","size":0.2,"sizes":[]},"background_overlay_background":"classic","background_overlay_image":{"id":26,"url":"https:\/\/limitless.dev.ananass.fr\/wp-content\/uploads\/2025\/08\/placeholder-172-1.png"},"background_overlay_position":"center center","background_overlay_repeat":"no-repeat","background_overlay_size":"auto","background_overlay_opacity":{"unit":"px","size":1,"sizes":[]}},"elements":[{"id":"5394bbaf","settings":{"image":{"id":23,"url":"https:\/\/limitless.dev.ananass.fr\/wp-content\/uploads\/2025\/08\/placeholder-169-1.png"},"image_size":"full","width":{"unit":"%","size":100,"sizes":[]},"_element_width":"initial","_element_custom_width":{"unit":"%","size":6,"sizes":[]},"_flex_align_self":"flex-start"},"elements":[],"isInner":false,"widgetType":"image","elType":"widget"},{"id":"5e060e3f","settings":{"selected_icon":{"value":"fas fa-bars","library":"fa-solid"},"view":"stacked","shape":"rounded","primary_color":"#8744DA","size":{"unit":"px","size":22,"sizes":[]},"_flex_align_self":"flex-start"},"elements":[],"isInner":false,"widgetType":"icon","elType":"widget"},{"id":"1dd19620","settings":{"selected_icon":{"value":"fab fa-wordpress-simple","library":"fa-brands"},"view":"stacked","shape":"rounded","primary_color":"#8744DA","size":{"unit":"px","size":59,"sizes":[]},"_flex_align_self":"flex-start","align":"","_element_width":"initial","_element_custom_width":{"unit":"%","size":9,"sizes":[]},"_position":"absolute","_offset_orientation_h":"end","_offset_x_end":{"unit":"%","size":-3,"sizes":[]},"_offset_x_end_tablet":{"unit":"%","size":"","sizes":[]},"_offset_x_end_mobile":{"unit":"%","size":"","sizes":[]},"_offset_y":{"unit":"%","size":30,"sizes":[]},"_offset_y_tablet":{"unit":"%","size":"","sizes":[]},"_offset_y_mobile":{"unit":"%","size":"","sizes":[]},"_transform_rotate_popover":"transform","_transform_rotateZ_effect":{"unit":"px","size":-30,"sizes":[]}},"elements":[],"isInner":false,"widgetType":"icon","elType":"widget"},{"id":"7e58cd2b","settings":{"image":{"id":24,"url":"https:\/\/limitless.dev.ananass.fr\/wp-content\/uploads\/2025\/08\/placeholder-170-1.png"},"image_size":"full","width":{"unit":"%","size":100,"sizes":[]},"_element_width":"initial","_element_custom_width":{"unit":"%","size":10,"sizes":[]},"_flex_align_self":"flex-start","_position":"absolute","_offset_x":{"size":-5,"unit":"%"},"_offset_x_tablet":{"unit":"%","size":"","sizes":[]},"_offset_x_mobile":{"unit":"%","size":"","sizes":[]},"_offset_x_end":{"unit":"%","size":10,"sizes":[]},"_offset_x_end_tablet":{"unit":"%","size":"","sizes":[]},"_offset_x_end_mobile":{"unit":"%","size":"","sizes":[]},"_offset_y":{"size":39,"unit":"%"},"_offset_y_tablet":{"unit":"%","size":"","sizes":[]},"_offset_y_mobile":{"unit":"%","size":"","sizes":[]},"_transform_rotate_popover":"transform","_transform_rotateZ_effect":{"unit":"px","size":20,"sizes":[]}},"elements":[],"isInner":false,"widgetType":"image","elType":"widget"},{"id":"43df309d","settings":{"selected_icon":{"value":"fab fa-wordpress-simple","library":"fa-brands"},"view":"stacked","shape":"rounded","primary_color":"#2872f7","size":{"unit":"px","size":59,"sizes":[]},"_flex_align_self":"flex-start","align":"","_element_width":"initial","_element_custom_width":{"unit":"%","size":9,"sizes":[]},"_position":"absolute","_offset_x":{"unit":"%","size":-6,"sizes":[]},"_offset_x_tablet":{"unit":"%","size":"","sizes":[]},"_offset_x_mobile":{"unit":"%","size":"","sizes":[]},"_offset_x_end":{"unit":"%","size":-3,"sizes":[]},"_offset_x_end_tablet":{"unit":"%","size":"","sizes":[]},"_offset_x_end_mobile":{"unit":"%","size":"","sizes":[]},"_offset_orientation_v":"end","_offset_y":{"unit":"%","size":30,"sizes":[]},"_offset_y_tablet":{"unit":"%","size":"","sizes":[]},"_offset_y_mobile":{"unit":"%","size":"","sizes":[]},"_offset_y_end":{"unit":"%","size":10,"sizes":[]},"_offset_y_end_tablet":{"unit":"%","size":"","sizes":[]},"_offset_y_end_mobile":{"unit":"%","size":"","sizes":[]},"_transform_rotate_popover":"transform","_transform_rotateZ_effect":{"unit":"px","size":-30,"sizes":[]}},"elements":[],"isInner":false,"widgetType":"icon","elType":"widget"}],"isInner":true,"elType":"container"},{"id":"61eb9768","settings":{"boxed_width":{"unit":"px","size":1280,"sizes":[]},"min_height":{"unit":"vh","size":72,"sizes":[]},"min_height_tablet":{"unit":"vh","size":"","sizes":[]},"min_height_mobile":{"unit":"vh","size":"","sizes":[]},"flex_direction":"row","flex_justify_content":"center","flex_align_items":"center","flex_wrap":"wrap","background_color":"#0C0088","background_image":{"url":"","id":"","size":"","alt":"","source":"library"},"background_position":"center center","background_repeat":"no-repeat","background_size":"auto","border_border":"none","margin":{"unit":"%","top":"0","right":"0","bottom":"0","left":"0","isLinked":false},"margin_tablet":{"unit":"%","top":"","right":"","bottom":"","left":"","isLinked":true},"margin_mobile":{"unit":"%","top":"","right":"","bottom":"","left":"","isLinked":true},"padding":{"unit":"%","top":"10","right":"10","bottom":"10","left":"10","isLinked":true},"padding_tablet":{"unit":"%","top":"","right":"","bottom":"","left":"","isLinked":true},"padding_mobile":{"unit":"%","top":"","right":"","bottom":"","left":"","isLinked":true},"motion_fx_tilt_speed":{"unit":"px","size":0.2,"sizes":[]}},"elements":[{"id":"2da18390","settings":{"title":"Get to work quickly<\/br> wherever you are","header_size":"span","typography_typography":"custom","typography_font_family":"Noto Sans Display","typography_font_size":{"unit":"em","size":4.6,"sizes":[]},"typography_font_size_tablet":{"unit":"em","size":"","sizes":[]},"typography_font_size_mobile":{"unit":"em","size":"","sizes":[]},"typography_font_weight":"500","title_color":"#8744da","align":"center","typography_text_transform":"none","text_shadow_text_shadow":{"horizontal":0,"vertical":0,"blur":34,"color":"#834DFF"},"_padding":{"unit":"%","top":"2","right":"2","bottom":"2","left":"2","isLinked":true},"_padding_tablet":{"unit":"%","top":"","right":"","bottom":"","left":"","isLinked":true},"_padding_mobile":{"unit":"%","top":"","right":"","bottom":"","left":"","isLinked":true},"_element_width":"inherit","_flex_align_self":"center"},"elements":[],"isInner":false,"widgetType":"heading","elType":"widget"},{"id":"3b2bd0a2","settings":{"editor":"Lorem Ipsum is simply dummy text of the printing and typesetting industry. Lorem Ipsum has been the industry's standard dummy text ever since the 1500s, when an unknown printer took a galley of type and scrambled it to make a type specimen book. It has survived not only five centuries, but also the leap into electronic typesetting, remaining essentially unchanged.","align":"center","_element_width":"inherit"},"elements":[],"isInner":false,"widgetType":"text-editor","elType":"widget"},{"id":"520162dc","settings":{"editor":"<p>It is a long established fact that a reader will be distracted by the readable content of a page when looking at its layout.<\/p>","align":"center","_element_width":"inherit"},"elements":[],"isInner":false,"widgetType":"text-editor","elType":"widget"},{"id":"646dc127","settings":{"text":"Get now","typography_typography":"custom","typography_font_family":"Roboto","typography_font_weight":"600","typography_text_transform":"uppercase","button_text_color":"#FAF5FF","background_color":"#8B5CF6","border_radius":{"unit":"px","top":"8","right":"8","bottom":"8","left":"8","isLinked":true},"text_padding":{"unit":"px","top":"20","right":"35","bottom":"20","left":"35","isLinked":false},"_element_custom_width":{"unit":"%","size":20,"sizes":[]}},"elements":[],"isInner":false,"widgetType":"button","elType":"widget"}],"isInner":true,"elType":"container"},{"id":"2aa22bac","settings":{"image":{"id":27,"url":"https:\/\/limitless.dev.ananass.fr\/wp-content\/uploads\/2025\/08\/placeholder-173-1.png"},"image_size":"full","width":{"unit":"%","size":100,"sizes":[]},"_element_width":"initial","_element_custom_width":{"unit":"%","size":9,"sizes":[]},"_flex_align_self":"flex-start","_position":"absolute","_offset_orientation_h":"end","_offset_x_end":{"unit":"%","size":-5,"sizes":[]},"_offset_x_end_tablet":{"unit":"%","size":"","sizes":[]},"_offset_x_end_mobile":{"unit":"%","size":"","sizes":[]},"_offset_y":{"unit":"%","size":35,"sizes":[]},"_offset_y_tablet":{"unit":"%","size":"","sizes":[]},"_offset_y_mobile":{"unit":"%","size":"","sizes":[]},"_transform_rotate_popover":"transform","_transform_rotateZ_effect":{"unit":"px","size":-30,"sizes":[]}},"elements":[],"isInner":false,"widgetType":"image","elType":"widget"}],"isInner":false,"elType":"container"},{"id":"6b4cf330","settings":{"flex_direction":"row","boxed_width":{"unit":"px","size":1440,"sizes":[]},"background_background":"classic","background_color":"#FFFFFF","background_overlay_background":"gradient","background_overlay_color":"#5c4cfc","background_overlay_color_b":"#FFFFFF","background_overlay_color_b_stop":{"unit":"%","size":54,"sizes":[]},"background_overlay_gradient_type":"radial","background_overlay_gradient_position":"bottom right","background_overlay_opacity":{"unit":"px","size":0.8,"sizes":[]},"padding":{"unit":"%","top":"5","right":"5","bottom":"5","left":"5","isLinked":true},"padding_tablet":{"unit":"%","top":"","right":"","bottom":"","left":"","isLinked":true},"padding_mobile":{"unit":"%","top":"","right":"","bottom":"","left":"","isLinked":true}},"elements":[{"id":"4c83d0f3","settings":{"content_width":"full","min_height":{"unit":"vh","size":72,"sizes":[]},"min_height_tablet":{"unit":"vh","size":"","sizes":[]},"min_height_mobile":{"unit":"vh","size":"","sizes":[]},"flex_direction":"column","flex_justify_content":"flex-end","background_background":"classic","background_color":"#0C0088","background_image":{"id":28,"url":"https:\/\/limitless.dev.ananass.fr\/wp-content\/uploads\/2025\/08\/placeholder-174-1.png"},"background_position":"center center","background_repeat":"no-repeat","background_size":"auto","border_radius":{"unit":"px","top":"20","right":"20","bottom":"20","left":"20","isLinked":true},"box_shadow_box_shadow_type":"yes","margin":{"unit":"%","top":"5","right":"0","bottom":"0","left":"0","isLinked":false},"margin_tablet":{"unit":"%","top":"","right":"","bottom":"","left":"","isLinked":true},"margin_mobile":{"unit":"%","top":"","right":"","bottom":"","left":"","isLinked":true},"padding":{"unit":"%","top":"3","right":"3","bottom":"3","left":"3","isLinked":true},"padding_tablet":{"unit":"%","top":"","right":"","bottom":"","left":"","isLinked":true},"padding_mobile":{"unit":"%","top":"","right":"","bottom":"","left":"","isLinked":true},"motion_fx_motion_fx_mouse":"yes","motion_fx_tilt_effect":"yes","motion_fx_tilt_speed":{"unit":"px","size":0.2,"sizes":[]},"flex_align_items":"center"},"elements":[],"isInner":true,"elType":"container"}],"isInner":false,"elType":"container"},{"id":"11255379","settings":{"flex_direction":"row","container_type":"grid","boxed_width":{"unit":"px","size":1440,"sizes":[]},"min_height":{"unit":"vh","size":72,"sizes":[]},"min_height_tablet":{"unit":"vh","size":"","sizes":[]},"min_height_mobile":{"unit":"vh","size":"","sizes":[]},"grid_columns_grid":{"unit":"fr","size":4,"sizes":[]},"grid_rows_grid":{"unit":"fr","size":1,"sizes":[]},"background_background":"classic","background_color":"#FFFFFF","background_overlay_background":"gradient","background_overlay_color":"#5c4cfc","background_overlay_color_b":"#FFFFFF","background_overlay_color_b_stop":{"unit":"%","size":54,"sizes":[]},"background_overlay_gradient_type":"radial","background_overlay_gradient_position":"top right","background_overlay_opacity":{"unit":"px","size":0.8,"sizes":[]},"padding":{"unit":"%","top":"5","right":"5","bottom":"5","left":"5","isLinked":true},"padding_tablet":{"unit":"%","top":"","right":"","bottom":"","left":"","isLinked":true},"padding_mobile":{"unit":"%","top":"","right":"","bottom":"","left":"","isLinked":true},"presetTitle":"Grid","presetIcon":"eicon-container-grid"},"elements":[{"id":"127918ed","settings":{"content_width":"full","min_height":{"unit":"vh","size":40,"sizes":[]},"min_height_tablet":{"unit":"vh","size":"","sizes":[]},"min_height_mobile":{"unit":"vh","size":"","sizes":[]},"background_background":"classic","background_color":"#F4F4F5","border_border":"solid","border_width":{"unit":"px","top":"2","right":"2","bottom":"2","left":"2","isLinked":true},"border_color":"#FFFFFF","border_radius":{"unit":"px","top":"20","right":"20","bottom":"20","left":"20","isLinked":true},"box_shadow_box_shadow_type":"yes","box_shadow_box_shadow":{"horizontal":0,"vertical":15,"blur":32,"spread":0,"color":"rgba(0, 0, 0, 0.1)"},"padding":{"unit":"%","top":"5","right":"5","bottom":"5","left":"5","isLinked":true},"padding_tablet":{"unit":"%","top":"","right":"","bottom":"","left":"","isLinked":true},"padding_mobile":{"unit":"%","top":"","right":"","bottom":"","left":"","isLinked":true}},"elements":[{"id":"19ee874a","settings":{"title":"Elementor page builder","header_size":"span","typography_typography":"custom","typography_font_family":"Noto Sans Display","typography_font_size":{"unit":"em","size":1.6,"sizes":[]},"typography_font_size_tablet":{"unit":"em","size":"","sizes":[]},"typography_font_size_mobile":{"unit":"em","size":"","sizes":[]},"typography_font_weight":"800","title_color":"#0C0088","align":"center","text_shadow_text_shadow":{"horizontal":0,"vertical":0,"blur":34,"color":"#834DFF"},"_padding":{"unit":"%","top":"2","right":"2","bottom":"2","left":"2","isLinked":true},"_padding_tablet":{"unit":"%","top":"","right":"","bottom":"","left":"","isLinked":true},"_padding_mobile":{"unit":"%","top":"","right":"","bottom":"","left":"","isLinked":true},"_flex_align_self":"center","_element_width":"inherit"},"elements":[],"isInner":false,"widgetType":"heading","elType":"widget"},{"id":"698a4d7b","settings":{"title":"gutenberg\n","header_size":"span","typography_typography":"custom","typography_font_family":"Noto Sans Display","typography_font_size":{"unit":"em","size":1.6,"sizes":[]},"typography_font_size_tablet":{"unit":"em","size":"","sizes":[]},"typography_font_size_mobile":{"unit":"em","size":"","sizes":[]},"typography_font_weight":"800","title_color":"#0C0088","align":"center","text_shadow_text_shadow":{"horizontal":0,"vertical":0,"blur":34,"color":"#834DFF"},"_padding":{"unit":"%","top":"2","right":"2","bottom":"2","left":"2","isLinked":true},"_padding_tablet":{"unit":"%","top":"","right":"","bottom":"","left":"","isLinked":true},"_padding_mobile":{"unit":"%","top":"","right":"","bottom":"","left":"","isLinked":true},"_flex_align_self":"center","_element_width":"inherit"},"elements":[],"isInner":false,"widgetType":"heading","elType":"widget"}],"isInner":true,"elType":"container"},{"id":"4629f23a","settings":{"content_width":"full","min_height":{"unit":"vh","size":40,"sizes":[]},"min_height_tablet":{"unit":"vh","size":"","sizes":[]},"min_height_mobile":{"unit":"vh","size":"","sizes":[]},"background_background":"classic","background_color":"#F4F4F5","border_border":"solid","border_width":{"unit":"px","top":"2","right":"2","bottom":"2","left":"2","isLinked":true},"border_color":"#FFFFFF","border_radius":{"unit":"px","top":"20","right":"20","bottom":"20","left":"20","isLinked":true},"box_shadow_box_shadow_type":"yes","box_shadow_box_shadow":{"horizontal":0,"vertical":15,"blur":32,"spread":0,"color":"rgba(0, 0, 0, 0.1)"},"padding":{"unit":"%","top":"5","right":"5","bottom":"5","left":"5","isLinked":true},"padding_tablet":{"unit":"%","top":"","right":"","bottom":"","left":"","isLinked":true},"padding_mobile":{"unit":"%","top":"","right":"","bottom":"","left":"","isLinked":true}},"elements":[{"id":"53b4c625","settings":{"title":"Powerful theme options","header_size":"span","typography_typography":"custom","typography_font_family":"Noto Sans Display","typography_font_size":{"unit":"em","size":1.6,"sizes":[]},"typography_font_size_tablet":{"unit":"em","size":"","sizes":[]},"typography_font_size_mobile":{"unit":"em","size":"","sizes":[]},"typography_font_weight":"800","title_color":"#0C0088","align":"center","text_shadow_text_shadow":{"horizontal":0,"vertical":0,"blur":34,"color":"#834DFF"},"_padding":{"unit":"%","top":"2","right":"2","bottom":"2","left":"2","isLinked":true},"_padding_tablet":{"unit":"%","top":"","right":"","bottom":"","left":"","isLinked":true},"_padding_mobile":{"unit":"%","top":"","right":"","bottom":"","left":"","isLinked":true},"_flex_align_self":"center","_element_width":"inherit"},"elements":[],"isInner":false,"widgetType":"heading","elType":"widget"}],"isInner":true,"elType":"container"},{"id":"5eb93a9a","settings":{"content_width":"full","min_height":{"unit":"vh","size":40,"sizes":[]},"min_height_tablet":{"unit":"vh","size":"","sizes":[]},"min_height_mobile":{"unit":"vh","size":"","sizes":[]},"background_background":"classic","background_color":"#F4F4F5","border_border":"solid","border_width":{"unit":"px","top":"2","right":"2","bottom":"2","left":"2","isLinked":true},"border_color":"#FFFFFF","border_radius":{"unit":"px","top":"20","right":"20","bottom":"20","left":"20","isLinked":true},"box_shadow_box_shadow_type":"yes","box_shadow_box_shadow":{"horizontal":0,"vertical":15,"blur":32,"spread":0,"color":"rgba(0, 0, 0, 0.1)"},"padding":{"unit":"%","top":"5","right":"5","bottom":"5","left":"5","isLinked":true},"padding_tablet":{"unit":"%","top":"","right":"","bottom":"","left":"","isLinked":true},"padding_mobile":{"unit":"%","top":"","right":"","bottom":"","left":"","isLinked":true}},"elements":[{"id":"1b0e568c","settings":{"title":"One click demo installation","header_size":"span","typography_typography":"custom","typography_font_family":"Noto Sans Display","typography_font_size":{"unit":"em","size":1.6,"sizes":[]},"typography_font_size_tablet":{"unit":"em","size":"","sizes":[]},"typography_font_size_mobile":{"unit":"em","size":"","sizes":[]},"typography_font_weight":"800","title_color":"#0C0088","align":"center","text_shadow_text_shadow":{"horizontal":0,"vertical":0,"blur":34,"color":"#834DFF"},"_padding":{"unit":"%","top":"2","right":"2","bottom":"2","left":"2","isLinked":true},"_padding_tablet":{"unit":"%","top":"","right":"","bottom":"","left":"","isLinked":true},"_padding_mobile":{"unit":"%","top":"","right":"","bottom":"","left":"","isLinked":true},"_flex_align_self":"center","_element_width":"inherit"},"elements":[],"isInner":false,"widgetType":"heading","elType":"widget"}],"isInner":true,"elType":"container"},{"id":"3bb3a3a6","settings":{"content_width":"full","min_height":{"unit":"vh","size":40,"sizes":[]},"min_height_tablet":{"unit":"vh","size":"","sizes":[]},"min_height_mobile":{"unit":"vh","size":"","sizes":[]},"background_background":"classic","background_color":"#F4F4F5","border_border":"solid","border_width":{"unit":"px","top":"2","right":"2","bottom":"2","left":"2","isLinked":true},"border_color":"#FFFFFF","border_radius":{"unit":"px","top":"20","right":"20","bottom":"20","left":"20","isLinked":true},"box_shadow_box_shadow_type":"yes","box_shadow_box_shadow":{"horizontal":0,"vertical":15,"blur":32,"spread":0,"color":"rgba(0, 0, 0, 0.1)"},"padding":{"unit":"%","top":"5","right":"5","bottom":"5","left":"5","isLinked":true},"padding_tablet":{"unit":"%","top":"","right":"","bottom":"","left":"","isLinked":true},"padding_mobile":{"unit":"%","top":"","right":"","bottom":"","left":"","isLinked":true}},"elements":[{"id":"5e35d522","settings":{"title":"Responsive ready","header_size":"span","typography_typography":"custom","typography_font_family":"Noto Sans Display","typography_font_size":{"unit":"em","size":1.6,"sizes":[]},"typography_font_size_tablet":{"unit":"em","size":"","sizes":[]},"typography_font_size_mobile":{"unit":"em","size":"","sizes":[]},"typography_font_weight":"800","title_color":"#0C0088","align":"center","text_shadow_text_shadow":{"horizontal":0,"vertical":0,"blur":34,"color":"#834DFF"},"_padding":{"unit":"%","top":"2","right":"2","bottom":"2","left":"2","isLinked":true},"_padding_tablet":{"unit":"%","top":"","right":"","bottom":"","left":"","isLinked":true},"_padding_mobile":{"unit":"%","top":"","right":"","bottom":"","left":"","isLinked":true},"_flex_align_self":"center","_element_width":"inherit"},"elements":[],"isInner":false,"widgetType":"heading","elType":"widget"}],"isInner":true,"elType":"container"},{"id":"4be9e51e","settings":{"content_width":"full","min_height":{"unit":"vh","size":40,"sizes":[]},"min_height_tablet":{"unit":"vh","size":"","sizes":[]},"min_height_mobile":{"unit":"vh","size":"","sizes":[]},"background_background":"classic","background_color":"#F4F4F5","border_border":"solid","border_width":{"unit":"px","top":"2","right":"2","bottom":"2","left":"2","isLinked":true},"border_color":"#FFFFFF","border_radius":{"unit":"px","top":"20","right":"20","bottom":"20","left":"20","isLinked":true},"box_shadow_box_shadow_type":"yes","box_shadow_box_shadow":{"horizontal":0,"vertical":15,"blur":32,"spread":0,"color":"rgba(0, 0, 0, 0.1)"},"padding":{"unit":"%","top":"5","right":"5","bottom":"5","left":"5","isLinked":true},"padding_tablet":{"unit":"%","top":"","right":"","bottom":"","left":"","isLinked":true},"padding_mobile":{"unit":"%","top":"","right":"","bottom":"","left":"","isLinked":true}},"elements":[{"id":"5929e92d","settings":{"title":"Well documented code\/ installation ?","header_size":"span","typography_typography":"custom","typography_font_family":"Noto Sans Display","typography_font_size":{"unit":"em","size":1.6,"sizes":[]},"typography_font_size_tablet":{"unit":"em","size":"","sizes":[]},"typography_font_size_mobile":{"unit":"em","size":"","sizes":[]},"typography_font_weight":"800","title_color":"#0C0088","align":"center","text_shadow_text_shadow":{"horizontal":0,"vertical":0,"blur":34,"color":"#834DFF"},"_padding":{"unit":"%","top":"2","right":"2","bottom":"2","left":"2","isLinked":true},"_padding_tablet":{"unit":"%","top":"","right":"","bottom":"","left":"","isLinked":true},"_padding_mobile":{"unit":"%","top":"","right":"","bottom":"","left":"","isLinked":true},"_flex_align_self":"center","_element_width":"inherit"},"elements":[],"isInner":false,"widgetType":"heading","elType":"widget"}],"isInner":true,"elType":"container"},{"id":"5e824774","settings":{"content_width":"full","min_height":{"unit":"vh","size":40,"sizes":[]},"min_height_tablet":{"unit":"vh","size":"","sizes":[]},"min_height_mobile":{"unit":"vh","size":"","sizes":[]},"background_background":"classic","background_color":"#F4F4F5","border_border":"solid","border_width":{"unit":"px","top":"2","right":"2","bottom":"2","left":"2","isLinked":true},"border_color":"#FFFFFF","border_radius":{"unit":"px","top":"20","right":"20","bottom":"20","left":"20","isLinked":true},"box_shadow_box_shadow_type":"yes","box_shadow_box_shadow":{"horizontal":0,"vertical":15,"blur":32,"spread":0,"color":"rgba(0, 0, 0, 0.1)"},"padding":{"unit":"%","top":"5","right":"5","bottom":"5","left":"5","isLinked":true},"padding_tablet":{"unit":"%","top":"","right":"","bottom":"","left":"","isLinked":true},"padding_mobile":{"unit":"%","top":"","right":"","bottom":"","left":"","isLinked":true}},"elements":[{"id":"1056f927","settings":{"title":"Unlimited colors","header_size":"span","typography_typography":"custom","typography_font_family":"Noto Sans Display","typography_font_size":{"unit":"em","size":1.6,"sizes":[]},"typography_font_size_tablet":{"unit":"em","size":"","sizes":[]},"typography_font_size_mobile":{"unit":"em","size":"","sizes":[]},"typography_font_weight":"800","title_color":"#0C0088","align":"center","text_shadow_text_shadow":{"horizontal":0,"vertical":0,"blur":34,"color":"#834DFF"},"_padding":{"unit":"%","top":"2","right":"2","bottom":"2","left":"2","isLinked":true},"_padding_tablet":{"unit":"%","top":"","right":"","bottom":"","left":"","isLinked":true},"_padding_mobile":{"unit":"%","top":"","right":"","bottom":"","left":"","isLinked":true},"_flex_align_self":"center","_element_width":"inherit"},"elements":[],"isInner":false,"widgetType":"heading","elType":"widget"}],"isInner":true,"elType":"container"},{"id":"5e03797a","settings":{"content_width":"full","min_height":{"unit":"vh","size":40,"sizes":[]},"min_height_tablet":{"unit":"vh","size":"","sizes":[]},"min_height_mobile":{"unit":"vh","size":"","sizes":[]},"background_background":"classic","background_color":"#F4F4F5","border_border":"solid","border_width":{"unit":"px","top":"2","right":"2","bottom":"2","left":"2","isLinked":true},"border_color":"#FFFFFF","border_radius":{"unit":"px","top":"20","right":"20","bottom":"20","left":"20","isLinked":true},"box_shadow_box_shadow_type":"yes","box_shadow_box_shadow":{"horizontal":0,"vertical":15,"blur":32,"spread":0,"color":"rgba(0, 0, 0, 0.1)"},"padding":{"unit":"%","top":"5","right":"5","bottom":"5","left":"5","isLinked":true},"padding_tablet":{"unit":"%","top":"","right":"","bottom":"","left":"","isLinked":true},"padding_mobile":{"unit":"%","top":"","right":"","bottom":"","left":"","isLinked":true}},"elements":[{"id":"64493313","settings":{"title":"Fast Loading speed","header_size":"span","typography_typography":"custom","typography_font_family":"Noto Sans Display","typography_font_size":{"unit":"em","size":1.6,"sizes":[]},"typography_font_size_tablet":{"unit":"em","size":"","sizes":[]},"typography_font_size_mobile":{"unit":"em","size":"","sizes":[]},"typography_font_weight":"800","title_color":"#0C0088","align":"center","text_shadow_text_shadow":{"horizontal":0,"vertical":0,"blur":34,"color":"#834DFF"},"_padding":{"unit":"%","top":"2","right":"2","bottom":"2","left":"2","isLinked":true},"_padding_tablet":{"unit":"%","top":"","right":"","bottom":"","left":"","isLinked":true},"_padding_mobile":{"unit":"%","top":"","right":"","bottom":"","left":"","isLinked":true},"_flex_align_self":"center","_element_width":"inherit"},"elements":[],"isInner":false,"widgetType":"heading","elType":"widget"}],"isInner":true,"elType":"container"},{"id":"6dab7d20","settings":{"content_width":"full","min_height":{"unit":"vh","size":40,"sizes":[]},"min_height_tablet":{"unit":"vh","size":"","sizes":[]},"min_height_mobile":{"unit":"vh","size":"","sizes":[]},"background_background":"classic","background_color":"#F4F4F5","border_border":"solid","border_width":{"unit":"px","top":"2","right":"2","bottom":"2","left":"2","isLinked":true},"border_color":"#FFFFFF","border_radius":{"unit":"px","top":"20","right":"20","bottom":"20","left":"20","isLinked":true},"box_shadow_box_shadow_type":"yes","box_shadow_box_shadow":{"horizontal":0,"vertical":15,"blur":32,"spread":0,"color":"rgba(0, 0, 0, 0.1)"},"padding":{"unit":"%","top":"5","right":"5","bottom":"5","left":"5","isLinked":true},"padding_tablet":{"unit":"%","top":"","right":"","bottom":"","left":"","isLinked":true},"padding_mobile":{"unit":"%","top":"","right":"","bottom":"","left":"","isLinked":true}},"elements":[{"id":"73427a05","settings":{"title":"SEO friendly","header_size":"span","typography_typography":"custom","typography_font_family":"Noto Sans Display","typography_font_size":{"unit":"em","size":1.6,"sizes":[]},"typography_font_size_tablet":{"unit":"em","size":"","sizes":[]},"typography_font_size_mobile":{"unit":"em","size":"","sizes":[]},"typography_font_weight":"800","title_color":"#0C0088","align":"center","text_shadow_text_shadow":{"horizontal":0,"vertical":0,"blur":34,"color":"#834DFF"},"_padding":{"unit":"%","top":"2","right":"2","bottom":"2","left":"2","isLinked":true},"_padding_tablet":{"unit":"%","top":"","right":"","bottom":"","left":"","isLinked":true},"_padding_mobile":{"unit":"%","top":"","right":"","bottom":"","left":"","isLinked":true},"_flex_align_self":"center","_element_width":"inherit"},"elements":[],"isInner":false,"widgetType":"heading","elType":"widget"}],"isInner":true,"elType":"container"},{"id":"288de1c5","settings":{"content_width":"full","min_height":{"unit":"vh","size":40,"sizes":[]},"min_height_tablet":{"unit":"vh","size":"","sizes":[]},"min_height_mobile":{"unit":"vh","size":"","sizes":[]},"background_background":"classic","background_color":"#F4F4F5","border_border":"solid","border_width":{"unit":"px","top":"2","right":"2","bottom":"2","left":"2","isLinked":true},"border_color":"#FFFFFF","border_radius":{"unit":"px","top":"20","right":"20","bottom":"20","left":"20","isLinked":true},"box_shadow_box_shadow_type":"yes","box_shadow_box_shadow":{"horizontal":0,"vertical":15,"blur":32,"spread":0,"color":"rgba(0, 0, 0, 0.1)"},"padding":{"unit":"%","top":"5","right":"5","bottom":"5","left":"5","isLinked":true},"padding_tablet":{"unit":"%","top":"","right":"","bottom":"","left":"","isLinked":true},"padding_mobile":{"unit":"%","top":"","right":"","bottom":"","left":"","isLinked":true}},"elements":[{"id":"6ced86fe","settings":{"title":"Google font","header_size":"span","typography_typography":"custom","typography_font_family":"Noto Sans Display","typography_font_size":{"unit":"em","size":1.6,"sizes":[]},"typography_font_size_tablet":{"unit":"em","size":"","sizes":[]},"typography_font_size_mobile":{"unit":"em","size":"","sizes":[]},"typography_font_weight":"800","title_color":"#0C0088","align":"center","text_shadow_text_shadow":{"horizontal":0,"vertical":0,"blur":34,"color":"#834DFF"},"_padding":{"unit":"%","top":"2","right":"2","bottom":"2","left":"2","isLinked":true},"_padding_tablet":{"unit":"%","top":"","right":"","bottom":"","left":"","isLinked":true},"_padding_mobile":{"unit":"%","top":"","right":"","bottom":"","left":"","isLinked":true},"_flex_align_self":"center","_element_width":"inherit"},"elements":[],"isInner":false,"widgetType":"heading","elType":"widget"}],"isInner":true,"elType":"container"},{"id":"207b36e5","settings":{"content_width":"full","min_height":{"unit":"vh","size":40,"sizes":[]},"min_height_tablet":{"unit":"vh","size":"","sizes":[]},"min_height_mobile":{"unit":"vh","size":"","sizes":[]},"background_background":"classic","background_color":"#F4F4F5","border_border":"solid","border_width":{"unit":"px","top":"2","right":"2","bottom":"2","left":"2","isLinked":true},"border_color":"#FFFFFF","border_radius":{"unit":"px","top":"20","right":"20","bottom":"20","left":"20","isLinked":true},"box_shadow_box_shadow_type":"yes","box_shadow_box_shadow":{"horizontal":0,"vertical":15,"blur":32,"spread":0,"color":"rgba(0, 0, 0, 0.1)"},"padding":{"unit":"%","top":"5","right":"5","bottom":"5","left":"5","isLinked":true},"padding_tablet":{"unit":"%","top":"","right":"","bottom":"","left":"","isLinked":true},"padding_mobile":{"unit":"%","top":"","right":"","bottom":"","left":"","isLinked":true}},"elements":[{"id":"78810bd0","settings":{"title":"Friendly support","header_size":"span","typography_typography":"custom","typography_font_family":"Noto Sans Display","typography_font_size":{"unit":"em","size":1.6,"sizes":[]},"typography_font_size_tablet":{"unit":"em","size":"","sizes":[]},"typography_font_size_mobile":{"unit":"em","size":"","sizes":[]},"typography_font_weight":"800","title_color":"#0C0088","align":"center","text_shadow_text_shadow":{"horizontal":0,"vertical":0,"blur":34,"color":"#834DFF"},"_padding":{"unit":"%","top":"2","right":"2","bottom":"2","left":"2","isLinked":true},"_padding_tablet":{"unit":"%","top":"","right":"","bottom":"","left":"","isLinked":true},"_padding_mobile":{"unit":"%","top":"","right":"","bottom":"","left":"","isLinked":true},"_flex_align_self":"center","_element_width":"inherit"},"elements":[],"isInner":false,"widgetType":"heading","elType":"widget"}],"isInner":true,"elType":"container"},{"id":"be646e4","settings":{"content_width":"full","min_height":{"unit":"vh","size":40,"sizes":[]},"min_height_tablet":{"unit":"vh","size":"","sizes":[]},"min_height_mobile":{"unit":"vh","size":"","sizes":[]},"background_background":"classic","background_color":"#F4F4F5","border_border":"solid","border_width":{"unit":"px","top":"2","right":"2","bottom":"2","left":"2","isLinked":true},"border_color":"#FFFFFF","border_radius":{"unit":"px","top":"20","right":"20","bottom":"20","left":"20","isLinked":true},"box_shadow_box_shadow_type":"yes","box_shadow_box_shadow":{"horizontal":0,"vertical":15,"blur":32,"spread":0,"color":"rgba(0, 0, 0, 0.1)"},"padding":{"unit":"%","top":"5","right":"5","bottom":"5","left":"5","isLinked":true},"padding_tablet":{"unit":"%","top":"","right":"","bottom":"","left":"","isLinked":true},"padding_mobile":{"unit":"%","top":"","right":"","bottom":"","left":"","isLinked":true}},"elements":[{"id":"6e691233","settings":{"title":"Mega menu","header_size":"span","typography_typography":"custom","typography_font_family":"Noto Sans Display","typography_font_size":{"unit":"em","size":1.6,"sizes":[]},"typography_font_size_tablet":{"unit":"em","size":"","sizes":[]},"typography_font_size_mobile":{"unit":"em","size":"","sizes":[]},"typography_font_weight":"800","title_color":"#0C0088","align":"center","text_shadow_text_shadow":{"horizontal":0,"vertical":0,"blur":34,"color":"#834DFF"},"_padding":{"unit":"%","top":"2","right":"2","bottom":"2","left":"2","isLinked":true},"_padding_tablet":{"unit":"%","top":"","right":"","bottom":"","left":"","isLinked":true},"_padding_mobile":{"unit":"%","top":"","right":"","bottom":"","left":"","isLinked":true},"_flex_align_self":"center","_element_width":"inherit"},"elements":[],"isInner":false,"widgetType":"heading","elType":"widget"}],"isInner":true,"elType":"container"},{"id":"fc3612","settings":{"content_width":"full","min_height":{"unit":"vh","size":40,"sizes":[]},"min_height_tablet":{"unit":"vh","size":"","sizes":[]},"min_height_mobile":{"unit":"vh","size":"","sizes":[]},"background_background":"classic","background_color":"#F4F4F5","border_border":"solid","border_width":{"unit":"px","top":"2","right":"2","bottom":"2","left":"2","isLinked":true},"border_color":"#FFFFFF","border_radius":{"unit":"px","top":"20","right":"20","bottom":"20","left":"20","isLinked":true},"box_shadow_box_shadow_type":"yes","box_shadow_box_shadow":{"horizontal":0,"vertical":15,"blur":32,"spread":0,"color":"rgba(0, 0, 0, 0.1)"},"padding":{"unit":"%","top":"5","right":"5","bottom":"5","left":"5","isLinked":true},"padding_tablet":{"unit":"%","top":"","right":"","bottom":"","left":"","isLinked":true},"padding_mobile":{"unit":"%","top":"","right":"","bottom":"","left":"","isLinked":true}},"elements":[{"id":"70550091","settings":{"title":"White label","header_size":"span","typography_typography":"custom","typography_font_family":"Noto Sans Display","typography_font_size":{"unit":"em","size":1.6,"sizes":[]},"typography_font_size_tablet":{"unit":"em","size":"","sizes":[]},"typography_font_size_mobile":{"unit":"em","size":"","sizes":[]},"typography_font_weight":"800","title_color":"#0C0088","align":"center","text_shadow_text_shadow":{"horizontal":0,"vertical":0,"blur":34,"color":"#834DFF"},"_padding":{"unit":"%","top":"2","right":"2","bottom":"2","left":"2","isLinked":true},"_padding_tablet":{"unit":"%","top":"","right":"","bottom":"","left":"","isLinked":true},"_padding_mobile":{"unit":"%","top":"","right":"","bottom":"","left":"","isLinked":true},"_flex_align_self":"center","_element_width":"inherit"},"elements":[],"isInner":false,"widgetType":"heading","elType":"widget"}],"isInner":true,"elType":"container"},{"id":"4fab409a","settings":{"content_width":"full","min_height":{"unit":"vh","size":40,"sizes":[]},"min_height_tablet":{"unit":"vh","size":"","sizes":[]},"min_height_mobile":{"unit":"vh","size":"","sizes":[]},"background_background":"classic","background_color":"#F4F4F5","border_border":"solid","border_width":{"unit":"px","top":"2","right":"2","bottom":"2","left":"2","isLinked":true},"border_color":"#FFFFFF","border_radius":{"unit":"px","top":"20","right":"20","bottom":"20","left":"20","isLinked":true},"box_shadow_box_shadow_type":"yes","box_shadow_box_shadow":{"horizontal":0,"vertical":15,"blur":32,"spread":0,"color":"rgba(0, 0, 0, 0.1)"},"padding":{"unit":"%","top":"5","right":"5","bottom":"5","left":"5","isLinked":true},"padding_tablet":{"unit":"%","top":"","right":"","bottom":"","left":"","isLinked":true},"padding_mobile":{"unit":"%","top":"","right":"","bottom":"","left":"","isLinked":true}},"elements":[{"id":"379158e5","settings":{"title":"Header \/ footer\nSticky","header_size":"span","typography_typography":"custom","typography_font_family":"Noto Sans Display","typography_font_size":{"unit":"em","size":1.6,"sizes":[]},"typography_font_size_tablet":{"unit":"em","size":"","sizes":[]},"typography_font_size_mobile":{"unit":"em","size":"","sizes":[]},"typography_font_weight":"800","title_color":"#0C0088","align":"center","text_shadow_text_shadow":{"horizontal":0,"vertical":0,"blur":34,"color":"#834DFF"},"_padding":{"unit":"%","top":"2","right":"2","bottom":"2","left":"2","isLinked":true},"_padding_tablet":{"unit":"%","top":"","right":"","bottom":"","left":"","isLinked":true},"_padding_mobile":{"unit":"%","top":"","right":"","bottom":"","left":"","isLinked":true},"_flex_align_self":"center","_element_width":"inherit"},"elements":[],"isInner":false,"widgetType":"heading","elType":"widget"}],"isInner":true,"elType":"container"},{"id":"bbb8a22","settings":{"content_width":"full","min_height":{"unit":"vh","size":40,"sizes":[]},"min_height_tablet":{"unit":"vh","size":"","sizes":[]},"min_height_mobile":{"unit":"vh","size":"","sizes":[]},"background_background":"classic","background_color":"#F4F4F5","border_border":"solid","border_width":{"unit":"px","top":"2","right":"2","bottom":"2","left":"2","isLinked":true},"border_color":"#FFFFFF","border_radius":{"unit":"px","top":"20","right":"20","bottom":"20","left":"20","isLinked":true},"box_shadow_box_shadow_type":"yes","box_shadow_box_shadow":{"horizontal":0,"vertical":15,"blur":32,"spread":0,"color":"rgba(0, 0, 0, 0.1)"},"padding":{"unit":"%","top":"5","right":"5","bottom":"5","left":"5","isLinked":true},"padding_tablet":{"unit":"%","top":"","right":"","bottom":"","left":"","isLinked":true},"padding_mobile":{"unit":"%","top":"","right":"","bottom":"","left":"","isLinked":true}},"elements":[{"id":"20a6b435","settings":{"title":"Translation & RTL","header_size":"span","typography_typography":"custom","typography_font_family":"Noto Sans Display","typography_font_size":{"unit":"em","size":1.6,"sizes":[]},"typography_font_size_tablet":{"unit":"em","size":"","sizes":[]},"typography_font_size_mobile":{"unit":"em","size":"","sizes":[]},"typography_font_weight":"800","title_color":"#0C0088","align":"center","text_shadow_text_shadow":{"horizontal":0,"vertical":0,"blur":34,"color":"#834DFF"},"_padding":{"unit":"%","top":"2","right":"2","bottom":"2","left":"2","isLinked":true},"_padding_tablet":{"unit":"%","top":"","right":"","bottom":"","left":"","isLinked":true},"_padding_mobile":{"unit":"%","top":"","right":"","bottom":"","left":"","isLinked":true},"_flex_align_self":"center","_element_width":"inherit"},"elements":[],"isInner":false,"widgetType":"heading","elType":"widget"}],"isInner":true,"elType":"container"},{"id":"6293f32","settings":{"content_width":"full","min_height":{"unit":"vh","size":40,"sizes":[]},"min_height_tablet":{"unit":"vh","size":"","sizes":[]},"min_height_mobile":{"unit":"vh","size":"","sizes":[]},"background_background":"classic","background_color":"#F4F4F5","border_border":"solid","border_width":{"unit":"px","top":"2","right":"2","bottom":"2","left":"2","isLinked":true},"border_color":"#FFFFFF","border_radius":{"unit":"px","top":"20","right":"20","bottom":"20","left":"20","isLinked":true},"box_shadow_box_shadow_type":"yes","box_shadow_box_shadow":{"horizontal":0,"vertical":15,"blur":32,"spread":0,"color":"rgba(0, 0, 0, 0.1)"},"padding":{"unit":"%","top":"5","right":"5","bottom":"5","left":"5","isLinked":true},"padding_tablet":{"unit":"%","top":"","right":"","bottom":"","left":"","isLinked":true},"padding_mobile":{"unit":"%","top":"","right":"","bottom":"","left":"","isLinked":true}},"elements":[{"id":"66ed5486","settings":{"title":"Plugin compatibility","header_size":"span","typography_typography":"custom","typography_font_family":"Noto Sans Display","typography_font_size":{"unit":"em","size":1.6,"sizes":[]},"typography_font_size_tablet":{"unit":"em","size":"","sizes":[]},"typography_font_size_mobile":{"unit":"em","size":"","sizes":[]},"typography_font_weight":"800","title_color":"#0C0088","align":"center","text_shadow_text_shadow":{"horizontal":0,"vertical":0,"blur":34,"color":"#834DFF"},"_padding":{"unit":"%","top":"2","right":"2","bottom":"2","left":"2","isLinked":true},"_padding_tablet":{"unit":"%","top":"","right":"","bottom":"","left":"","isLinked":true},"_padding_mobile":{"unit":"%","top":"","right":"","bottom":"","left":"","isLinked":true},"_flex_align_self":"center","_element_width":"inherit"},"elements":[],"isInner":false,"widgetType":"heading","elType":"widget"},{"id":"6a18a52f","settings":{"icon_list":[{"text":"Elementor","selected_icon":{"value":"","library":""},"_id":"7cee890"},{"text":"WooCommerce","selected_icon":{"value":"","library":""},"_id":"316b0c6"},{"text":"WPML","selected_icon":{"value":"","library":""},"_id":"0ee1b35"},{"text":"Contact Forms","selected_icon":{"value":"","library":""},"_id":"0cb37a6"},{"text":"MailChimp","selected_icon":{"value":"","library":""},"_id":"8348810"},{"text":"SEO by Yoast","selected_icon":{"value":"","library":""},"_id":"2dccd14"},{"text":"Rankmath","selected_icon":{"value":"","library":""},"_id":"af987a0"},{"text":"Loco Translate","selected_icon":{"value":"","library":""},"_id":"812da40"},{"text":"All in one SEO pack","selected_icon":{"value":"","library":""},"_id":"bb4cd12"},{"text":"Gravity forms","selected_icon":{"value":"","library":""},"_id":"57cda8d"},{"text":"W3 Total Cache","selected_icon":{"value":"","library":""},"_id":"56eecb7"},{"text":"Ithemes security","selected_icon":{"value":"","library":""},"_id":"4eb2349"},{"text":"WP Super Cache","selected_icon":{"value":"","library":""},"_id":"cd65d3a"}],"icon_color":"#FFFFFF","__globals__":{"text_color":"globals\/colors?id=secondary"}},"elements":[],"isInner":false,"widgetType":"icon-list","elType":"widget"}],"isInner":true,"elType":"container"},{"id":"1c6077f5","settings":{"content_width":"full","min_height":{"unit":"vh","size":40,"sizes":[]},"min_height_tablet":{"unit":"vh","size":"","sizes":[]},"min_height_mobile":{"unit":"vh","size":"","sizes":[]},"background_background":"classic","background_color":"#F4F4F5","border_border":"solid","border_width":{"unit":"px","top":"2","right":"2","bottom":"2","left":"2","isLinked":true},"border_color":"#FFFFFF","border_radius":{"unit":"px","top":"20","right":"20","bottom":"20","left":"20","isLinked":true},"box_shadow_box_shadow_type":"yes","box_shadow_box_shadow":{"horizontal":0,"vertical":15,"blur":32,"spread":0,"color":"rgba(0, 0, 0, 0.1)"},"padding":{"unit":"%","top":"5","right":"5","bottom":"5","left":"5","isLinked":true},"padding_tablet":{"unit":"%","top":"","right":"","bottom":"","left":"","isLinked":true},"padding_mobile":{"unit":"%","top":"","right":"","bottom":"","left":"","isLinked":true}},"elements":[{"id":"a6e8b1f","settings":{"title":"Woo-Commerce","header_size":"span","typography_typography":"custom","typography_font_family":"Noto Sans Display","typography_font_size":{"unit":"em","size":1.6,"sizes":[]},"typography_font_size_tablet":{"unit":"em","size":"","sizes":[]},"typography_font_size_mobile":{"unit":"em","size":"","sizes":[]},"typography_font_weight":"800","title_color":"#0C0088","align":"center","text_shadow_text_shadow":{"horizontal":0,"vertical":0,"blur":34,"color":"#834DFF"},"_padding":{"unit":"%","top":"2","right":"2","bottom":"2","left":"2","isLinked":true},"_padding_tablet":{"unit":"%","top":"","right":"","bottom":"","left":"","isLinked":true},"_padding_mobile":{"unit":"%","top":"","right":"","bottom":"","left":"","isLinked":true},"_flex_align_self":"center","_element_width":"inherit"},"elements":[],"isInner":false,"widgetType":"heading","elType":"widget"}],"isInner":true,"elType":"container"},{"id":"6c9b7514","settings":{"content_width":"full","min_height":{"unit":"vh","size":40,"sizes":[]},"min_height_tablet":{"unit":"vh","size":"","sizes":[]},"min_height_mobile":{"unit":"vh","size":"","sizes":[]},"background_background":"classic","background_color":"#F4F4F5","border_border":"solid","border_width":{"unit":"px","top":"2","right":"2","bottom":"2","left":"2","isLinked":true},"border_color":"#FFFFFF","border_radius":{"unit":"px","top":"20","right":"20","bottom":"20","left":"20","isLinked":true},"box_shadow_box_shadow_type":"yes","box_shadow_box_shadow":{"horizontal":0,"vertical":15,"blur":32,"spread":0,"color":"rgba(0, 0, 0, 0.1)"},"padding":{"unit":"%","top":"5","right":"5","bottom":"5","left":"5","isLinked":true},"padding_tablet":{"unit":"%","top":"","right":"","bottom":"","left":"","isLinked":true},"padding_mobile":{"unit":"%","top":"","right":"","bottom":"","left":"","isLinked":true}},"elements":[{"id":"5e70e6ca","settings":{"title":"Woo-Commerce","header_size":"span","typography_typography":"custom","typography_font_family":"Noto Sans Display","typography_font_size":{"unit":"em","size":1.6,"sizes":[]},"typography_font_size_tablet":{"unit":"em","size":"","sizes":[]},"typography_font_size_mobile":{"unit":"em","size":"","sizes":[]},"typography_font_weight":"800","title_color":"#0C0088","align":"center","text_shadow_text_shadow":{"horizontal":0,"vertical":0,"blur":34,"color":"#834DFF"},"_padding":{"unit":"%","top":"2","right":"2","bottom":"2","left":"2","isLinked":true},"_padding_tablet":{"unit":"%","top":"","right":"","bottom":"","left":"","isLinked":true},"_padding_mobile":{"unit":"%","top":"","right":"","bottom":"","left":"","isLinked":true},"_flex_align_self":"center","_element_width":"inherit"},"elements":[],"isInner":false,"widgetType":"heading","elType":"widget"}],"isInner":true,"elType":"container"},{"id":"7c3f569d","settings":{"content_width":"full","min_height":{"unit":"vh","size":40,"sizes":[]},"min_height_tablet":{"unit":"vh","size":"","sizes":[]},"min_height_mobile":{"unit":"vh","size":"","sizes":[]},"background_background":"classic","background_color":"#F4F4F5","border_border":"solid","border_width":{"unit":"px","top":"2","right":"2","bottom":"2","left":"2","isLinked":true},"border_color":"#FFFFFF","border_radius":{"unit":"px","top":"20","right":"20","bottom":"20","left":"20","isLinked":true},"box_shadow_box_shadow_type":"yes","box_shadow_box_shadow":{"horizontal":0,"vertical":15,"blur":32,"spread":0,"color":"rgba(0, 0, 0, 0.1)"},"padding":{"unit":"%","top":"5","right":"5","bottom":"5","left":"5","isLinked":true},"padding_tablet":{"unit":"%","top":"","right":"","bottom":"","left":"","isLinked":true},"padding_mobile":{"unit":"%","top":"","right":"","bottom":"","left":"","isLinked":true}},"elements":[{"id":"3dd10dfb","settings":{"title":"Gsap","header_size":"span","typography_typography":"custom","typography_font_family":"Noto Sans Display","typography_font_size":{"unit":"em","size":1.6,"sizes":[]},"typography_font_size_tablet":{"unit":"em","size":"","sizes":[]},"typography_font_size_mobile":{"unit":"em","size":"","sizes":[]},"typography_font_weight":"800","title_color":"#0C0088","align":"center","text_shadow_text_shadow":{"horizontal":0,"vertical":0,"blur":34,"color":"#834DFF"},"_padding":{"unit":"%","top":"2","right":"2","bottom":"2","left":"2","isLinked":true},"_padding_tablet":{"unit":"%","top":"","right":"","bottom":"","left":"","isLinked":true},"_padding_mobile":{"unit":"%","top":"","right":"","bottom":"","left":"","isLinked":true},"_flex_align_self":"center","_element_width":"inherit"},"elements":[],"isInner":false,"widgetType":"heading","elType":"widget"},{"id":"2e7a0336","settings":{"title":"Animation","header_size":"span","typography_typography":"custom","typography_font_family":"Noto Sans Display","typography_font_size":{"unit":"em","size":1.6,"sizes":[]},"typography_font_size_tablet":{"unit":"em","size":"","sizes":[]},"typography_font_size_mobile":{"unit":"em","size":"","sizes":[]},"typography_font_weight":"800","title_color":"#0C0088","align":"center","text_shadow_text_shadow":{"horizontal":0,"vertical":0,"blur":34,"color":"#834DFF"},"_padding":{"unit":"%","top":"2","right":"2","bottom":"2","left":"2","isLinked":true},"_padding_tablet":{"unit":"%","top":"","right":"","bottom":"","left":"","isLinked":true},"_padding_mobile":{"unit":"%","top":"","right":"","bottom":"","left":"","isLinked":true},"_flex_align_self":"center","_element_width":"inherit"},"elements":[],"isInner":false,"widgetType":"heading","elType":"widget"}],"isInner":true,"elType":"container"},{"id":"74e93f61","settings":{"content_width":"full","min_height":{"unit":"vh","size":40,"sizes":[]},"min_height_tablet":{"unit":"vh","size":"","sizes":[]},"min_height_mobile":{"unit":"vh","size":"","sizes":[]},"background_background":"classic","background_color":"#F4F4F5","border_border":"solid","border_width":{"unit":"px","top":"2","right":"2","bottom":"2","left":"2","isLinked":true},"border_color":"#FFFFFF","border_radius":{"unit":"px","top":"20","right":"20","bottom":"20","left":"20","isLinked":true},"box_shadow_box_shadow_type":"yes","box_shadow_box_shadow":{"horizontal":0,"vertical":15,"blur":32,"spread":0,"color":"rgba(0, 0, 0, 0.1)"},"padding":{"unit":"%","top":"5","right":"5","bottom":"5","left":"5","isLinked":true},"padding_tablet":{"unit":"%","top":"","right":"","bottom":"","left":"","isLinked":true},"padding_mobile":{"unit":"%","top":"","right":"","bottom":"","left":"","isLinked":true}},"elements":[{"id":"71dd4c85","settings":{"title":"UiChemy - Convert Figma to Gutenberg Block Editor ( WordPress )","header_size":"span","typography_typography":"custom","typography_font_family":"Noto Sans Display","typography_font_size":{"unit":"em","size":1.6,"sizes":[]},"typography_font_size_tablet":{"unit":"em","size":"","sizes":[]},"typography_font_size_mobile":{"unit":"em","size":"","sizes":[]},"typography_font_weight":"800","title_color":"#0C0088","align":"center","text_shadow_text_shadow":{"horizontal":0,"vertical":0,"blur":34,"color":"#834DFF"},"_padding":{"unit":"%","top":"2","right":"2","bottom":"2","left":"2","isLinked":true},"_padding_tablet":{"unit":"%","top":"","right":"","bottom":"","left":"","isLinked":true},"_padding_mobile":{"unit":"%","top":"","right":"","bottom":"","left":"","isLinked":true},"_flex_align_self":"center","_element_width":"inherit"},"elements":[],"isInner":false,"widgetType":"heading","elType":"widget"}],"isInner":true,"elType":"container"}],"isInner":false,"elType":"container"},{"id":"2d36c041","settings":{"flex_direction":"column","boxed_width":{"unit":"px","size":1280,"sizes":[]},"background_background":"classic","background_color":"#FFFFFF","background_overlay_background":"classic","background_overlay_color":"#FFFFFF","background_overlay_color_b":"#5C4CFC","background_overlay_color_b_stop":{"unit":"%","size":95,"sizes":[]},"background_overlay_gradient_type":"radial","background_overlay_opacity":{"unit":"px","size":1,"sizes":[]},"padding":{"unit":"%","top":"5","right":"5","bottom":"5","left":"5","isLinked":true},"padding_tablet":{"unit":"%","top":"","right":"","bottom":"","left":"","isLinked":true},"padding_mobile":{"unit":"%","top":"","right":"","bottom":"","left":"","isLinked":true}},"elements":[{"id":"28af9518","settings":{"content_width":"full","min_height":{"unit":"vh","size":72,"sizes":[]},"min_height_tablet":{"unit":"vh","size":"","sizes":[]},"min_height_mobile":{"unit":"vh","size":"","sizes":[]},"flex_direction":"column","background_background":"classic","background_color":"#0C0088","background_image":{"id":30,"url":"https:\/\/limitless.dev.ananass.fr\/wp-content\/uploads\/2025\/08\/placeholder-176-1.png"},"background_position":"bottom right","background_repeat":"no-repeat","background_size":"auto","border_radius":{"unit":"px","top":"20","right":"20","bottom":"20","left":"20","isLinked":true},"box_shadow_box_shadow_type":"yes","margin":{"unit":"%","top":"5","right":"0","bottom":"0","left":"0","isLinked":false},"margin_tablet":{"unit":"%","top":"","right":"","bottom":"","left":"","isLinked":true},"margin_mobile":{"unit":"%","top":"","right":"","bottom":"","left":"","isLinked":true},"padding":{"unit":"%","top":"10","right":"10","bottom":"10","left":"10","isLinked":true},"padding_tablet":{"unit":"%","top":"","right":"","bottom":"","left":"","isLinked":true},"padding_mobile":{"unit":"%","top":"","right":"","bottom":"","left":"","isLinked":true},"motion_fx_motion_fx_mouse":"yes","motion_fx_tilt_effect":"yes","motion_fx_tilt_speed":{"unit":"px","size":0.2,"sizes":[]},"background_bg_width":{"unit":"%","size":77,"sizes":[]},"background_overlay_background":"gradient","background_overlay_color":"#386BFF00","background_overlay_color_b":"#0048FF","background_overlay_color_b_stop":{"unit":"%","size":99,"sizes":[]},"background_overlay_opacity":{"unit":"px","size":1,"sizes":[]}},"elements":[{"id":"2fd5b2ab","settings":{"selected_icon":{"value":"fab fa-wordpress-simple","library":"fa-brands"},"view":"stacked","shape":"rounded","primary_color":"#8744DA","size":{"unit":"px","size":59,"sizes":[]},"_flex_align_self":"flex-start","align":"","_element_width":"initial","_element_custom_width":{"unit":"%","size":9,"sizes":[]},"_position":"absolute","_offset_orientation_h":"end","_offset_x_end":{"unit":"%","size":-3,"sizes":[]},"_offset_x_end_tablet":{"unit":"%","size":"","sizes":[]},"_offset_x_end_mobile":{"unit":"%","size":"","sizes":[]},"_offset_y":{"unit":"%","size":30,"sizes":[]},"_offset_y_tablet":{"unit":"%","size":"","sizes":[]},"_offset_y_mobile":{"unit":"%","size":"","sizes":[]},"_transform_rotate_popover":"transform","_transform_rotateZ_effect":{"unit":"px","size":-30,"sizes":[]}},"elements":[],"isInner":false,"widgetType":"icon","elType":"widget"},{"id":"743cbc85","settings":{"image":{"id":29,"url":"https:\/\/limitless.dev.ananass.fr\/wp-content\/uploads\/2025\/08\/placeholder-175-1.png"},"image_size":"full","width":{"unit":"%","size":100,"sizes":[]},"_element_width":"initial","_element_custom_width":{"unit":"%","size":10,"sizes":[]},"_flex_align_self":"flex-start","_position":"absolute","_offset_x":{"size":-5,"unit":"%"},"_offset_x_tablet":{"unit":"%","size":"","sizes":[]},"_offset_x_mobile":{"unit":"%","size":"","sizes":[]},"_offset_x_end":{"unit":"%","size":10,"sizes":[]},"_offset_x_end_tablet":{"unit":"%","size":"","sizes":[]},"_offset_x_end_mobile":{"unit":"%","size":"","sizes":[]},"_offset_y":{"size":39,"unit":"%"},"_offset_y_tablet":{"unit":"%","size":"","sizes":[]},"_offset_y_mobile":{"unit":"%","size":"","sizes":[]},"_transform_rotate_popover":"transform","_transform_rotateZ_effect":{"unit":"px","size":20,"sizes":[]}},"elements":[],"isInner":false,"widgetType":"image","elType":"widget"},{"id":"7e5a8396","settings":{"selected_icon":{"value":"fab fa-elementor","library":"fa-brands"},"view":"stacked","shape":"rounded","primary_color":"#2872f7","size":{"unit":"px","size":59,"sizes":[]},"_flex_align_self":"flex-start","align":"","_element_width":"initial","_element_custom_width":{"unit":"%","size":9,"sizes":[]},"_position":"absolute","_offset_x":{"unit":"%","size":-6,"sizes":[]},"_offset_x_tablet":{"unit":"%","size":"","sizes":[]},"_offset_x_mobile":{"unit":"%","size":"","sizes":[]},"_offset_x_end":{"unit":"%","size":-3,"sizes":[]},"_offset_x_end_tablet":{"unit":"%","size":"","sizes":[]},"_offset_x_end_mobile":{"unit":"%","size":"","sizes":[]},"_offset_orientation_v":"end","_offset_y":{"unit":"%","size":30,"sizes":[]},"_offset_y_tablet":{"unit":"%","size":"","sizes":[]},"_offset_y_mobile":{"unit":"%","size":"","sizes":[]},"_offset_y_end":{"unit":"%","size":10,"sizes":[]},"_offset_y_end_tablet":{"unit":"%","size":"","sizes":[]},"_offset_y_end_mobile":{"unit":"%","size":"","sizes":[]},"_transform_rotate_popover":"transform","_transform_rotateZ_effect":{"unit":"px","size":-30,"sizes":[]}},"elements":[],"isInner":false,"widgetType":"icon","elType":"widget"},{"id":"6618a54d","settings":{"title":"Ready design","header_size":"span","typography_typography":"custom","typography_font_family":"Noto Sans Display","typography_font_size":{"unit":"em","size":2.5,"sizes":[]},"typography_font_size_tablet":{"unit":"em","size":"","sizes":[]},"typography_font_size_mobile":{"unit":"em","size":"","sizes":[]},"typography_font_weight":"600","title_color":"#FFFFFF","align":"left","typography_text_transform":"uppercase","text_shadow_text_shadow":{"horizontal":0,"vertical":0,"blur":34,"color":"#834DFF"},"_padding":{"unit":"%","top":"2","right":"2","bottom":"2","left":"2","isLinked":true},"_padding_tablet":{"unit":"%","top":"","right":"","bottom":"","left":"","isLinked":true},"_padding_mobile":{"unit":"%","top":"","right":"","bottom":"","left":"","isLinked":true},"_flex_align_self":"flex-start"},"elements":[],"isInner":false,"widgetType":"heading","elType":"widget"},{"id":"62f6712a","settings":{"editor":"<p>Lorem Ipsum is simply dummy text of the printing and typesetting industry. Lorem Ipsum has been the industry's standard dummy text ever since the 1500s, when an unknown printer took a galley of type and scrambled it to make a type specimen book. It has survived not only five centuries, but also the leap into electronic typesetting, remaining essentially unchanged.<\/p>","align":"left","_element_width":"initial","text_color":"#FFFFFF","_element_custom_width":{"unit":"%","size":52,"sizes":[]},"_flex_align_self":"flex-start","custom_css":"selector p{\n    color: white;\n}","__globals__":{"text_color":"globals\/colors?id=primary"}},"elements":[],"isInner":false,"widgetType":"text-editor","elType":"widget"},{"id":"7dacb51d","settings":{"text":"Get now","typography_typography":"custom","typography_font_family":"Roboto","typography_font_weight":"600","typography_text_transform":"uppercase","button_text_color":"#FAF5FF","background_color":"#8B5CF6","border_radius":{"unit":"px","top":"8","right":"8","bottom":"8","left":"8","isLinked":true},"text_padding":{"unit":"px","top":"20","right":"35","bottom":"20","left":"35","isLinked":false},"_element_custom_width":{"unit":"%","size":20,"sizes":[]},"_flex_align_self":"flex-start"},"elements":[],"isInner":false,"widgetType":"button","elType":"widget"},{"id":"2a27b75b","settings":{"text":"Live demo","typography_typography":"custom","typography_font_family":"Roboto","typography_font_weight":"600","typography_text_transform":"uppercase","button_text_color":"#8B5CF6","background_color":"#FAF5FF","border_radius":{"unit":"px","top":"8","right":"8","bottom":"8","left":"8","isLinked":true},"text_padding":{"unit":"px","top":"20","right":"35","bottom":"20","left":"35","isLinked":false},"_element_custom_width":{"unit":"%","size":20,"sizes":[]}},"elements":[],"isInner":false,"widgetType":"button","elType":"widget"}],"isInner":true,"elType":"container"},{"id":"1757ac21","settings":{"boxed_width":{"unit":"px","size":1280,"sizes":[]},"min_height":{"unit":"vh","size":72,"sizes":[]},"min_height_tablet":{"unit":"vh","size":"","sizes":[]},"min_height_mobile":{"unit":"vh","size":"","sizes":[]},"flex_direction":"row","flex_justify_content":"center","flex_align_items":"center","flex_wrap":"wrap","background_color":"#0C0088","background_image":{"url":"","id":"","size":"","alt":"","source":"library"},"background_position":"center center","background_repeat":"no-repeat","background_size":"auto","border_border":"none","margin":{"unit":"%","top":"0","right":"0","bottom":"0","left":"0","isLinked":false},"margin_tablet":{"unit":"%","top":"","right":"","bottom":"","left":"","isLinked":true},"margin_mobile":{"unit":"%","top":"","right":"","bottom":"","left":"","isLinked":true},"padding":{"unit":"%","top":"10","right":"10","bottom":"10","left":"10","isLinked":true},"padding_tablet":{"unit":"%","top":"","right":"","bottom":"","left":"","isLinked":true},"padding_mobile":{"unit":"%","top":"","right":"","bottom":"","left":"","isLinked":true},"motion_fx_tilt_speed":{"unit":"px","size":0.2,"sizes":[]}},"elements":[{"id":"32cfaad7","settings":{"title":"Choose a templates","header_size":"span","typography_typography":"custom","typography_font_family":"Noto Sans Display","typography_font_size":{"unit":"em","size":4,"sizes":[]},"typography_font_size_tablet":{"unit":"em","size":"","sizes":[]},"typography_font_size_mobile":{"unit":"em","size":"","sizes":[]},"typography_font_weight":"600","title_color":"#8744da","align":"center","typography_text_transform":"uppercase","text_shadow_text_shadow":{"horizontal":0,"vertical":0,"blur":34,"color":"#834DFF"},"_padding":{"unit":"%","top":"2","right":"2","bottom":"2","left":"2","isLinked":true},"_padding_tablet":{"unit":"%","top":"","right":"","bottom":"","left":"","isLinked":true},"_padding_mobile":{"unit":"%","top":"","right":"","bottom":"","left":"","isLinked":true},"_element_width":"inherit","_flex_align_self":"center"},"elements":[],"isInner":false,"widgetType":"heading","elType":"widget"},{"id":"5d0d2e1b","settings":{"editor":"Lorem Ipsum is simply dummy text of the printing and typesetting industry. Lorem Ipsum has been the industry's standard dummy text ever since the 1500s, when an unknown printer took a galley of type and scrambled it to make a type specimen book. It has survived not only five centuries, but also the leap into electronic typesetting, remaining essentially unchanged.","align":"center","_element_width":"inherit"},"elements":[],"isInner":false,"widgetType":"text-editor","elType":"widget"},{"id":"65b7586a","settings":{"editor":"<p>It is a long established fact that a reader will be distracted by the readable content of a page when looking at its layout.<\/p>","align":"center","_element_width":"inherit"},"elements":[],"isInner":false,"widgetType":"text-editor","elType":"widget"},{"id":"604d269f","settings":{"text":"Get now","typography_typography":"custom","typography_font_family":"Roboto","typography_font_weight":"600","typography_text_transform":"uppercase","button_text_color":"#FAF5FF","background_color":"#8B5CF6","border_radius":{"unit":"px","top":"8","right":"8","bottom":"8","left":"8","isLinked":true},"text_padding":{"unit":"px","top":"20","right":"35","bottom":"20","left":"35","isLinked":false},"_element_custom_width":{"unit":"%","size":20,"sizes":[]}},"elements":[],"isInner":false,"widgetType":"button","elType":"widget"}],"isInner":true,"elType":"container"},{"id":"374e3ada","settings":{"image":{"id":31,"url":"https:\/\/limitless.dev.ananass.fr\/wp-content\/uploads\/2025\/08\/placeholder-177-1.png"},"image_size":"full","width":{"unit":"%","size":100,"sizes":[]},"_element_width":"initial","_element_custom_width":{"unit":"%","size":9,"sizes":[]},"_flex_align_self":"flex-start","_position":"absolute","_offset_orientation_h":"end","_offset_x_end":{"unit":"%","size":-5,"sizes":[]},"_offset_x_end_tablet":{"unit":"%","size":"","sizes":[]},"_offset_x_end_mobile":{"unit":"%","size":"","sizes":[]},"_offset_y":{"unit":"%","size":35,"sizes":[]},"_offset_y_tablet":{"unit":"%","size":"","sizes":[]},"_offset_y_mobile":{"unit":"%","size":"","sizes":[]},"_transform_rotate_popover":"transform","_transform_rotateZ_effect":{"unit":"px","size":-30,"sizes":[]}},"elements":[],"isInner":false,"widgetType":"image","elType":"widget"}],"isInner":false,"elType":"container"},{"id":"9318da5","settings":{"flex_direction":"row","boxed_width":{"unit":"px","size":1440,"sizes":[]},"background_background":"classic","background_color":"#FFFFFF","background_overlay_background":"gradient","background_overlay_color":"#5c4cfc","background_overlay_color_b":"#FFFFFF","background_overlay_gradient_position":"bottom left","background_overlay_opacity":{"unit":"px","size":1,"sizes":[]},"padding":{"unit":"%","top":"5","right":"5","bottom":"5","left":"5","isLinked":true},"padding_tablet":{"unit":"%","top":"","right":"","bottom":"","left":"","isLinked":true},"padding_mobile":{"unit":"%","top":"","right":"","bottom":"","left":"","isLinked":true},"background_overlay_color_stop":{"unit":"%","size":30,"sizes":[]},"background_overlay_gradient_angle":{"unit":"deg","size":360,"sizes":[]}},"elements":[{"id":"2249a2f","settings":{"content_width":"full","min_height":{"unit":"vh","size":72,"sizes":[]},"min_height_tablet":{"unit":"vh","size":"","sizes":[]},"min_height_mobile":{"unit":"vh","size":"","sizes":[]},"flex_direction":"row","background_background":"classic","background_color":"#0C0088","background_image":{"id":32,"url":"https:\/\/limitless.dev.ananass.fr\/wp-content\/uploads\/2025\/08\/placeholder-178-1.png"},"background_position":"initial","background_repeat":"no-repeat","background_size":"initial","border_radius":{"unit":"px","top":"20","right":"20","bottom":"20","left":"20","isLinked":true},"box_shadow_box_shadow_type":"yes","margin":{"unit":"%","top":"5","right":"0","bottom":"0","left":"0","isLinked":false},"margin_tablet":{"unit":"%","top":"","right":"","bottom":"","left":"","isLinked":true},"margin_mobile":{"unit":"%","top":"","right":"","bottom":"","left":"","isLinked":true},"padding":{"unit":"%","top":"3","right":"3","bottom":"3","left":"3","isLinked":true},"padding_tablet":{"unit":"%","top":"","right":"","bottom":"","left":"","isLinked":true},"padding_mobile":{"unit":"%","top":"","right":"","bottom":"","left":"","isLinked":true},"motion_fx_motion_fx_mouse":"yes","motion_fx_tilt_effect":"yes","motion_fx_tilt_speed":{"unit":"px","size":0.2,"sizes":[]},"flex_align_items":"stretch","flex_wrap":"wrap","background_xpos":{"unit":"%","size":110,"sizes":[]},"background_xpos_tablet":{"unit":"%","size":0,"sizes":[]},"background_xpos_mobile":{"unit":"%","size":0,"sizes":[]},"background_ypos":{"unit":"%","size":50,"sizes":[]},"background_ypos_tablet":{"unit":"%","size":0,"sizes":[]},"background_ypos_mobile":{"unit":"%","size":0,"sizes":[]},"background_bg_width":{"unit":"%","size":26,"sizes":[]}},"elements":[{"id":"2b5d5aa2","settings":{"__dynamic__":{"image":"[elementor-tag id=\"\" name=\"site-logo\" settings=\"%7B%7D\"]"},"align":"left","width":{"unit":"%","size":5,"sizes":[]},"_element_width":"inherit","_flex_align_self":"flex-start"},"elements":[],"isInner":false,"widgetType":"theme-site-logo","elType":"widget"},{"id":"474f6679","settings":{"icon_list":[{"text":"List Item #1","selected_icon":{"value":"","library":""},"_id":"7cee890"},{"text":"List Item #2","selected_icon":{"value":"fas fa-angle-right","library":"fa-solid"},"_id":"b8e6fb6"},{"text":"List Item #2","selected_icon":{"value":"fas fa-angle-right","library":"fa-solid"},"_id":"9fdc726"},{"text":"List Item #2","selected_icon":{"value":"fas fa-angle-right","library":"fa-solid"},"_id":"a004239"},{"text":"List Item #2","selected_icon":{"value":"fas fa-angle-right","library":"fa-solid"},"_id":"40bee8c"}],"icon_color":"#FFFFFF","text_color":"#C6C6C7"},"elements":[],"isInner":false,"widgetType":"icon-list","elType":"widget"},{"id":"4264d2ef","settings":{"icon_list":[{"text":"List Item #1","selected_icon":{"value":"","library":""},"_id":"7cee890"},{"text":"List Item #2","selected_icon":{"value":"fas fa-angle-right","library":"fa-solid"},"_id":"b8e6fb6"},{"text":"List Item #2","selected_icon":{"value":"fas fa-angle-right","library":"fa-solid"},"_id":"9fdc726"},{"text":"List Item #2","selected_icon":{"value":"fas fa-angle-right","library":"fa-solid"},"_id":"a004239"},{"text":"List Item #2","selected_icon":{"value":"fas fa-angle-right","library":"fa-solid"},"_id":"40bee8c"}],"icon_color":"#FFFFFF","text_color":"#C6C6C7"},"elements":[],"isInner":false,"widgetType":"icon-list","elType":"widget"},{"id":"14458daf","settings":{"icon_list":[{"text":"List Item #1","selected_icon":{"value":"","library":""},"_id":"7cee890"},{"text":"List Item #2","selected_icon":{"value":"fas fa-angle-right","library":"fa-solid"},"_id":"b8e6fb6"},{"text":"List Item #2","selected_icon":{"value":"fas fa-angle-right","library":"fa-solid"},"_id":"9fdc726"},{"text":"List Item #2","selected_icon":{"value":"fas fa-angle-right","library":"fa-solid"},"_id":"a004239"},{"text":"List Item #2","selected_icon":{"value":"fas fa-angle-right","library":"fa-solid"},"_id":"40bee8c"}],"icon_color":"#FFFFFF","text_color":"#C6C6C7"},"elements":[],"isInner":false,"widgetType":"icon-list","elType":"widget"},{"id":"3962e0b7","settings":{"icon_list":[{"text":"List Item #1","selected_icon":{"value":"","library":""},"_id":"7cee890"},{"text":"List Item #2","selected_icon":{"value":"fas fa-angle-right","library":"fa-solid"},"_id":"b8e6fb6"},{"text":"List Item #2","selected_icon":{"value":"fas fa-angle-right","library":"fa-solid"},"_id":"9fdc726"},{"text":"List Item #2","selected_icon":{"value":"fas fa-angle-right","library":"fa-solid"},"_id":"a004239"},{"text":"List Item #2","selected_icon":{"value":"fas fa-angle-right","library":"fa-solid"},"_id":"40bee8c"}],"icon_color":"#FFFFFF","text_color":"#C6C6C7"},"elements":[],"isInner":false,"widgetType":"icon-list","elType":"widget"},{"id":"5b4d9262","settings":{"text":"Divider","color":"#FFFFFF36","_element_width":"inherit","_flex_align_self":"flex-end"},"elements":[],"isInner":false,"widgetType":"divider","elType":"widget"}],"isInner":true,"elType":"container"}],"isInner":false,"elType":"container"}],"settings":{"hide_title":"yes"},"metadata":[]}