{"content":[{"id":"c398d2b","settings":{"content_width":{"unit":"px","size":"1200","sizes":[]},"margin":{"unit":"%","top":"-5","right":0,"bottom":"0","left":0,"isLinked":false},"margin_tablet":{"unit":"%","top":"-5","right":0,"bottom":"0","left":0,"isLinked":false},"margin_mobile":{"unit":"%","top":"-5","right":0,"bottom":"0","left":0,"isLinked":false},"padding_tablet":{"unit":"%","top":"5","right":"5","bottom":"5","left":"5","isLinked":""},"_title":"Footer","background_background":"classic","__globals__":{"background_color":"globals\/colors?id=secondary"},"height":"min-height","custom_height":{"unit":"vh","size":10,"sizes":[]},"custom_height_tablet":{"unit":"vh","size":24,"sizes":[]},"custom_height_mobile":{"unit":"vh","size":"","sizes":[]},"padding":{"unit":"%","top":"12","right":"0","bottom":"1","left":"0","isLinked":false},"padding_mobile":{"unit":"%","top":"10","right":"10","bottom":"10","left":"10","isLinked":true},"background_image":{"url":"","id":""},"background_video_fallback":{"url":"","id":""},"background_hover_image":{"url":"","id":""},"background_hover_video_fallback":{"url":"","id":""},"background_overlay_image":{"url":"","id":""},"background_overlay_video_fallback":{"url":"","id":""},"background_overlay_hover_image":{"url":"","id":""},"background_overlay_hover_video_fallback":{"url":"","id":""}},"elements":[{"id":"702a65c1","settings":{"_column_size":"100","padding":{"unit":"px","top":"0","right":"0","bottom":"0","left":"0","isLinked":"1"},"margin":{"unit":"%","top":"0","right":"0","bottom":"0","left":"0","isLinked":false},"margin_tablet":{"unit":"%","top":"","right":"","bottom":"","left":"","isLinked":true},"margin_mobile":{"unit":"%","top":"","right":"","bottom":"","left":"","isLinked":true},"_inline_size_tablet":100,"background_image":{"url":"","id":""},"background_video_fallback":{"url":"","id":""},"background_hover_image":{"url":"","id":""},"background_hover_video_fallback":{"url":"","id":""},"background_overlay_image":{"url":"","id":""},"background_overlay_video_fallback":{"url":"","id":""},"background_overlay_hover_image":{"url":"","id":""},"background_overlay_hover_video_fallback":{"url":"","id":""}},"elements":[{"id":"5360df66","settings":{"title":"Ferryman","header_size":"span","align":"center","__globals__":{"title_color":"globals\/colors?id=accent","typography_typography":"globals\/typography?id=ff542c7"},"_background_image":{"url":"","id":""},"_background_video_fallback":{"url":"","id":""},"_background_hover_image":{"url":"","id":""},"_background_hover_video_fallback":{"url":"","id":""},"_mask_image":{"url":"","id":""}},"elements":[],"isInner":false,"widgetType":"heading","elType":"widget"},{"id":"2a24a775","settings":{"layout":"full_width","structure":"20","background_image":{"url":"","id":""},"background_video_fallback":{"url":"","id":""},"background_hover_image":{"url":"","id":""},"background_hover_video_fallback":{"url":"","id":""},"background_overlay_image":{"url":"","id":""},"background_overlay_video_fallback":{"url":"","id":""},"background_overlay_hover_image":{"url":"","id":""},"background_overlay_hover_video_fallback":{"url":"","id":""}},"elements":[{"id":"7ea183af","settings":{"_column_size":50,"_inline_size":null,"_inline_size_tablet":100,"content_position":"center","content_position_tablet":"center","align_tablet":"center","background_image":{"url":"","id":""},"background_video_fallback":{"url":"","id":""},"background_hover_image":{"url":"","id":""},"background_hover_video_fallback":{"url":"","id":""},"background_overlay_image":{"url":"","id":""},"background_overlay_video_fallback":{"url":"","id":""},"background_overlay_hover_image":{"url":"","id":""},"background_overlay_hover_video_fallback":{"url":"","id":""}},"elements":[{"id":"1c323418","settings":{"title":"Follow me","align":"left","_element_width":"auto","align_mobile":"center","_element_width_mobile":"inherit","__globals__":{"title_color":"","typography_typography":"globals\/typography?id=accent"},"header_size":"span","title_color":"#FFFFFF","align_tablet":"center","_element_width_tablet":"auto","_flex_align_self":"center","_background_image":{"url":"","id":""},"_background_video_fallback":{"url":"","id":""},"_background_hover_image":{"url":"","id":""},"_background_hover_video_fallback":{"url":"","id":""},"_mask_image":{"url":"","id":""}},"elements":[],"isInner":false,"widgetType":"heading","elType":"widget"},{"id":"6d0dd824","settings":{"view":"inline","icon_list":[{"text":"","icon":"fa fa-facebook-square","_id":"9961aa8","link":{"url":"","is_external":"on","nofollow":"","custom_attributes":"aria-label|Follow me on facebook"},"selected_icon":{"value":"fab fa-facebook-f","library":"fa-brands"},"__fa4_migrated":{"selected_icon":"1"}},{"text":"","icon":"fa fa-facebook-square","link":{"url":"","is_external":"on","nofollow":"","custom_attributes":"aria-label|Follow me on instagram"},"selected_icon":{"value":"fab fa-instagram","library":"fa-brands"},"__fa4_migrated":{"selected_icon":"1"},"_id":"0d6525c"},{"text":"","icon":"fa fa-linkedin-square","_id":"2596504","link":{"url":"","is_external":"on","nofollow":"","custom_attributes":"aria-label|Follow me on Linkedin"},"selected_icon":{"value":"fab fa-linkedin-in","library":"fa-brands"},"__fa4_migrated":{"selected_icon":"1"}},{"text":"","icon":"fa fa-twitter-square","_id":"c3e9220","link":{"url":"","is_external":"on","nofollow":"","custom_attributes":"aria-label|Follow me on dribbble"},"selected_icon":{"value":"fab fa-dribbble","library":"fa-brands"},"__fa4_migrated":{"selected_icon":"1"}}],"space_between":{"unit":"px","size":"15","sizes":[]},"icon_size":{"unit":"px","size":"22","sizes":[]},"_margin":{"unit":"px","top":"0","right":"0","bottom":"0","left":"20","isLinked":""},"_element_width":"auto","space_between_mobile":{"unit":"px","size":"20","sizes":[]},"icon_align_mobile":"center","icon_size_mobile":{"unit":"px","size":"25","sizes":[]},"_margin_mobile":{"unit":"px","top":"20","right":"0","bottom":"20","left":"0","isLinked":""},"_padding_mobile":{"unit":"px","top":"5","right":"5","bottom":"5","left":"5","isLinked":"1"},"_element_width_mobile":"inherit","__globals__":{"icon_color":"","icon_color_hover":"globals\/colors?id=accent","text_color":"globals\/colors?id=secondary"},"icon_color":"#FFFFFF","icon_color_hover":"#FD830D","text_color":"#54595F","icon_align_tablet":"left","_element_width_tablet":"auto","_flex_align_self":"center","_flex_order_tablet":"custom","_flex_size":"grow","_flex_size_tablet":"none","_background_image":{"url":"","id":""},"_background_video_fallback":{"url":"","id":""},"_background_hover_image":{"url":"","id":""},"_background_hover_video_fallback":{"url":"","id":""},"_mask_image":{"url":"","id":""}},"elements":[],"isInner":false,"widgetType":"icon-list","elType":"widget"}],"isInner":true,"elType":"column"},{"id":"50e2cf15","settings":{"_column_size":50,"_inline_size":null,"_inline_size_tablet":100,"content_position":"center","align_tablet":"center","background_image":{"url":"","id":""},"background_video_fallback":{"url":"","id":""},"background_hover_image":{"url":"","id":""},"background_hover_video_fallback":{"url":"","id":""},"background_overlay_image":{"url":"","id":""},"background_overlay_video_fallback":{"url":"","id":""},"background_overlay_hover_image":{"url":"","id":""},"background_overlay_hover_video_fallback":{"url":"","id":""}},"elements":[{"id":"54697213","settings":{"title":"\u00a9 2023 All Rights Reserved\n","align":"right","align_mobile":"center","__globals__":{"title_color":"globals\/colors?id=571c1bb","typography_typography":"globals\/typography?id=accent"},"header_size":"span","link":{"url":"","is_external":"on","nofollow":"","custom_attributes":"aria-label|All right reserved ananass.fr"},"_element_width_mobile":"inherit","_element_width_tablet":"auto","_flex_align_self":"center","_flex_size":"grow","_flex_size_tablet":"shrink","align_tablet":"right","_background_image":{"url":"","id":""},"_background_video_fallback":{"url":"","id":""},"_background_hover_image":{"url":"","id":""},"_background_hover_video_fallback":{"url":"","id":""},"_mask_image":{"url":"","id":""}},"elements":[],"isInner":false,"widgetType":"heading","elType":"widget"}],"isInner":true,"elType":"column"}],"isInner":true,"elType":"section"}],"isInner":"","elType":"column"}],"isInner":"","elType":"section"}],"settings":[],"metadata":[]}