{"content":[{"id":"712bb7cb","settings":{"background_background":"classic","background_overlay_background":"classic","padding":{"unit":"px","top":"270","right":"0","bottom":"270","left":"0","isLinked":false},"background_color_b":"#212121","background_overlay_position":"bottom center","background_overlay_attachment":"fixed","background_overlay_size":"cover","background_overlay_opacity":{"unit":"px","size":0.65},"css_filters_contrast":{"unit":"px","size":80},"css_filters_saturate":{"unit":"px","size":102},"shape_divider_bottom_height":{"unit":"px","size":49},"margin_tablet":{"unit":"px","top":"","right":0,"bottom":"","left":0,"isLinked":true},"padding_tablet":{"unit":"px","top":"120","right":"0","bottom":"100","left":"0","isLinked":false},"padding_mobile":{"unit":"px","top":"120","right":"0","bottom":"60","left":"0","isLinked":false},"background_image":{"id":"237","url":"https:\/\/limitless.dev.ananass.fr\/wp-content\/uploads\/2018\/11\/hero-bg.jpg"},"background_position":"top center","background_attachment":"fixed","background_repeat":"no-repeat","background_size":"cover","__globals__":{"background_overlay_color":"globals\/colors?id=astglobalcolor7"},"boxed_width":{"unit":"px","size":800,"sizes":[]},"flex_direction":"row","flex_align_items":"stretch","flex_gap":{"size":0,"unit":"px","column":"0","row":"0","isLinked":true},"background_video_fallback":{"url":"","id":"","size":""},"background_slideshow_gallery":[],"background_hover_image":{"url":"","id":"","size":""},"background_hover_video_fallback":{"url":"","id":"","size":""},"background_hover_slideshow_gallery":[],"background_overlay_image":{"url":"","id":"","size":""},"background_overlay_video_fallback":{"url":"","id":"","size":""},"background_overlay_slideshow_gallery":[],"background_overlay_hover_image":{"url":"","id":"","size":""},"background_overlay_hover_video_fallback":{"url":"","id":"","size":""},"background_overlay_hover_slideshow_gallery":[]},"elements":[{"id":"b3b5d52","settings":{"_column_size":100,"width":{"size":100,"unit":"%"},"content_width":"full","flex_gap":{"column":"0","row":"8","isLinked":false,"unit":"px","size":0},"margin":{"unit":"px","top":"0","right":"0","bottom":"0","left":"0","isLinked":false},"padding":{"unit":"px","top":"0","right":"0","bottom":"0","left":"0","isLinked":false},"background_image":{"url":"","id":"","size":""},"background_video_fallback":{"url":"","id":"","size":""},"background_slideshow_gallery":[],"background_hover_image":{"url":"","id":"","size":""},"background_hover_video_fallback":{"url":"","id":"","size":""},"background_hover_slideshow_gallery":[],"background_overlay_image":{"url":"","id":"","size":""},"background_overlay_video_fallback":{"url":"","id":"","size":""},"background_overlay_slideshow_gallery":[],"background_overlay_hover_image":{"url":"","id":"","size":""},"background_overlay_hover_video_fallback":{"url":"","id":"","size":""},"background_overlay_hover_slideshow_gallery":[]},"elements":[{"id":"319f6a27","settings":{"title":"Explore the Colourful World","align":"center","typography_font_size":{"unit":"px","size":""},"typography_letter_spacing":{"unit":"px","size":""},"header_size":"h3","typography_font_size_tablet":{"unit":"px","size":""},"typography_font_size_mobile":{"unit":"px","size":""},"__globals__":{"title_color":""},"title_color":"#FFFFFF","_background_image":{"url":"","id":"","size":""},"_background_video_fallback":{"url":"","id":"","size":""},"_background_slideshow_gallery":[],"_background_hover_image":{"url":"","id":"","size":""},"_background_hover_video_fallback":{"url":"","id":"","size":""},"_background_hover_slideshow_gallery":[],"_mask_image":{"url":"","id":"","size":""}},"elements":[],"isInner":false,"widgetType":"heading","elType":"widget","htmlCache":"\t\t<div class=\"elementor-widget-container\">\n\t\t\t\t\t<h3 class=\"elementor-heading-title elementor-size-default\">Explore the Colourful World<\/h3>\t\t\t\t<\/div>\n\t\t"},{"id":"4d5213fc","settings":{"weight":{"unit":"px","size":2},"width":{"unit":"%","size":8},"align":"center","gap":{"unit":"px","size":0},"_margin":{"unit":"px","top":"0","right":"0","bottom":"0","left":"0","isLinked":false},"width_tablet":{"unit":"%","size":12},"text":"Divider","__globals__":{"color":"globals\/colors?id=astglobalcolor0"},"icon":{"value":"fas fa-star","library":"fa-solid"},"_background_image":{"url":"","id":"","size":""},"_background_video_fallback":{"url":"","id":"","size":""},"_background_slideshow_gallery":[],"_background_hover_image":{"url":"","id":"","size":""},"_background_hover_video_fallback":{"url":"","id":"","size":""},"_background_hover_slideshow_gallery":[],"_mask_image":{"url":"","id":"","size":""}},"elements":[],"isInner":false,"widgetType":"divider","elType":"widget","htmlCache":"\t\t<div class=\"elementor-widget-container\">\n\t\t\t\t\t\t\t<div class=\"elementor-divider\">\n\t\t\t<span class=\"elementor-divider-separator\">\n\t\t\t\t\t\t<\/span>\n\t\t<\/div>\n\t\t\t\t\t\t<\/div>\n\t\t"},{"id":"711851d7","settings":{"title":"A Wonderful Gift","align":"center","typography_letter_spacing":{"unit":"px","size":""},"_padding":{"unit":"px","top":"0","right":"0","bottom":"0","left":"0","isLinked":false},"header_size":"h1","_margin_mobile":{"unit":"px","top":"-10","right":"0","bottom":"0","left":"0","isLinked":false},"__globals__":{"title_color":""},"title_color":"#FFFFFF","_background_image":{"url":"","id":"","size":""},"_background_video_fallback":{"url":"","id":"","size":""},"_background_slideshow_gallery":[],"_background_hover_image":{"url":"","id":"","size":""},"_background_hover_video_fallback":{"url":"","id":"","size":""},"_background_hover_slideshow_gallery":[],"_mask_image":{"url":"","id":"","size":""}},"elements":[],"isInner":false,"widgetType":"heading","elType":"widget","htmlCache":"\t\t<div class=\"elementor-widget-container\">\n\t\t\t\t\t<h1 class=\"elementor-heading-title elementor-size-default\">A Wonderful Gift<\/h1>\t\t\t\t<\/div>\n\t\t"},{"id":"78e18426","settings":{"text":"Learn More","align":"center","_margin":{"unit":"px","top":"18","right":"0","bottom":"0","left":"0","isLinked":false},"selected_icon":{"value":"","library":""},"background_video_fallback":{"url":"","id":"","size":""},"background_slideshow_gallery":[],"button_background_hover_video_fallback":{"url":"","id":"","size":""},"button_background_hover_slideshow_gallery":[],"_background_image":{"url":"","id":"","size":""},"_background_video_fallback":{"url":"","id":"","size":""},"_background_slideshow_gallery":[],"_background_hover_image":{"url":"","id":"","size":""},"_background_hover_video_fallback":{"url":"","id":"","size":""},"_background_hover_slideshow_gallery":[],"_mask_image":{"url":"","id":"","size":""}},"elements":[],"isInner":false,"widgetType":"button","elType":"widget","htmlCache":"\t\t<div class=\"elementor-widget-container\">\n\t\t\t\t\t\t\t\t\t<div class=\"elementor-button-wrapper\">\n\t\t\t\t\t<a class=\"elementor-button elementor-button-link elementor-size-sm\" href=\"#\">\n\t\t\t\t\t\t<span class=\"elementor-button-content-wrapper\">\n\t\t\t\t\t\t\t\t\t<span class=\"elementor-button-text\">Learn More<\/span>\n\t\t\t\t\t<\/span>\n\t\t\t\t\t<\/a>\n\t\t\t\t<\/div>\n\t\t\t\t\t\t\t\t<\/div>\n\t\t"}],"isInner":true,"elType":"container"}],"isInner":false,"elType":"container"},{"id":"6fc358e0","settings":{"structure":"20","background_background":"classic","padding":{"unit":"px","top":"50","right":"0","bottom":"50","left":"0","isLinked":false},"padding_tablet":{"unit":"px","top":"50","right":"30","bottom":"50","left":"30","isLinked":false},"padding_mobile":{"unit":"px","top":"50","right":"20","bottom":"50","left":"20","isLinked":false},"__globals__":{"background_color":"globals\/colors?id=astglobalcolor6"},"flex_direction":"row","flex_align_items":"stretch","flex_gap":{"size":0,"unit":"px","column":"0","row":"0","isLinked":true},"boxed_width":{"unit":"px","size":1140,"sizes":[]},"flex_wrap_tablet":"wrap","background_image":{"url":"","id":"","size":""},"background_video_fallback":{"url":"","id":"","size":""},"background_slideshow_gallery":[],"background_hover_image":{"url":"","id":"","size":""},"background_hover_video_fallback":{"url":"","id":"","size":""},"background_hover_slideshow_gallery":[],"background_overlay_image":{"url":"","id":"","size":""},"background_overlay_video_fallback":{"url":"","id":"","size":""},"background_overlay_slideshow_gallery":[],"background_overlay_hover_image":{"url":"","id":"","size":""},"background_overlay_hover_video_fallback":{"url":"","id":"","size":""},"background_overlay_hover_slideshow_gallery":[]},"elements":[{"id":"27286b3b","settings":{"_column_size":50,"width":{"size":15,"unit":"%"},"flex_justify_content":"center","width_tablet":{"size":100,"unit":"%"},"padding":{"unit":"px","top":"0","right":"0","bottom":"0","left":"0","isLinked":false},"content_width":"full","margin_tablet":{"unit":"px","top":"0","right":"0","bottom":"0","left":"0","isLinked":true},"margin_mobile":{"unit":"px","top":"0","right":"0","bottom":"0","left":"0","isLinked":true},"background_image":{"url":"","id":"","size":""},"background_video_fallback":{"url":"","id":"","size":""},"background_slideshow_gallery":[],"background_hover_image":{"url":"","id":"","size":""},"background_hover_video_fallback":{"url":"","id":"","size":""},"background_hover_slideshow_gallery":[],"background_overlay_image":{"url":"","id":"","size":""},"background_overlay_video_fallback":{"url":"","id":"","size":""},"background_overlay_slideshow_gallery":[],"background_overlay_hover_image":{"url":"","id":"","size":""},"background_overlay_hover_video_fallback":{"url":"","id":"","size":""},"background_overlay_hover_slideshow_gallery":[]},"elements":[{"id":"7e10f3cb","settings":{"image":{"id":"132","url":"https:\/\/limitless.dev.ananass.fr\/wp-content\/uploads\/2018\/11\/quote-1.png"},"width":{"unit":"%","size":55},"align":"left","align_mobile":"center","width_mobile":{"unit":"%","size":31},"align_tablet":"center","space_tablet":{"unit":"%","size":9},"space_mobile":{"unit":"%","size":22},"image_size":"full","_background_image":{"url":"","id":"","size":""},"_background_video_fallback":{"url":"","id":"","size":""},"_background_slideshow_gallery":[],"_background_hover_image":{"url":"","id":"","size":""},"_background_hover_video_fallback":{"url":"","id":"","size":""},"_background_hover_slideshow_gallery":[],"_mask_image":{"url":"","id":"","size":""}},"elements":[],"isInner":false,"widgetType":"image","elType":"widget","htmlCache":"\t\t<div class=\"elementor-widget-container\">\n\t\t\t\t\t\t\t\t\t\t\t\t\t\t\t<img width=\"200\" height=\"154\" src=\"https:\/\/limitless.dev.ananass.fr\/wp-content\/uploads\/2018\/11\/quote-1.png\" class=\"attachment-full size-full wp-image-132\" alt=\"\" \/>\t\t\t\t\t\t\t\t\t\t\t\t\t\t\t<\/div>\n\t\t"}],"isInner":true,"elType":"container"},{"id":"6c0fa711","settings":{"_column_size":50,"width":{"size":85,"unit":"%"},"background_background":"classic","background_repeat":"no-repeat","background_overlay_background":"classic","background_overlay_repeat":"no-repeat","background_overlay_opacity":{"unit":"px","size":0.07},"css_filters_brightness":{"unit":"px","size":57},"css_filters_contrast":{"unit":"px","size":0},"css_filters_saturate":{"unit":"px","size":153},"css_filters_hue":{"unit":"px","size":240},"width_tablet":{"size":100,"unit":"%"},"margin_tablet":{"unit":"px","top":"30","right":"0","bottom":"0","left":"0","isLinked":false},"padding":{"unit":"%","top":"0","right":"17","bottom":"0","left":"0","isLinked":false},"padding_tablet":{"unit":"px","top":"0","right":"0","bottom":"0","left":"0","isLinked":false},"content_width":"full","margin_mobile":{"unit":"px","top":"60","right":"0","bottom":"0","left":"0","isLinked":false},"padding_mobile":{"unit":"px","top":"0","right":"0","bottom":"0","left":"0","isLinked":false},"background_image":{"url":"","id":"","size":""},"background_video_fallback":{"url":"","id":"","size":""},"background_slideshow_gallery":[],"background_hover_image":{"url":"","id":"","size":""},"background_hover_video_fallback":{"url":"","id":"","size":""},"background_hover_slideshow_gallery":[],"background_overlay_image":{"url":"","id":"","size":""},"background_overlay_video_fallback":{"url":"","id":"","size":""},"background_overlay_slideshow_gallery":[],"background_overlay_hover_image":{"url":"","id":"","size":""},"background_overlay_hover_video_fallback":{"url":"","id":"","size":""},"background_overlay_hover_slideshow_gallery":[]},"elements":[{"id":"7572c027","settings":{"testimonial_content":"\"Fuerat aestu carentem habentia spectent tonitrua mutastis locavit liberioris.\"","testimonial_image":{"url":"","id":"","size":""},"testimonial_name":"- Adam Sendler","testimonial_job":"","__globals__":{"name_text_color":"globals\/colors?id=astglobalcolor2","content_content_color":"globals\/colors?id=astglobalcolor3"},"_background_image":{"url":"","id":"","size":""},"_background_video_fallback":{"url":"","id":"","size":""},"_background_slideshow_gallery":[],"_background_hover_image":{"url":"","id":"","size":""},"_background_hover_video_fallback":{"url":"","id":"","size":""},"_background_hover_slideshow_gallery":[],"_mask_image":{"url":"","id":"","size":""}},"elements":[],"isInner":false,"widgetType":"testimonial","elType":"widget","htmlCache":"\t\t<div class=\"elementor-widget-container\">\n\t\t\t\t\t\t\t<div class=\"elementor-testimonial-wrapper\">\n\t\t\t\t\t\t\t<div class=\"elementor-testimonial-content\">\"Fuerat aestu carentem habentia spectent tonitrua mutastis locavit liberioris.\"<\/div>\n\t\t\t\n\t\t\t\t\t\t<div class=\"elementor-testimonial-meta\">\n\t\t\t\t<div class=\"elementor-testimonial-meta-inner\">\n\t\t\t\t\t\n\t\t\t\t\t\t\t\t\t\t<div class=\"elementor-testimonial-details\">\n\t\t\t\t\t\t\t\t\t\t\t\t\t\t<div class=\"elementor-testimonial-name\">- Adam Sendler<\/div>\n\t\t\t\t\t\t\t\t\t\t\t\t\t\t\t\t\t\t\t<\/div>\n\t\t\t\t\t\t\t\t\t<\/div>\n\t\t\t<\/div>\n\t\t\t\t\t<\/div>\n\t\t\t\t\t\t<\/div>\n\t\t"}],"isInner":true,"elType":"container"}],"isInner":false,"elType":"container"},{"id":"55e3d5b8","settings":{"padding":{"unit":"px","top":"100","right":"0","bottom":"100","left":"0","isLinked":false},"margin_tablet":{"unit":"px","top":"","right":0,"bottom":"","left":0,"isLinked":true},"padding_tablet":{"unit":"px","top":"75","right":"0","bottom":"10","left":"0","isLinked":false},"padding_mobile":{"unit":"px","top":"55","right":"0","bottom":"0","left":"0","isLinked":false},"flex_direction":"row","flex_align_items":"stretch","flex_gap":{"size":0,"unit":"px","column":"0","row":"0","isLinked":true},"boxed_width":{"unit":"px","size":1140,"sizes":[]},"background_image":{"url":"","id":"","size":""},"background_video_fallback":{"url":"","id":"","size":""},"background_slideshow_gallery":[],"background_hover_image":{"url":"","id":"","size":""},"background_hover_video_fallback":{"url":"","id":"","size":""},"background_hover_slideshow_gallery":[],"background_overlay_image":{"url":"","id":"","size":""},"background_overlay_video_fallback":{"url":"","id":"","size":""},"background_overlay_slideshow_gallery":[],"background_overlay_hover_image":{"url":"","id":"","size":""},"background_overlay_hover_video_fallback":{"url":"","id":"","size":""},"background_overlay_hover_slideshow_gallery":[]},"elements":[{"id":"17d01adb","settings":{"_column_size":100,"width":{"size":null,"unit":"%"},"padding_tablet":{"unit":"px","top":"0","right":"0","bottom":"0","left":"0","isLinked":false},"content_width":"full","background_image":{"url":"","id":"","size":""},"background_video_fallback":{"url":"","id":"","size":""},"background_slideshow_gallery":[],"background_hover_image":{"url":"","id":"","size":""},"background_hover_video_fallback":{"url":"","id":"","size":""},"background_hover_slideshow_gallery":[],"background_overlay_image":{"url":"","id":"","size":""},"background_overlay_video_fallback":{"url":"","id":"","size":""},"background_overlay_slideshow_gallery":[],"background_overlay_hover_image":{"url":"","id":"","size":""},"background_overlay_hover_video_fallback":{"url":"","id":"","size":""},"background_overlay_hover_slideshow_gallery":[]},"elements":[{"id":"65f88b4b","settings":{"title":"Upcoming Events","align":"center","typography_letter_spacing":{"unit":"px","size":""},"align_mobile":"center","_background_image":{"url":"","id":"","size":""},"_background_video_fallback":{"url":"","id":"","size":""},"_background_slideshow_gallery":[],"_background_hover_image":{"url":"","id":"","size":""},"_background_hover_video_fallback":{"url":"","id":"","size":""},"_background_hover_slideshow_gallery":[],"_mask_image":{"url":"","id":"","size":""}},"elements":[],"isInner":false,"widgetType":"heading","elType":"widget","htmlCache":"\t\t<div class=\"elementor-widget-container\">\n\t\t\t\t\t<h2 class=\"elementor-heading-title elementor-size-default\">Upcoming Events<\/h2>\t\t\t\t<\/div>\n\t\t"},{"id":"5158fa14","settings":{"weight":{"unit":"px","size":3},"width":{"unit":"%","size":8},"gap":{"unit":"px","size":0},"width_mobile":{"unit":"%","size":18},"align_mobile":"center","align":"center","text":"Divider","__globals__":{"color":"globals\/colors?id=astglobalcolor0"},"icon":{"value":"fas fa-star","library":"fa-solid"},"_background_image":{"url":"","id":"","size":""},"_background_video_fallback":{"url":"","id":"","size":""},"_background_slideshow_gallery":[],"_background_hover_image":{"url":"","id":"","size":""},"_background_hover_video_fallback":{"url":"","id":"","size":""},"_background_hover_slideshow_gallery":[],"_mask_image":{"url":"","id":"","size":""}},"elements":[],"isInner":false,"widgetType":"divider","elType":"widget","htmlCache":"\t\t<div class=\"elementor-widget-container\">\n\t\t\t\t\t\t\t<div class=\"elementor-divider\">\n\t\t\t<span class=\"elementor-divider-separator\">\n\t\t\t\t\t\t<\/span>\n\t\t<\/div>\n\t\t\t\t\t\t<\/div>\n\t\t"},{"id":"582eaec","settings":{"structure":"20","padding_tablet":{"unit":"px","top":"0","right":"0","bottom":"60","left":"0","isLinked":false},"padding":{"unit":"px","top":"0","right":"0","bottom":"0","left":"0","isLinked":false},"margin":{"unit":"px","top":"30","right":0,"bottom":"0","left":0,"isLinked":false},"flex_direction":"row","flex_align_items":"stretch","flex_gap":{"size":0,"unit":"px","column":"0","row":"0","isLinked":true},"content_width":"full","background_image":{"url":"","id":"","size":""},"background_video_fallback":{"url":"","id":"","size":""},"background_slideshow_gallery":[],"background_hover_image":{"url":"","id":"","size":""},"background_hover_video_fallback":{"url":"","id":"","size":""},"background_hover_slideshow_gallery":[],"background_overlay_image":{"url":"","id":"","size":""},"background_overlay_video_fallback":{"url":"","id":"","size":""},"background_overlay_slideshow_gallery":[],"background_overlay_hover_image":{"url":"","id":"","size":""},"background_overlay_hover_video_fallback":{"url":"","id":"","size":""},"background_overlay_hover_slideshow_gallery":[]},"elements":[{"id":"5520aa71","settings":{"_column_size":50,"width":{"size":null,"unit":"%"},"width_tablet":{"size":50,"unit":"%"},"padding_mobile":{"unit":"px","top":"40","right":"0","bottom":"45","left":"0","isLinked":false},"content_width":"full","background_image":{"url":"","id":"","size":""},"background_video_fallback":{"url":"","id":"","size":""},"background_slideshow_gallery":[],"background_hover_image":{"url":"","id":"","size":""},"background_hover_video_fallback":{"url":"","id":"","size":""},"background_hover_slideshow_gallery":[],"background_overlay_image":{"url":"","id":"","size":""},"background_overlay_video_fallback":{"url":"","id":"","size":""},"background_overlay_slideshow_gallery":[],"background_overlay_hover_image":{"url":"","id":"","size":""},"background_overlay_hover_video_fallback":{"url":"","id":"","size":""},"background_overlay_hover_slideshow_gallery":[]},"elements":[{"id":"45db4ecd","settings":{"image":{"id":"424","url":"https:\/\/limitless.dev.ananass.fr\/wp-content\/uploads\/2020\/01\/hiking-v1.jpg"},"width":{"unit":"%","size":88},"css_filters_css_filter":"custom","css_filters_brightness":{"unit":"px","size":103},"css_filters_contrast":{"unit":"px","size":96},"css_filters_saturate":{"unit":"px","size":81},"css_filters_hue":{"unit":"px","size":336},"image_border_radius":{"unit":"px","top":"4","right":"4","bottom":"4","left":"4","isLinked":true},"image_box_shadow_box_shadow_type":"yes","image_box_shadow_box_shadow":{"horizontal":10,"vertical":10,"blur":0,"spread":1,"color":"rgba(0,0,0,0.07)"},"image_size":"full","_background_image":{"url":"","id":"","size":""},"_background_video_fallback":{"url":"","id":"","size":""},"_background_slideshow_gallery":[],"_background_hover_image":{"url":"","id":"","size":""},"_background_hover_video_fallback":{"url":"","id":"","size":""},"_background_hover_slideshow_gallery":[],"_mask_image":{"url":"","id":"","size":""}},"elements":[],"isInner":false,"widgetType":"image","elType":"widget","htmlCache":"\t\t<div class=\"elementor-widget-container\">\n\t\t\t\t\t\t\t\t\t\t\t\t\t\t\t<img width=\"644\" height=\"402\" src=\"https:\/\/limitless.dev.ananass.fr\/wp-content\/uploads\/2020\/01\/hiking-v1.jpg\" class=\"attachment-full size-full wp-image-424\" alt=\"\" srcset=\"https:\/\/limitless.dev.ananass.fr\/wp-content\/uploads\/2020\/01\/hiking-v1.jpg 644w, https:\/\/limitless.dev.ananass.fr\/wp-content\/uploads\/2020\/01\/hiking-v1-300x187.jpg 300w\" sizes=\"(max-width: 644px) 100vw, 644px\" \/>\t\t\t\t\t\t\t\t\t\t\t\t\t\t\t<\/div>\n\t\t"},{"id":"153a1dd6","settings":{"infocard_title":"Everest Camp Trek","infocard_description":"Fuerat aestu carentem habentia spectent tonitrua mutastis locavit liberioris inistra possedit.","infocard_cta_type":"none","infocard_link_text":"Read More","infocard_button_text":"Click Here","infocard_title_tag":"h5","infocard_title_margin":{"unit":"px","top":"27","right":"0","bottom":"10","left":"0","isLinked":false},"infocard_title_margin_tablet":{"unit":"px","top":"10","right":"0","bottom":"10","left":"0","isLinked":false},"infocard_desc_margin":{"unit":"px","top":"0","right":"40","bottom":"0","left":"40","isLinked":false},"infocard_desc_margin_tablet":{"unit":"px","top":"0","right":"35","bottom":"0","left":"35","isLinked":false},"infocard_select_icon":{"value":"","library":"fa-solid"},"btn_background_color_image":{"url":"","id":"","size":""},"btn_background_color_video_fallback":{"url":"","id":"","size":""},"btn_background_color_slideshow_gallery":[],"infocard_button_hover_bgcolor_image":{"url":"","id":"","size":""},"infocard_button_hover_bgcolor_video_fallback":{"url":"","id":"","size":""},"infocard_button_hover_bgcolor_slideshow_gallery":[],"_background_image":{"url":"","id":"","size":""},"_background_video_fallback":{"url":"","id":"","size":""},"_background_slideshow_gallery":[],"_background_hover_image":{"url":"","id":"","size":""},"_background_hover_video_fallback":{"url":"","id":"","size":""},"_background_hover_slideshow_gallery":[],"_mask_image":{"url":"","id":"","size":""}},"elements":[],"isInner":false,"widgetType":"hfe-infocard","elType":"widget","htmlCache":"\t\t<div class=\"elementor-widget-container\">\n\t\t\t\t\t\n\t\t<div class=\"hfe-infocard\">\n\t\t\t\t\t\t\t\t\t<div class=\"hfe-infocard-title-wrap\">\n\t\t\t\t<h5 class=\"hfe-infocard-title elementor-inline-editing\" data-elementor-setting-key=\"infocard_title\" data-elementor-inline-editing-toolbar=\"basic\" >Everest Camp Trek<\/h5>\t\t\t<\/div>\n\t\t\t\t\t\t<div class=\"hfe-infocard-text-wrap\">\n\t\t\t\t<div class=\"hfe-infocard-text elementor-inline-editing\" data-elementor-setting-key=\"infocard_description\" data-elementor-inline-editing-toolbar=\"advanced\">\n\t\t\t\t\tFuerat aestu carentem habentia spectent tonitrua mutastis locavit liberioris inistra possedit.\t\t\t\t<\/div>\n\t\t\t\t\t\t\t<\/div>\n\t\t<\/div>\n\n\t\t\t\t\t\t<\/div>\n\t\t"},{"id":"48869be4","settings":{"text":"Learn More","align":"center","icon":"fa fa-long-arrow-right","icon_align":"right","typography_font_size":{"unit":"px","size":""},"typography_letter_spacing":{"unit":"px","size":""},"selected_icon":{"value":"fas fa-long-arrow-alt-right","library":"fa-solid"},"icon_indent":{"unit":"px","size":12,"sizes":[]},"__fa4_migrated":{"selected_icon":true},"background_video_fallback":{"url":"","id":"","size":""},"background_slideshow_gallery":[],"button_background_hover_video_fallback":{"url":"","id":"","size":""},"button_background_hover_slideshow_gallery":[],"_background_image":{"url":"","id":"","size":""},"_background_video_fallback":{"url":"","id":"","size":""},"_background_slideshow_gallery":[],"_background_hover_image":{"url":"","id":"","size":""},"_background_hover_video_fallback":{"url":"","id":"","size":""},"_background_hover_slideshow_gallery":[],"_mask_image":{"url":"","id":"","size":""}},"elements":[],"isInner":false,"widgetType":"button","elType":"widget","htmlCache":"\t\t<div class=\"elementor-widget-container\">\n\t\t\t\t\t\t\t\t\t<div class=\"elementor-button-wrapper\">\n\t\t\t\t\t<a class=\"elementor-button elementor-button-link elementor-size-sm\" href=\"#\">\n\t\t\t\t\t\t<span class=\"elementor-button-content-wrapper\">\n\t\t\t\t\t\t<span class=\"elementor-button-icon\">\n\t\t\t\t<i aria-hidden=\"true\" class=\"fas fa-long-arrow-alt-right\"><\/i>\t\t\t<\/span>\n\t\t\t\t\t\t\t\t\t<span class=\"elementor-button-text\">Learn More<\/span>\n\t\t\t\t\t<\/span>\n\t\t\t\t\t<\/a>\n\t\t\t\t<\/div>\n\t\t\t\t\t\t\t\t<\/div>\n\t\t"}],"isInner":true,"elType":"container"},{"id":"4c879c50","settings":{"_column_size":50,"width":{"size":null,"unit":"%"},"width_tablet":{"size":50,"unit":"%"},"padding_mobile":{"unit":"px","top":"0","right":"0","bottom":"0","left":"0","isLinked":false},"content_width":"full","background_image":{"url":"","id":"","size":""},"background_video_fallback":{"url":"","id":"","size":""},"background_slideshow_gallery":[],"background_hover_image":{"url":"","id":"","size":""},"background_hover_video_fallback":{"url":"","id":"","size":""},"background_hover_slideshow_gallery":[],"background_overlay_image":{"url":"","id":"","size":""},"background_overlay_video_fallback":{"url":"","id":"","size":""},"background_overlay_slideshow_gallery":[],"background_overlay_hover_image":{"url":"","id":"","size":""},"background_overlay_hover_video_fallback":{"url":"","id":"","size":""},"background_overlay_hover_slideshow_gallery":[]},"elements":[{"id":"496dfdad","settings":{"image":{"id":"426","url":"https:\/\/limitless.dev.ananass.fr\/wp-content\/uploads\/2020\/01\/walking-v1.jpg"},"width":{"unit":"%","size":88},"css_filters_css_filter":"custom","css_filters_brightness":{"unit":"px","size":103},"css_filters_contrast":{"unit":"px","size":96},"css_filters_saturate":{"unit":"px","size":101},"css_filters_hue":{"unit":"px","size":353},"image_border_radius":{"unit":"px","top":"4","right":"4","bottom":"4","left":"4","isLinked":true},"image_box_shadow_box_shadow_type":"yes","image_box_shadow_box_shadow":{"horizontal":10,"vertical":10,"blur":0,"spread":1,"color":"rgba(0,0,0,0.07)"},"image_size":"full","_background_image":{"url":"","id":"","size":""},"_background_video_fallback":{"url":"","id":"","size":""},"_background_slideshow_gallery":[],"_background_hover_image":{"url":"","id":"","size":""},"_background_hover_video_fallback":{"url":"","id":"","size":""},"_background_hover_slideshow_gallery":[],"_mask_image":{"url":"","id":"","size":""}},"elements":[],"isInner":false,"widgetType":"image","elType":"widget","htmlCache":"\t\t<div class=\"elementor-widget-container\">\n\t\t\t\t\t\t\t\t\t\t\t\t\t\t\t<img width=\"644\" height=\"402\" src=\"https:\/\/limitless.dev.ananass.fr\/wp-content\/uploads\/2020\/01\/walking-v1.jpg\" class=\"attachment-full size-full wp-image-426\" alt=\"\" srcset=\"https:\/\/limitless.dev.ananass.fr\/wp-content\/uploads\/2020\/01\/walking-v1.jpg 644w, https:\/\/limitless.dev.ananass.fr\/wp-content\/uploads\/2020\/01\/walking-v1-300x187.jpg 300w\" sizes=\"(max-width: 644px) 100vw, 644px\" \/>\t\t\t\t\t\t\t\t\t\t\t\t\t\t\t<\/div>\n\t\t"},{"id":"68595740","settings":{"infocard_title":"Walking Holidays","infocard_description":"Fuerat aestu carentem habentia spectent tonitrua mutastis locavit liberioris inistra possedit.","infocard_cta_type":"none","infocard_link_text":"Read More","infocard_button_text":"Click Here","infocard_title_tag":"h5","infocard_title_margin":{"unit":"px","top":"27","right":"0","bottom":"10","left":"0","isLinked":false},"infocard_title_margin_tablet":{"unit":"px","top":"10","right":"0","bottom":"10","left":"0","isLinked":false},"infocard_desc_margin":{"unit":"px","top":"0","right":"40","bottom":"0","left":"40","isLinked":false},"infocard_desc_margin_tablet":{"unit":"px","top":"0","right":"35","bottom":"0","left":"35","isLinked":false},"infocard_select_icon":{"value":"","library":"fa-solid"},"btn_background_color_image":{"url":"","id":"","size":""},"btn_background_color_video_fallback":{"url":"","id":"","size":""},"btn_background_color_slideshow_gallery":[],"infocard_button_hover_bgcolor_image":{"url":"","id":"","size":""},"infocard_button_hover_bgcolor_video_fallback":{"url":"","id":"","size":""},"infocard_button_hover_bgcolor_slideshow_gallery":[],"_background_image":{"url":"","id":"","size":""},"_background_video_fallback":{"url":"","id":"","size":""},"_background_slideshow_gallery":[],"_background_hover_image":{"url":"","id":"","size":""},"_background_hover_video_fallback":{"url":"","id":"","size":""},"_background_hover_slideshow_gallery":[],"_mask_image":{"url":"","id":"","size":""}},"elements":[],"isInner":false,"widgetType":"hfe-infocard","elType":"widget","htmlCache":"\t\t<div class=\"elementor-widget-container\">\n\t\t\t\t\t\n\t\t<div class=\"hfe-infocard\">\n\t\t\t\t\t\t\t\t\t<div class=\"hfe-infocard-title-wrap\">\n\t\t\t\t<h5 class=\"hfe-infocard-title elementor-inline-editing\" data-elementor-setting-key=\"infocard_title\" data-elementor-inline-editing-toolbar=\"basic\" >Walking Holidays<\/h5>\t\t\t<\/div>\n\t\t\t\t\t\t<div class=\"hfe-infocard-text-wrap\">\n\t\t\t\t<div class=\"hfe-infocard-text elementor-inline-editing\" data-elementor-setting-key=\"infocard_description\" data-elementor-inline-editing-toolbar=\"advanced\">\n\t\t\t\t\tFuerat aestu carentem habentia spectent tonitrua mutastis locavit liberioris inistra possedit.\t\t\t\t<\/div>\n\t\t\t\t\t\t\t<\/div>\n\t\t<\/div>\n\n\t\t\t\t\t\t<\/div>\n\t\t"},{"id":"5dad6123","settings":{"text":"Learn More","align":"center","icon":"fa fa-long-arrow-right","icon_align":"right","typography_font_size":{"unit":"px","size":""},"typography_letter_spacing":{"unit":"px","size":""},"selected_icon":{"value":"fas fa-long-arrow-alt-right","library":"fa-solid"},"icon_indent":{"unit":"px","size":12,"sizes":[]},"__fa4_migrated":{"selected_icon":true},"background_video_fallback":{"url":"","id":"","size":""},"background_slideshow_gallery":[],"button_background_hover_video_fallback":{"url":"","id":"","size":""},"button_background_hover_slideshow_gallery":[],"_background_image":{"url":"","id":"","size":""},"_background_video_fallback":{"url":"","id":"","size":""},"_background_slideshow_gallery":[],"_background_hover_image":{"url":"","id":"","size":""},"_background_hover_video_fallback":{"url":"","id":"","size":""},"_background_hover_slideshow_gallery":[],"_mask_image":{"url":"","id":"","size":""}},"elements":[],"isInner":false,"widgetType":"button","elType":"widget","htmlCache":"\t\t<div class=\"elementor-widget-container\">\n\t\t\t\t\t\t\t\t\t<div class=\"elementor-button-wrapper\">\n\t\t\t\t\t<a class=\"elementor-button elementor-button-link elementor-size-sm\" href=\"#\">\n\t\t\t\t\t\t<span class=\"elementor-button-content-wrapper\">\n\t\t\t\t\t\t<span class=\"elementor-button-icon\">\n\t\t\t\t<i aria-hidden=\"true\" class=\"fas fa-long-arrow-alt-right\"><\/i>\t\t\t<\/span>\n\t\t\t\t\t\t\t\t\t<span class=\"elementor-button-text\">Learn More<\/span>\n\t\t\t\t\t<\/span>\n\t\t\t\t\t<\/a>\n\t\t\t\t<\/div>\n\t\t\t\t\t\t\t\t<\/div>\n\t\t"}],"isInner":true,"elType":"container"}],"isInner":true,"elType":"container"}],"isInner":true,"elType":"container"}],"isInner":false,"elType":"container"},{"id":"24fb8b6b","settings":{"background_background":"classic","background_overlay_background":"classic","background_overlay_position":"center center","background_overlay_size":"cover","background_overlay_opacity":{"unit":"px","size":0.6},"padding":{"unit":"px","top":"170","right":"0","bottom":"170","left":"0","isLinked":false},"background_overlay_attachment":"fixed","padding_tablet":{"unit":"px","top":"80","right":"60","bottom":"80","left":"0","isLinked":false},"padding_mobile":{"unit":"px","top":"60","right":"20","bottom":"60","left":"20","isLinked":false},"background_image":{"id":"429","url":"https:\/\/limitless.dev.ananass.fr\/wp-content\/uploads\/2020\/01\/section-bg-img.jpg"},"background_position":"center center","background_attachment":"fixed","background_repeat":"no-repeat","background_size":"cover","__globals__":{"background_overlay_color":"globals\/colors?id=astglobalcolor7"},"flex_direction":"row","flex_align_items":"stretch","flex_gap":{"size":0,"unit":"px","column":"0","row":"0","isLinked":true},"boxed_width":{"unit":"px","size":1140,"sizes":[]},"background_video_fallback":{"url":"","id":"","size":""},"background_slideshow_gallery":[],"background_hover_image":{"url":"","id":"","size":""},"background_hover_video_fallback":{"url":"","id":"","size":""},"background_hover_slideshow_gallery":[],"background_overlay_image":{"url":"","id":"","size":""},"background_overlay_video_fallback":{"url":"","id":"","size":""},"background_overlay_slideshow_gallery":[],"background_overlay_hover_image":{"url":"","id":"","size":""},"background_overlay_hover_video_fallback":{"url":"","id":"","size":""},"background_overlay_hover_slideshow_gallery":[]},"elements":[{"id":"55e2f9cf","settings":{"_column_size":100,"width":{"size":100,"unit":"%"},"padding":{"unit":"%","top":"0","right":"0","bottom":"0","left":"50","isLinked":false},"padding_mobile":{"unit":"px","top":"0","right":"0","bottom":"0","left":"0","isLinked":true},"content_width":"full","background_image":{"url":"","id":"","size":""},"background_video_fallback":{"url":"","id":"","size":""},"background_slideshow_gallery":[],"background_hover_image":{"url":"","id":"","size":""},"background_hover_video_fallback":{"url":"","id":"","size":""},"background_hover_slideshow_gallery":[],"background_overlay_image":{"url":"","id":"","size":""},"background_overlay_video_fallback":{"url":"","id":"","size":""},"background_overlay_slideshow_gallery":[],"background_overlay_hover_image":{"url":"","id":"","size":""},"background_overlay_hover_video_fallback":{"url":"","id":"","size":""},"background_overlay_hover_slideshow_gallery":[]},"elements":[{"id":"774d9cef","settings":{"title":"Explore The World","align":"left","typography_letter_spacing":{"unit":"px","size":""},"align_mobile":"left","__globals__":{"title_color":""},"title_color":"#FFFFFF","_background_image":{"url":"","id":"","size":""},"_background_video_fallback":{"url":"","id":"","size":""},"_background_slideshow_gallery":[],"_background_hover_image":{"url":"","id":"","size":""},"_background_hover_video_fallback":{"url":"","id":"","size":""},"_background_hover_slideshow_gallery":[],"_mask_image":{"url":"","id":"","size":""}},"elements":[],"isInner":false,"widgetType":"heading","elType":"widget","htmlCache":"\t\t<div class=\"elementor-widget-container\">\n\t\t\t\t\t<h2 class=\"elementor-heading-title elementor-size-default\">Explore The World<\/h2>\t\t\t\t<\/div>\n\t\t"},{"id":"741db163","settings":{"weight":{"unit":"px","size":3},"width":{"unit":"%","size":10},"gap":{"unit":"px","size":0},"width_mobile":{"unit":"%","size":18},"align_mobile":"left","text":"Divider","__globals__":{"color":"globals\/colors?id=astglobalcolor0"},"icon":{"value":"fas fa-star","library":"fa-solid"},"_background_image":{"url":"","id":"","size":""},"_background_video_fallback":{"url":"","id":"","size":""},"_background_slideshow_gallery":[],"_background_hover_image":{"url":"","id":"","size":""},"_background_hover_video_fallback":{"url":"","id":"","size":""},"_background_hover_slideshow_gallery":[],"_mask_image":{"url":"","id":"","size":""}},"elements":[],"isInner":false,"widgetType":"divider","elType":"widget","htmlCache":"\t\t<div class=\"elementor-widget-container\">\n\t\t\t\t\t\t\t<div class=\"elementor-divider\">\n\t\t\t<span class=\"elementor-divider-separator\">\n\t\t\t\t\t\t<\/span>\n\t\t<\/div>\n\t\t\t\t\t\t<\/div>\n\t\t"},{"id":"5c43fe90","settings":{"editor":"Diremit mundi mare undae nunc mixtam tanto sibi. Nubes unda concordi. Fert his. Recessit mentes praecipites locum caligine sui egens erat. Silvas caeli regna.","text_color":"#ffffff","_padding":{"unit":"px","top":"0","right":"0","bottom":"0","left":"0","isLinked":false},"align_mobile":"left","_padding_mobile":{"unit":"px","top":"0","right":"0","bottom":"0","left":"0","isLinked":false},"_background_image":{"url":"","id":"","size":""},"_background_video_fallback":{"url":"","id":"","size":""},"_background_slideshow_gallery":[],"_background_hover_image":{"url":"","id":"","size":""},"_background_hover_video_fallback":{"url":"","id":"","size":""},"_background_hover_slideshow_gallery":[],"_mask_image":{"url":"","id":"","size":""}},"elements":[],"isInner":false,"widgetType":"text-editor","elType":"widget","htmlCache":"\t\t<div class=\"elementor-widget-container\">\n\t\t\t\t\t\t\t\t\tDiremit mundi mare undae nunc mixtam tanto sibi. Nubes unda concordi. Fert his. Recessit mentes praecipites locum caligine sui egens erat. Silvas caeli regna.\t\t\t\t\t\t\t\t<\/div>\n\t\t"},{"id":"1d4a7081","settings":{"text":"Learn More","align":"left","icon":"fa fa-long-arrow-right","icon_align":"right","typography_font_size":{"unit":"px","size":""},"typography_letter_spacing":{"unit":"px","size":""},"_padding":{"unit":"px","top":"0","right":"0","bottom":"0","left":"0","isLinked":false},"align_mobile":"left","selected_icon":{"value":"fas fa-long-arrow-alt-right","library":"fa-solid"},"__fa4_migrated":{"selected_icon":true},"icon_indent":{"unit":"px","size":12,"sizes":[]},"_margin":{"unit":"px","top":"20","right":"0","bottom":"0","left":"0","isLinked":false},"background_video_fallback":{"url":"","id":"","size":""},"background_slideshow_gallery":[],"button_background_hover_video_fallback":{"url":"","id":"","size":""},"button_background_hover_slideshow_gallery":[],"_background_image":{"url":"","id":"","size":""},"_background_video_fallback":{"url":"","id":"","size":""},"_background_slideshow_gallery":[],"_background_hover_image":{"url":"","id":"","size":""},"_background_hover_video_fallback":{"url":"","id":"","size":""},"_background_hover_slideshow_gallery":[],"_mask_image":{"url":"","id":"","size":""}},"elements":[],"isInner":false,"widgetType":"button","elType":"widget","htmlCache":"\t\t<div class=\"elementor-widget-container\">\n\t\t\t\t\t\t\t\t\t<div class=\"elementor-button-wrapper\">\n\t\t\t\t\t<a class=\"elementor-button elementor-button-link elementor-size-sm\" href=\"#\">\n\t\t\t\t\t\t<span class=\"elementor-button-content-wrapper\">\n\t\t\t\t\t\t<span class=\"elementor-button-icon\">\n\t\t\t\t<i aria-hidden=\"true\" class=\"fas fa-long-arrow-alt-right\"><\/i>\t\t\t<\/span>\n\t\t\t\t\t\t\t\t\t<span class=\"elementor-button-text\">Learn More<\/span>\n\t\t\t\t\t<\/span>\n\t\t\t\t\t<\/a>\n\t\t\t\t<\/div>\n\t\t\t\t\t\t\t\t<\/div>\n\t\t"}],"isInner":true,"elType":"container"}],"isInner":false,"elType":"container"},{"id":"14f6bbe7","settings":{"padding":{"unit":"px","top":"120","right":"0","bottom":"120","left":"0","isLinked":false},"padding_tablet":{"unit":"px","top":"70","right":"0","bottom":"70","left":"0","isLinked":false},"padding_mobile":{"unit":"px","top":"60","right":"0","bottom":"78","left":"0","isLinked":false},"structure":"30","__globals__":{"background_color":""},"flex_direction":"row","flex_align_items":"stretch","flex_gap":{"size":0,"unit":"px","column":"0","row":"0","isLinked":true},"boxed_width":{"unit":"px","size":1140,"sizes":[]},"flex_gap_mobile":{"unit":"px","size":0,"sizes":[],"column":"0","row":"0","isLinked":true},"background_image":{"url":"","id":"","size":""},"background_video_fallback":{"url":"","id":"","size":""},"background_slideshow_gallery":[],"background_hover_image":{"url":"","id":"","size":""},"background_hover_video_fallback":{"url":"","id":"","size":""},"background_hover_slideshow_gallery":[],"background_overlay_image":{"url":"","id":"","size":""},"background_overlay_video_fallback":{"url":"","id":"","size":""},"background_overlay_slideshow_gallery":[],"background_overlay_hover_image":{"url":"","id":"","size":""},"background_overlay_hover_video_fallback":{"url":"","id":"","size":""},"background_overlay_hover_slideshow_gallery":[]},"elements":[{"id":"2fc4969a","settings":{"_column_size":33,"width":{"size":33.33,"unit":"%"},"padding_mobile":{"unit":"px","top":"0","right":"20","bottom":"50","left":"20","isLinked":false},"padding":{"unit":"px","top":"10","right":"60","bottom":"0","left":"0","isLinked":false},"width_tablet":{"size":40,"unit":"%"},"flex_justify_content":"flex-start","padding_tablet":{"unit":"px","top":"0","right":"20","bottom":"0","left":"25","isLinked":false},"content_width":"full","width_mobile":{"unit":"%","size":100,"sizes":[]},"background_image":{"url":"","id":"","size":""},"background_video_fallback":{"url":"","id":"","size":""},"background_slideshow_gallery":[],"background_hover_image":{"url":"","id":"","size":""},"background_hover_video_fallback":{"url":"","id":"","size":""},"background_hover_slideshow_gallery":[],"background_overlay_image":{"url":"","id":"","size":""},"background_overlay_video_fallback":{"url":"","id":"","size":""},"background_overlay_slideshow_gallery":[],"background_overlay_hover_image":{"url":"","id":"","size":""},"background_overlay_hover_video_fallback":{"url":"","id":"","size":""},"background_overlay_hover_slideshow_gallery":[]},"elements":[{"id":"38bc5232","settings":{"title":"Upcoming Tours & Destination","align":"left","typography_letter_spacing":{"unit":"px","size":""},"align_mobile":"left","typography_line_height":{"unit":"em","size":""},"typography_font_size_mobile":{"unit":"em","size":"","sizes":[]},"_background_image":{"url":"","id":"","size":""},"_background_video_fallback":{"url":"","id":"","size":""},"_background_slideshow_gallery":[],"_background_hover_image":{"url":"","id":"","size":""},"_background_hover_video_fallback":{"url":"","id":"","size":""},"_background_hover_slideshow_gallery":[],"_mask_image":{"url":"","id":"","size":""}},"elements":[],"isInner":false,"widgetType":"heading","elType":"widget","htmlCache":"\t\t<div class=\"elementor-widget-container\">\n\t\t\t\t\t<h2 class=\"elementor-heading-title elementor-size-default\">Upcoming Tours &amp; Destination<\/h2>\t\t\t\t<\/div>\n\t\t"},{"id":"362e9307","settings":{"weight":{"unit":"px","size":3},"width":{"unit":"%","size":15},"gap":{"unit":"px","size":0},"width_mobile":{"unit":"%","size":18},"align_mobile":"left","align":"left","text":"Divider","__globals__":{"color":"globals\/colors?id=astglobalcolor0"},"icon":{"value":"fas fa-star","library":"fa-solid"},"_background_image":{"url":"","id":"","size":""},"_background_video_fallback":{"url":"","id":"","size":""},"_background_slideshow_gallery":[],"_background_hover_image":{"url":"","id":"","size":""},"_background_hover_video_fallback":{"url":"","id":"","size":""},"_background_hover_slideshow_gallery":[],"_mask_image":{"url":"","id":"","size":""}},"elements":[],"isInner":false,"widgetType":"divider","elType":"widget","htmlCache":"\t\t<div class=\"elementor-widget-container\">\n\t\t\t\t\t\t\t<div class=\"elementor-divider\">\n\t\t\t<span class=\"elementor-divider-separator\">\n\t\t\t\t\t\t<\/span>\n\t\t<\/div>\n\t\t\t\t\t\t<\/div>\n\t\t"},{"id":"122dc401","settings":{"editor":"<p>Fuerat aestu carentem habentia spectent tonitrua mutastis locavit liberioris. Sinistra possedit litora ut nabataeaque. Setucant coepyterunt perveniunt animal! Concordi aurea nabataeaque seductaque constaque cepit sublime flexi nullus.<\/p>","_padding":{"unit":"px","top":"17","right":"0","bottom":"0","left":"0","isLinked":false},"align_mobile":"left","_padding_mobile":{"unit":"px","top":"0","right":"0","bottom":"0","left":"0","isLinked":false},"typography_font_size":{"unit":"px","size":""},"_margin_tablet":{"unit":"px","top":"0","right":"0","bottom":"0","left":"0","isLinked":false},"_padding_tablet":{"unit":"px","top":"0","right":"0","bottom":"0","left":"0","isLinked":false},"_background_image":{"url":"","id":"","size":""},"_background_video_fallback":{"url":"","id":"","size":""},"_background_slideshow_gallery":[],"_background_hover_image":{"url":"","id":"","size":""},"_background_hover_video_fallback":{"url":"","id":"","size":""},"_background_hover_slideshow_gallery":[],"_mask_image":{"url":"","id":"","size":""}},"elements":[],"isInner":false,"widgetType":"text-editor","elType":"widget","htmlCache":"\t\t<div class=\"elementor-widget-container\">\n\t\t\t\t\t\t\t\t\t<p>Fuerat aestu carentem habentia spectent tonitrua mutastis locavit liberioris. Sinistra possedit litora ut nabataeaque. Setucant coepyterunt perveniunt animal! Concordi aurea nabataeaque seductaque constaque cepit sublime flexi nullus.<\/p>\t\t\t\t\t\t\t\t<\/div>\n\t\t"},{"id":"4c2bed61","settings":{"text":"Learn More","align":"left","typography_font_size":{"unit":"px","size":""},"typography_letter_spacing":{"unit":"px","size":""},"align_mobile":"left","selected_icon":{"value":"","library":""},"background_video_fallback":{"url":"","id":"","size":""},"background_slideshow_gallery":[],"button_background_hover_video_fallback":{"url":"","id":"","size":""},"button_background_hover_slideshow_gallery":[],"_background_image":{"url":"","id":"","size":""},"_background_video_fallback":{"url":"","id":"","size":""},"_background_slideshow_gallery":[],"_background_hover_image":{"url":"","id":"","size":""},"_background_hover_video_fallback":{"url":"","id":"","size":""},"_background_hover_slideshow_gallery":[],"_mask_image":{"url":"","id":"","size":""}},"elements":[],"isInner":false,"widgetType":"button","elType":"widget","htmlCache":"\t\t<div class=\"elementor-widget-container\">\n\t\t\t\t\t\t\t\t\t<div class=\"elementor-button-wrapper\">\n\t\t\t\t\t<a class=\"elementor-button elementor-button-link elementor-size-sm\" href=\"#\">\n\t\t\t\t\t\t<span class=\"elementor-button-content-wrapper\">\n\t\t\t\t\t\t\t\t\t<span class=\"elementor-button-text\">Learn More<\/span>\n\t\t\t\t\t<\/span>\n\t\t\t\t\t<\/a>\n\t\t\t\t<\/div>\n\t\t\t\t\t\t\t\t<\/div>\n\t\t"}],"isInner":true,"elType":"container"},{"id":"23906002","settings":{"_column_size":33,"width":{"size":33.33,"unit":"%"},"width_tablet":{"size":30,"unit":"%"},"content_width":"full","width_mobile":{"unit":"%","size":100,"sizes":[]},"flex_gap_mobile":{"unit":"px","size":20,"sizes":[],"column":"20","row":"20","isLinked":true},"padding_mobile":{"unit":"px","top":"10","right":"10","bottom":"10","left":"10","isLinked":true},"background_image":{"url":"","id":"","size":""},"background_video_fallback":{"url":"","id":"","size":""},"background_slideshow_gallery":[],"background_hover_image":{"url":"","id":"","size":""},"background_hover_video_fallback":{"url":"","id":"","size":""},"background_hover_slideshow_gallery":[],"background_overlay_image":{"url":"","id":"","size":""},"background_overlay_video_fallback":{"url":"","id":"","size":""},"background_overlay_slideshow_gallery":[],"background_overlay_hover_image":{"url":"","id":"","size":""},"background_overlay_hover_video_fallback":{"url":"","id":"","size":""},"background_overlay_hover_slideshow_gallery":[]},"elements":[{"id":"2b5d5c42","settings":{"image":{"id":"523","url":"https:\/\/limitless.dev.ananass.fr\/wp-content\/uploads\/2021\/02\/outdoor-image-01.jpg"},"width":{"unit":"%","size":100},"css_filters_css_filter":"custom","css_filters_brightness":{"unit":"px","size":103},"css_filters_contrast":{"unit":"px","size":96},"css_filters_saturate":{"unit":"px","size":134},"image_border_radius":{"unit":"px","top":"4","right":"4","bottom":"4","left":"4","isLinked":true},"image_box_shadow_box_shadow":{"horizontal":10,"vertical":10,"blur":0,"spread":1,"color":"rgba(0,0,0,0.07)"},"_border_radius":{"unit":"px","top":"4","right":"4","bottom":"4","left":"4","isLinked":true},"_margin_tablet":{"unit":"px","top":"0","right":"0","bottom":"0","left":"0","isLinked":true},"_margin_mobile":{"unit":"px","top":"0","right":"0","bottom":"0","left":"0","isLinked":true},"_padding_tablet":{"unit":"px","top":"0","right":"0","bottom":"0","left":"0","isLinked":true},"_padding_mobile":{"unit":"px","top":"0","right":"0","bottom":"0","left":"0","isLinked":true},"_background_image":{"url":"","id":"","size":""},"_background_video_fallback":{"url":"","id":"","size":""},"_background_slideshow_gallery":[],"_background_hover_image":{"url":"","id":"","size":""},"_background_hover_video_fallback":{"url":"","id":"","size":""},"_background_hover_slideshow_gallery":[],"_mask_image":{"url":"","id":"","size":""}},"elements":[],"isInner":false,"widgetType":"image","elType":"widget","htmlCache":"\t\t<div class=\"elementor-widget-container\">\n\t\t\t\t\t\t\t\t\t\t\t\t\t\t\t<img width=\"644\" height=\"402\" src=\"https:\/\/limitless.dev.ananass.fr\/wp-content\/uploads\/2021\/02\/outdoor-image-01.jpg\" class=\"attachment-large size-large wp-image-523\" alt=\"\" srcset=\"https:\/\/limitless.dev.ananass.fr\/wp-content\/uploads\/2021\/02\/outdoor-image-01.jpg 644w, https:\/\/limitless.dev.ananass.fr\/wp-content\/uploads\/2021\/02\/outdoor-image-01-300x187.jpg 300w\" sizes=\"(max-width: 644px) 100vw, 644px\" \/>\t\t\t\t\t\t\t\t\t\t\t\t\t\t\t<\/div>\n\t\t"},{"id":"14364270","settings":{"image":{"id":"228","url":"https:\/\/limitless.dev.ananass.fr\/wp-content\/uploads\/2018\/11\/image-1.jpg"},"width":{"unit":"%","size":100},"css_filters_css_filter":"custom","css_filters_brightness":{"unit":"px","size":103},"css_filters_contrast":{"unit":"px","size":95},"css_filters_saturate":{"unit":"px","size":110},"image_border_radius":{"unit":"px","top":"4","right":"4","bottom":"4","left":"4","isLinked":true},"image_box_shadow_box_shadow":{"horizontal":10,"vertical":10,"blur":0,"spread":1,"color":"rgba(0,0,0,0.07)"},"image_size":"full","_border_radius":{"unit":"px","top":"4","right":"4","bottom":"4","left":"4","isLinked":true},"css_filters_hue":{"unit":"px","size":346},"_margin_tablet":{"unit":"px","top":"0","right":"0","bottom":"0","left":"0","isLinked":true},"_margin_mobile":{"unit":"px","top":"0","right":"0","bottom":"0","left":"0","isLinked":true},"_padding_tablet":{"unit":"px","top":"0","right":"0","bottom":"0","left":"0","isLinked":true},"_padding_mobile":{"unit":"px","top":"0","right":"0","bottom":"0","left":"0","isLinked":true},"_background_image":{"url":"","id":"","size":""},"_background_video_fallback":{"url":"","id":"","size":""},"_background_slideshow_gallery":[],"_background_hover_image":{"url":"","id":"","size":""},"_background_hover_video_fallback":{"url":"","id":"","size":""},"_background_hover_slideshow_gallery":[],"_mask_image":{"url":"","id":"","size":""}},"elements":[],"isInner":false,"widgetType":"image","elType":"widget","htmlCache":"\t\t<div class=\"elementor-widget-container\">\n\t\t\t\t\t\t\t\t\t\t\t\t\t\t\t<img width=\"378\" height=\"385\" src=\"https:\/\/limitless.dev.ananass.fr\/wp-content\/uploads\/2018\/11\/image-1.jpg\" class=\"attachment-full size-full wp-image-228\" alt=\"\" srcset=\"https:\/\/limitless.dev.ananass.fr\/wp-content\/uploads\/2018\/11\/image-1.jpg 378w, https:\/\/limitless.dev.ananass.fr\/wp-content\/uploads\/2018\/11\/image-1-295x300.jpg 295w\" sizes=\"(max-width: 378px) 100vw, 378px\" \/>\t\t\t\t\t\t\t\t\t\t\t\t\t\t\t<\/div>\n\t\t"}],"isInner":true,"elType":"container"},{"id":"fc84e02","settings":{"_column_size":33,"width":{"size":33.33,"unit":"%"},"width_tablet":{"size":30,"unit":"%"},"content_width":"full","width_mobile":{"unit":"%","size":100,"sizes":[]},"flex_gap_mobile":{"unit":"px","size":20,"sizes":[],"column":"20","row":"20","isLinked":true},"padding_mobile":{"unit":"px","top":"10","right":"10","bottom":"10","left":"10","isLinked":true},"background_image":{"url":"","id":"","size":""},"background_video_fallback":{"url":"","id":"","size":""},"background_slideshow_gallery":[],"background_hover_image":{"url":"","id":"","size":""},"background_hover_video_fallback":{"url":"","id":"","size":""},"background_hover_slideshow_gallery":[],"background_overlay_image":{"url":"","id":"","size":""},"background_overlay_video_fallback":{"url":"","id":"","size":""},"background_overlay_slideshow_gallery":[],"background_overlay_hover_image":{"url":"","id":"","size":""},"background_overlay_hover_video_fallback":{"url":"","id":"","size":""},"background_overlay_hover_slideshow_gallery":[]},"elements":[{"id":"636223d6","settings":{"image":{"id":"170","url":"https:\/\/limitless.dev.ananass.fr\/wp-content\/uploads\/2018\/11\/snow-1.jpg"},"width":{"unit":"%","size":100},"css_filters_css_filter":"custom","css_filters_brightness":{"unit":"px","size":103},"css_filters_contrast":{"unit":"px","size":96},"css_filters_saturate":{"unit":"px","size":134},"image_border_radius":{"unit":"px","top":"4","right":"4","bottom":"4","left":"4","isLinked":true},"image_box_shadow_box_shadow":{"horizontal":10,"vertical":10,"blur":0,"spread":1,"color":"rgba(0,0,0,0.07)"},"image_size":"full","_margin_tablet":{"unit":"px","top":"0","right":"0","bottom":"0","left":"0","isLinked":true},"_margin_mobile":{"unit":"px","top":"0","right":"0","bottom":"0","left":"0","isLinked":true},"_padding_tablet":{"unit":"px","top":"0","right":"0","bottom":"0","left":"0","isLinked":true},"_padding_mobile":{"unit":"px","top":"0","right":"0","bottom":"0","left":"0","isLinked":true},"_background_image":{"url":"","id":"","size":""},"_background_video_fallback":{"url":"","id":"","size":""},"_background_slideshow_gallery":[],"_background_hover_image":{"url":"","id":"","size":""},"_background_hover_video_fallback":{"url":"","id":"","size":""},"_background_hover_slideshow_gallery":[],"_mask_image":{"url":"","id":"","size":""}},"elements":[],"isInner":false,"widgetType":"image","elType":"widget","htmlCache":"\t\t<div class=\"elementor-widget-container\">\n\t\t\t\t\t\t\t\t\t\t\t\t\t\t\t<img width=\"378\" height=\"385\" src=\"https:\/\/limitless.dev.ananass.fr\/wp-content\/uploads\/2018\/11\/snow-1.jpg\" class=\"attachment-full size-full wp-image-170\" alt=\"\" \/>\t\t\t\t\t\t\t\t\t\t\t\t\t\t\t<\/div>\n\t\t"},{"id":"7e1a0c59","settings":{"image":{"id":"535","url":"https:\/\/limitless.dev.ananass.fr\/wp-content\/uploads\/2021\/02\/outdoor-image-04.jpg"},"width":{"unit":"%","size":100},"css_filters_css_filter":"custom","css_filters_brightness":{"unit":"px","size":103},"css_filters_contrast":{"unit":"px","size":96},"css_filters_saturate":{"unit":"px","size":108},"image_border_radius":{"unit":"px","top":"4","right":"4","bottom":"4","left":"4","isLinked":true},"image_box_shadow_box_shadow":{"horizontal":10,"vertical":10,"blur":0,"spread":1,"color":"rgba(0,0,0,0.07)"},"_margin_tablet":{"unit":"px","top":"0","right":"0","bottom":"0","left":"0","isLinked":true},"_margin_mobile":{"unit":"px","top":"0","right":"0","bottom":"0","left":"0","isLinked":true},"_padding_tablet":{"unit":"px","top":"0","right":"0","bottom":"0","left":"0","isLinked":true},"_padding_mobile":{"unit":"px","top":"0","right":"0","bottom":"0","left":"0","isLinked":true},"_background_image":{"url":"","id":"","size":""},"_background_video_fallback":{"url":"","id":"","size":""},"_background_slideshow_gallery":[],"_background_hover_image":{"url":"","id":"","size":""},"_background_hover_video_fallback":{"url":"","id":"","size":""},"_background_hover_slideshow_gallery":[],"_mask_image":{"url":"","id":"","size":""}},"elements":[],"isInner":false,"widgetType":"image","elType":"widget","htmlCache":"\t\t<div class=\"elementor-widget-container\">\n\t\t\t\t\t\t\t\t\t\t\t\t\t\t\t<img width=\"379\" height=\"218\" src=\"https:\/\/limitless.dev.ananass.fr\/wp-content\/uploads\/2021\/02\/outdoor-image-04.jpg\" class=\"attachment-large size-large wp-image-535\" alt=\"\" srcset=\"https:\/\/limitless.dev.ananass.fr\/wp-content\/uploads\/2021\/02\/outdoor-image-04.jpg 379w, https:\/\/limitless.dev.ananass.fr\/wp-content\/uploads\/2021\/02\/outdoor-image-04-300x173.jpg 300w\" sizes=\"(max-width: 379px) 100vw, 379px\" \/>\t\t\t\t\t\t\t\t\t\t\t\t\t\t\t<\/div>\n\t\t"}],"isInner":true,"elType":"container"}],"isInner":false,"elType":"container"}],"settings":{"template":"default","astra_sites_main_color":"var(--ast-global-color-0)","astra_sites_heading_base_color":"var(--ast-global-color-2)","astra_sites_link_color":"var(--ast-global-color-0)","astra_sites_link_hover_color":"var(--ast-global-color-1)","astra_sites_text_color":"var(--ast-global-color-3)","astra_sites_body_typography":"custom","astra_sites_body_font_size":{"unit":"px","size":16},"astra_sites_body_font_size_mobile":{"unit":"px","size":15},"astra_sites_body_line_height":{"unit":"em","size":1.7},"astra_sites_body_font_family":"Noto Sans","astra_sites_body_font_weight":"400","astra_sites_heading_1_typography":"custom","astra_sites_heading_1_font_size":{"unit":"px","size":64},"astra_sites_heading_1_font_size_tablet":{"unit":"px","size":44},"astra_sites_heading_1_font_size_mobile":{"unit":"px","size":30},"astra_sites_default_heading_font_family":"'Montserrat', sans-serif","astra_sites_heading_1_font_family":"'Montserrat'","astra_sites_heading_1_font_weight":"700","astra_sites_heading_1_text_transform":"uppercase","astra_sites_heading_2_typography":"custom","astra_sites_heading_2_font_size":{"unit":"px","size":34},"astra_sites_heading_2_font_size_tablet":{"unit":"px","size":32},"astra_sites_heading_2_font_size_mobile":{"unit":"px","size":24},"astra_sites_heading_2_line_height":{"unit":"em","size":1.4},"astra_sites_heading_2_font_family":"'Montserrat'","astra_sites_heading_2_font_weight":"700","astra_sites_heading_2_text_transform":"uppercase","astra_sites_heading_3_typography":"custom","astra_sites_heading_3_font_size":{"unit":"px","size":24},"astra_sites_heading_3_font_family":"'Montserrat'","astra_sites_heading_3_font_weight":"700","astra_sites_heading_4_typography":"custom","astra_sites_heading_4_font_size":{"unit":"px","size":20},"astra_sites_heading_4_font_size_mobile":{"unit":"px","size":19},"astra_sites_heading_4_font_family":"'Montserrat'","astra_sites_heading_4_font_weight":"700","astra_sites_heading_5_typography":"custom","astra_sites_heading_5_font_size":{"unit":"px","size":18},"astra_sites_heading_5_font_size_mobile":{"unit":"px","size":16},"astra_sites_heading_5_font_family":"'Montserrat'","astra_sites_heading_5_font_weight":"700","astra_sites_heading_6_typography":"custom","astra_sites_heading_6_font_size":{"unit":"px","size":15},"astra_sites_heading_6_font_size_mobile":{"unit":"px","size":15},"astra_sites_heading_6_font_family":"'Montserrat'","astra_sites_heading_6_font_weight":"700","astra_sites_page_setting_enable":""},"metadata":{"site-sidebar-layout":"no-sidebar","site-content-layout":"page-builder","theme-transparent-header-meta":"enabled","site-post-title":"disabled","ast-title-bar-display":"disabled","ast-featured-img":"disabled","astra-main-page-id":"23830","ast_self_id_23830":"1","ast-site-content-layout":"full-width-container","site-content-style":"unboxed","site-sidebar-style":"unboxed","astra-migrate-meta-layouts":"set"}}