{"content":[{"id":"1c6582ec","settings":{"background_background":"classic","background_image":{"id":"158","url":"https:\/\/limitless.dev.ananass.fr\/wp-content\/uploads\/2018\/11\/about-bg-5.jpg"},"background_position":"center center","background_repeat":"no-repeat","background_size":"cover","background_overlay_background":"classic","background_overlay_opacity":{"unit":"px","size":0.4},"padding":{"unit":"px","top":"230","right":"0","bottom":"230","left":"0","isLinked":false},"padding_tablet":{"unit":"px","top":"100","right":"50","bottom":"100","left":"50","isLinked":false},"padding_mobile":{"unit":"px","top":"90","right":"20","bottom":"90","left":"20","isLinked":false},"__globals__":{"background_overlay_color":"globals\/colors?id=astglobalcolor7"},"boxed_width":{"unit":"px","size":800,"sizes":[]},"flex_direction":"row","flex_align_items":"stretch","flex_gap":{"size":10,"unit":"px","column":"10","row":"10","isLinked":true},"background_video_fallback":{"url":"","id":"","size":""},"background_slideshow_gallery":[],"background_hover_image":{"url":"","id":"","size":""},"background_hover_video_fallback":{"url":"","id":"","size":""},"background_hover_slideshow_gallery":[],"background_overlay_image":{"url":"","id":"","size":""},"background_overlay_video_fallback":{"url":"","id":"","size":""},"background_overlay_slideshow_gallery":[],"background_overlay_hover_image":{"url":"","id":"","size":""},"background_overlay_hover_video_fallback":{"url":"","id":"","size":""},"background_overlay_hover_slideshow_gallery":[]},"elements":[{"id":"15592095","settings":{"_column_size":100,"width":{"size":null,"unit":"%"},"padding_mobile":{"unit":"px","top":"0","right":"0","bottom":"0","left":"0","isLinked":false},"content_width":"full","background_image":{"url":"","id":"","size":""},"background_video_fallback":{"url":"","id":"","size":""},"background_slideshow_gallery":[],"background_hover_image":{"url":"","id":"","size":""},"background_hover_video_fallback":{"url":"","id":"","size":""},"background_hover_slideshow_gallery":[],"background_overlay_image":{"url":"","id":"","size":""},"background_overlay_video_fallback":{"url":"","id":"","size":""},"background_overlay_slideshow_gallery":[],"background_overlay_hover_image":{"url":"","id":"","size":""},"background_overlay_hover_video_fallback":{"url":"","id":"","size":""},"background_overlay_hover_slideshow_gallery":[]},"elements":[{"id":"2a76beec","settings":{"title":"Who We Are?","header_size":"h1","align":"center","__globals__":{"title_color":""},"title_color":"#FFFFFF","_background_image":{"url":"","id":"","size":""},"_background_video_fallback":{"url":"","id":"","size":""},"_background_slideshow_gallery":[],"_background_hover_image":{"url":"","id":"","size":""},"_background_hover_video_fallback":{"url":"","id":"","size":""},"_background_hover_slideshow_gallery":[],"_mask_image":{"url":"","id":"","size":""}},"elements":[],"isInner":false,"widgetType":"heading","elType":"widget","htmlCache":"\t\t<div class=\"elementor-widget-container\">\n\t\t\t\t\t<h1 class=\"elementor-heading-title elementor-size-default\">Who We Are?<\/h1>\t\t\t\t<\/div>\n\t\t"}],"isInner":true,"elType":"container"}],"isInner":false,"elType":"container"},{"id":"60fa8856","settings":{"structure":"20","padding":{"unit":"px","top":"100","right":"0","bottom":"90","left":"0","isLinked":false},"padding_tablet":{"unit":"px","top":"70","right":"50","bottom":"50","left":"50","isLinked":false},"padding_mobile":{"unit":"px","top":"60","right":"20","bottom":"40","left":"20","isLinked":false},"flex_direction":"row","flex_align_items":"stretch","flex_gap":{"size":0,"unit":"px","column":"0","row":"0","isLinked":true},"boxed_width":{"unit":"px","size":1140,"sizes":[]},"background_image":{"url":"","id":"","size":""},"background_video_fallback":{"url":"","id":"","size":""},"background_slideshow_gallery":[],"background_hover_image":{"url":"","id":"","size":""},"background_hover_video_fallback":{"url":"","id":"","size":""},"background_hover_slideshow_gallery":[],"background_overlay_image":{"url":"","id":"","size":""},"background_overlay_video_fallback":{"url":"","id":"","size":""},"background_overlay_slideshow_gallery":[],"background_overlay_hover_image":{"url":"","id":"","size":""},"background_overlay_hover_video_fallback":{"url":"","id":"","size":""},"background_overlay_hover_slideshow_gallery":[]},"elements":[{"id":"16fb75f3","settings":{"_column_size":50,"width":{"size":50,"unit":"%"},"flex_justify_content":"center","padding":{"unit":"px","top":"0","right":"100","bottom":"0","left":"0","isLinked":false},"padding_tablet":{"unit":"px","top":"0","right":"20","bottom":"0","left":"0","isLinked":false},"padding_mobile":{"unit":"px","top":"0","right":"0","bottom":"0","left":"0","isLinked":false},"content_width":"full","background_image":{"url":"","id":"","size":""},"background_video_fallback":{"url":"","id":"","size":""},"background_slideshow_gallery":[],"background_hover_image":{"url":"","id":"","size":""},"background_hover_video_fallback":{"url":"","id":"","size":""},"background_hover_slideshow_gallery":[],"background_overlay_image":{"url":"","id":"","size":""},"background_overlay_video_fallback":{"url":"","id":"","size":""},"background_overlay_slideshow_gallery":[],"background_overlay_hover_image":{"url":"","id":"","size":""},"background_overlay_hover_video_fallback":{"url":"","id":"","size":""},"background_overlay_hover_slideshow_gallery":[]},"elements":[{"id":"73eb0d67","settings":{"title":"Our MissioN","align":"left","typography_letter_spacing":{"unit":"px","size":""},"align_mobile":"left","_background_image":{"url":"","id":"","size":""},"_background_video_fallback":{"url":"","id":"","size":""},"_background_slideshow_gallery":[],"_background_hover_image":{"url":"","id":"","size":""},"_background_hover_video_fallback":{"url":"","id":"","size":""},"_background_hover_slideshow_gallery":[],"_mask_image":{"url":"","id":"","size":""}},"elements":[],"isInner":false,"widgetType":"heading","elType":"widget","htmlCache":"\t\t<div class=\"elementor-widget-container\">\n\t\t\t\t\t<h2 class=\"elementor-heading-title elementor-size-default\">Our MissioN<\/h2>\t\t\t\t<\/div>\n\t\t"},{"id":"74173d6a","settings":{"weight":{"unit":"px","size":3},"width":{"unit":"%","size":10},"gap":{"unit":"px","size":0},"width_mobile":{"unit":"%","size":18},"align_mobile":"left","text":"Divider","__globals__":{"color":"globals\/colors?id=astglobalcolor0"},"icon":{"value":"fas fa-star","library":"fa-solid"},"_background_image":{"url":"","id":"","size":""},"_background_video_fallback":{"url":"","id":"","size":""},"_background_slideshow_gallery":[],"_background_hover_image":{"url":"","id":"","size":""},"_background_hover_video_fallback":{"url":"","id":"","size":""},"_background_hover_slideshow_gallery":[],"_mask_image":{"url":"","id":"","size":""}},"elements":[],"isInner":false,"widgetType":"divider","elType":"widget","htmlCache":"\t\t<div class=\"elementor-widget-container\">\n\t\t\t\t\t\t\t<div class=\"elementor-divider\">\n\t\t\t<span class=\"elementor-divider-separator\">\n\t\t\t\t\t\t<\/span>\n\t\t<\/div>\n\t\t\t\t\t\t<\/div>\n\t\t"},{"id":"18ab5000","settings":{"editor":"Click edit button to change this text. Lorem ipsum dolor sit amet, adipiscing elit.","typography_font_size":{"unit":"px","size":""},"typography_line_height":{"unit":"em","size":""},"_padding":{"unit":"px","top":"0","right":"0","bottom":"0","left":"0","isLinked":false},"align_mobile":"left","typography_font_size_mobile":{"unit":"px","size":""},"_padding_tablet":{"unit":"px","top":"0","right":"0","bottom":"0","left":"0","isLinked":false},"_padding_mobile":{"unit":"px","top":"0","right":"0","bottom":"0","left":"0","isLinked":true},"_background_image":{"url":"","id":"","size":""},"_background_video_fallback":{"url":"","id":"","size":""},"_background_slideshow_gallery":[],"_background_hover_image":{"url":"","id":"","size":""},"_background_hover_video_fallback":{"url":"","id":"","size":""},"_background_hover_slideshow_gallery":[],"_mask_image":{"url":"","id":"","size":""}},"elements":[],"isInner":false,"widgetType":"text-editor","elType":"widget","htmlCache":"\t\t<div class=\"elementor-widget-container\">\n\t\t\t\t\t\t\t\t\tClick edit button to change this text. Lorem ipsum dolor sit amet, adipiscing elit.\t\t\t\t\t\t\t\t<\/div>\n\t\t"},{"id":"53317188","settings":{"editor":"<p>Click edit button to change this text. Lorem ipsum dolor sit amet, consectetur adipiscing elit. Ut elit tellus, luctus nec ullamcorper mattis, pulvinar dapibus leo.<\/p>","align_mobile":"left","_margin_mobile":{"unit":"px","top":"-5","right":"0","bottom":"0","left":"0","isLinked":false},"_padding_tablet":{"unit":"px","top":"0","right":"26","bottom":"0","left":"0","isLinked":false},"_padding_mobile":{"unit":"px","top":"0","right":"0","bottom":"0","left":"0","isLinked":false},"_background_image":{"url":"","id":"","size":""},"_background_video_fallback":{"url":"","id":"","size":""},"_background_slideshow_gallery":[],"_background_hover_image":{"url":"","id":"","size":""},"_background_hover_video_fallback":{"url":"","id":"","size":""},"_background_hover_slideshow_gallery":[],"_mask_image":{"url":"","id":"","size":""}},"elements":[],"isInner":false,"widgetType":"text-editor","elType":"widget","htmlCache":"\t\t<div class=\"elementor-widget-container\">\n\t\t\t\t\t\t\t\t\t<p>Click edit button to change this text. Lorem ipsum dolor sit amet, consectetur adipiscing elit. Ut elit tellus, luctus nec ullamcorper mattis, pulvinar dapibus leo.<\/p>\t\t\t\t\t\t\t\t<\/div>\n\t\t"}],"isInner":true,"elType":"container"},{"id":"247161a6","settings":{"_column_size":50,"width":{"size":50,"unit":"%"},"padding":{"unit":"px","top":"0","right":"50","bottom":"0","left":"0","isLinked":false},"padding_mobile":{"unit":"px","top":"0","right":"10","bottom":"0","left":"0","isLinked":false},"padding_tablet":{"unit":"px","top":"0","right":"0","bottom":"0","left":"20","isLinked":false},"content_width":"full","background_image":{"url":"","id":"","size":""},"background_video_fallback":{"url":"","id":"","size":""},"background_slideshow_gallery":[],"background_hover_image":{"url":"","id":"","size":""},"background_hover_video_fallback":{"url":"","id":"","size":""},"background_hover_slideshow_gallery":[],"background_overlay_image":{"url":"","id":"","size":""},"background_overlay_video_fallback":{"url":"","id":"","size":""},"background_overlay_slideshow_gallery":[],"background_overlay_hover_image":{"url":"","id":"","size":""},"background_overlay_hover_video_fallback":{"url":"","id":"","size":""},"background_overlay_hover_slideshow_gallery":[]},"elements":[{"id":"3393e770","settings":{"image":{"id":"527","url":"https:\/\/limitless.dev.ananass.fr\/wp-content\/uploads\/2021\/02\/outdoor-image-02.jpg"},"width":{"unit":"%","size":100},"css_filters_css_filter":"custom","css_filters_brightness":{"unit":"px","size":105},"css_filters_contrast":{"unit":"px","size":96},"css_filters_saturate":{"unit":"px","size":74},"image_border_radius":{"unit":"px","top":"4","right":"4","bottom":"4","left":"4","isLinked":true},"image_box_shadow_box_shadow_type":"yes","image_box_shadow_box_shadow":{"horizontal":10,"vertical":10,"blur":0,"spread":1,"color":"rgba(0,0,0,0.07)"},"css_filters_hue":{"unit":"px","size":347},"image_size":"full","_background_image":{"url":"","id":"","size":""},"_background_video_fallback":{"url":"","id":"","size":""},"_background_slideshow_gallery":[],"_background_hover_image":{"url":"","id":"","size":""},"_background_hover_video_fallback":{"url":"","id":"","size":""},"_background_hover_slideshow_gallery":[],"_mask_image":{"url":"","id":"","size":""}},"elements":[],"isInner":false,"widgetType":"image","elType":"widget","htmlCache":"\t\t<div class=\"elementor-widget-container\">\n\t\t\t\t\t\t\t\t\t\t\t\t\t\t\t<img width=\"800\" height=\"534\" src=\"https:\/\/limitless.dev.ananass.fr\/wp-content\/uploads\/2021\/02\/outdoor-image-02.jpg\" class=\"attachment-full size-full wp-image-527\" alt=\"\" srcset=\"https:\/\/limitless.dev.ananass.fr\/wp-content\/uploads\/2021\/02\/outdoor-image-02.jpg 800w, https:\/\/limitless.dev.ananass.fr\/wp-content\/uploads\/2021\/02\/outdoor-image-02-300x200.jpg 300w, https:\/\/limitless.dev.ananass.fr\/wp-content\/uploads\/2021\/02\/outdoor-image-02-768x513.jpg 768w\" sizes=\"(max-width: 800px) 100vw, 800px\" \/>\t\t\t\t\t\t\t\t\t\t\t\t\t\t\t<\/div>\n\t\t"}],"isInner":true,"elType":"container"}],"isInner":false,"elType":"container"},{"id":"b9d5fa5","settings":{"structure":"20","padding":{"unit":"px","top":"40","right":"0","bottom":"100","left":"0","isLinked":false},"margin_tablet":{"unit":"px","top":"","right":0,"bottom":"","left":0,"isLinked":true},"padding_tablet":{"unit":"px","top":"0","right":"50","bottom":"55","left":"50","isLinked":false},"padding_mobile":{"unit":"px","top":"40","right":"20","bottom":"60","left":"20","isLinked":false},"flex_direction":"row","flex_align_items":"stretch","flex_gap":{"size":0,"unit":"px","column":"0","row":"0","isLinked":true},"boxed_width":{"unit":"px","size":1140,"sizes":[]},"background_image":{"url":"","id":"","size":""},"background_video_fallback":{"url":"","id":"","size":""},"background_slideshow_gallery":[],"background_hover_image":{"url":"","id":"","size":""},"background_hover_video_fallback":{"url":"","id":"","size":""},"background_hover_slideshow_gallery":[],"background_overlay_image":{"url":"","id":"","size":""},"background_overlay_video_fallback":{"url":"","id":"","size":""},"background_overlay_slideshow_gallery":[],"background_overlay_hover_image":{"url":"","id":"","size":""},"background_overlay_hover_video_fallback":{"url":"","id":"","size":""},"background_overlay_hover_slideshow_gallery":[]},"elements":[{"id":"14a1b418","settings":{"_column_size":50,"width":{"size":50,"unit":"%"},"padding":{"unit":"px","top":"0","right":"100","bottom":"0","left":"0","isLinked":false},"padding_tablet":{"unit":"px","top":"0","right":"20","bottom":"0","left":"0","isLinked":false},"padding_mobile":{"unit":"px","top":"0","right":"0","bottom":"0","left":"0","isLinked":false},"content_width":"full","background_image":{"url":"","id":"","size":""},"background_video_fallback":{"url":"","id":"","size":""},"background_slideshow_gallery":[],"background_hover_image":{"url":"","id":"","size":""},"background_hover_video_fallback":{"url":"","id":"","size":""},"background_hover_slideshow_gallery":[],"background_overlay_image":{"url":"","id":"","size":""},"background_overlay_video_fallback":{"url":"","id":"","size":""},"background_overlay_slideshow_gallery":[],"background_overlay_hover_image":{"url":"","id":"","size":""},"background_overlay_hover_video_fallback":{"url":"","id":"","size":""},"background_overlay_hover_slideshow_gallery":[]},"elements":[{"id":"2657c03f","settings":{"title":"Extraordinary Experiences","header_size":"h4","align":"left","typography_letter_spacing":{"unit":"px","size":""},"align_mobile":"left","typography_line_height_tablet":{"unit":"em","size":""},"typography_line_height_mobile":{"unit":"em","size":""},"_background_image":{"url":"","id":"","size":""},"_background_video_fallback":{"url":"","id":"","size":""},"_background_slideshow_gallery":[],"_background_hover_image":{"url":"","id":"","size":""},"_background_hover_video_fallback":{"url":"","id":"","size":""},"_background_hover_slideshow_gallery":[],"_mask_image":{"url":"","id":"","size":""}},"elements":[],"isInner":false,"widgetType":"heading","elType":"widget","htmlCache":"\t\t<div class=\"elementor-widget-container\">\n\t\t\t\t\t<h4 class=\"elementor-heading-title elementor-size-default\">Extraordinary Experiences<\/h4>\t\t\t\t<\/div>\n\t\t"},{"id":"618b3475","settings":{"weight":{"unit":"px","size":3},"width":{"unit":"%","size":10},"align":"left","gap":{"unit":"px","size":0},"width_mobile":{"unit":"%","size":15},"align_mobile":"left","text":"Divider","__globals__":{"color":"globals\/colors?id=astglobalcolor0"},"icon":{"value":"fas fa-star","library":"fa-solid"},"_background_image":{"url":"","id":"","size":""},"_background_video_fallback":{"url":"","id":"","size":""},"_background_slideshow_gallery":[],"_background_hover_image":{"url":"","id":"","size":""},"_background_hover_video_fallback":{"url":"","id":"","size":""},"_background_hover_slideshow_gallery":[],"_mask_image":{"url":"","id":"","size":""}},"elements":[],"isInner":false,"widgetType":"divider","elType":"widget","htmlCache":"\t\t<div class=\"elementor-widget-container\">\n\t\t\t\t\t\t\t<div class=\"elementor-divider\">\n\t\t\t<span class=\"elementor-divider-separator\">\n\t\t\t\t\t\t<\/span>\n\t\t<\/div>\n\t\t\t\t\t\t<\/div>\n\t\t"},{"id":"19d4fab3","settings":{"editor":"Click edit button to change this text. Lorem ipsum dolor sit amet, consectetur adipiscing elit.","_padding":{"unit":"px","top":"0","right":"0","bottom":"0","left":"0","isLinked":false},"align_mobile":"left","_padding_tablet":{"unit":"px","top":"0","right":"0","bottom":"0","left":"0","isLinked":false},"_padding_mobile":{"unit":"px","top":"0","right":"0","bottom":"0","left":"0","isLinked":true},"_background_image":{"url":"","id":"","size":""},"_background_video_fallback":{"url":"","id":"","size":""},"_background_slideshow_gallery":[],"_background_hover_image":{"url":"","id":"","size":""},"_background_hover_video_fallback":{"url":"","id":"","size":""},"_background_hover_slideshow_gallery":[],"_mask_image":{"url":"","id":"","size":""}},"elements":[],"isInner":false,"widgetType":"text-editor","elType":"widget","htmlCache":"\t\t<div class=\"elementor-widget-container\">\n\t\t\t\t\t\t\t\t\tClick edit button to change this text. Lorem ipsum dolor sit amet, consectetur adipiscing elit.\t\t\t\t\t\t\t\t<\/div>\n\t\t"},{"id":"29fc0f0b","settings":{"editor":"<p>Click edit button to change this text. Lorem ipsum dolor sit amet, consectetur adipiscing elit. Ut elit tellus, luctus nec ullamcorper mattis, pulvinar dapibus leo.<\/p>","align_mobile":"left","_margin_mobile":{"unit":"px","top":"-5","right":"0","bottom":"0","left":"0","isLinked":false},"_padding_tablet":{"unit":"px","top":"0","right":"26","bottom":"0","left":"0","isLinked":false},"_padding_mobile":{"unit":"px","top":"0","right":"0","bottom":"0","left":"0","isLinked":false},"_background_image":{"url":"","id":"","size":""},"_background_video_fallback":{"url":"","id":"","size":""},"_background_slideshow_gallery":[],"_background_hover_image":{"url":"","id":"","size":""},"_background_hover_video_fallback":{"url":"","id":"","size":""},"_background_hover_slideshow_gallery":[],"_mask_image":{"url":"","id":"","size":""}},"elements":[],"isInner":false,"widgetType":"text-editor","elType":"widget","htmlCache":"\t\t<div class=\"elementor-widget-container\">\n\t\t\t\t\t\t\t\t\t<p>Click edit button to change this text. Lorem ipsum dolor sit amet, consectetur adipiscing elit. Ut elit tellus, luctus nec ullamcorper mattis, pulvinar dapibus leo.<\/p>\t\t\t\t\t\t\t\t<\/div>\n\t\t"}],"isInner":true,"elType":"container"},{"id":"62e35a88","settings":{"_column_size":50,"width":{"size":50,"unit":"%"},"padding":{"unit":"px","top":"0","right":"100","bottom":"0","left":"0","isLinked":false},"margin_mobile":{"unit":"px","top":"30","right":"0","bottom":"0","left":"0","isLinked":false},"padding_tablet":{"unit":"px","top":"0","right":"0","bottom":"0","left":"20","isLinked":false},"padding_mobile":{"unit":"px","top":"0","right":"0","bottom":"0","left":"0","isLinked":false},"content_width":"full","background_image":{"url":"","id":"","size":""},"background_video_fallback":{"url":"","id":"","size":""},"background_slideshow_gallery":[],"background_hover_image":{"url":"","id":"","size":""},"background_hover_video_fallback":{"url":"","id":"","size":""},"background_hover_slideshow_gallery":[],"background_overlay_image":{"url":"","id":"","size":""},"background_overlay_video_fallback":{"url":"","id":"","size":""},"background_overlay_slideshow_gallery":[],"background_overlay_hover_image":{"url":"","id":"","size":""},"background_overlay_hover_video_fallback":{"url":"","id":"","size":""},"background_overlay_hover_slideshow_gallery":[]},"elements":[{"id":"29d3bdc9","settings":{"title":"Our Core Values","header_size":"h4","align":"left","typography_letter_spacing":{"unit":"px","size":""},"align_mobile":"left","_background_image":{"url":"","id":"","size":""},"_background_video_fallback":{"url":"","id":"","size":""},"_background_slideshow_gallery":[],"_background_hover_image":{"url":"","id":"","size":""},"_background_hover_video_fallback":{"url":"","id":"","size":""},"_background_hover_slideshow_gallery":[],"_mask_image":{"url":"","id":"","size":""}},"elements":[],"isInner":false,"widgetType":"heading","elType":"widget","htmlCache":"\t\t<div class=\"elementor-widget-container\">\n\t\t\t\t\t<h4 class=\"elementor-heading-title elementor-size-default\">Our Core Values<\/h4>\t\t\t\t<\/div>\n\t\t"},{"id":"1a699801","settings":{"weight":{"unit":"px","size":3},"width":{"unit":"%","size":10},"align":"left","gap":{"unit":"px","size":0},"width_mobile":{"unit":"%","size":15},"align_mobile":"left","text":"Divider","__globals__":{"color":"globals\/colors?id=astglobalcolor0"},"icon":{"value":"fas fa-star","library":"fa-solid"},"_background_image":{"url":"","id":"","size":""},"_background_video_fallback":{"url":"","id":"","size":""},"_background_slideshow_gallery":[],"_background_hover_image":{"url":"","id":"","size":""},"_background_hover_video_fallback":{"url":"","id":"","size":""},"_background_hover_slideshow_gallery":[],"_mask_image":{"url":"","id":"","size":""}},"elements":[],"isInner":false,"widgetType":"divider","elType":"widget","htmlCache":"\t\t<div class=\"elementor-widget-container\">\n\t\t\t\t\t\t\t<div class=\"elementor-divider\">\n\t\t\t<span class=\"elementor-divider-separator\">\n\t\t\t\t\t\t<\/span>\n\t\t<\/div>\n\t\t\t\t\t\t<\/div>\n\t\t"},{"id":"745700f1","settings":{"_padding":{"unit":"px","top":"0","right":"0","bottom":"0","left":"0","isLinked":false},"align_mobile":"left","_padding_mobile":{"unit":"px","top":"0","right":"0","bottom":"0","left":"0","isLinked":false},"editor":"Lorem ipsum dolor sit amet, consectetur adipiscing elit. Ut elit tellus, luctus nec ullamcorper mattis, pulvinar dapibus leo.","_background_image":{"url":"","id":"","size":""},"_background_video_fallback":{"url":"","id":"","size":""},"_background_slideshow_gallery":[],"_background_hover_image":{"url":"","id":"","size":""},"_background_hover_video_fallback":{"url":"","id":"","size":""},"_background_hover_slideshow_gallery":[],"_mask_image":{"url":"","id":"","size":""}},"elements":[],"isInner":false,"widgetType":"text-editor","elType":"widget","htmlCache":"\t\t<div class=\"elementor-widget-container\">\n\t\t\t\t\t\t\t\t\tLorem ipsum dolor sit amet, consectetur adipiscing elit. Ut elit tellus, luctus nec ullamcorper mattis, pulvinar dapibus leo.\t\t\t\t\t\t\t\t<\/div>\n\t\t"},{"id":"20e6e846","settings":{"icon_list":[{"text":"Locavit liberioris possedit","icon":"fa fa-minus","_id":"cd48abc","link":{"url":"","is_external":"","nofollow":"","custom_attributes":""},"selected_icon":{"value":"fas fa-minus","library":"fa-solid"},"__fa4_migrated":{"selected_icon":true}},{"text":"Diremit mundi mare undae","icon":"fa fa-minus","_id":"670c158","link":{"url":"","is_external":"","nofollow":"","custom_attributes":""},"selected_icon":{"value":"fas fa-minus","library":"fa-solid"},"__fa4_migrated":{"selected_icon":true}},{"text":"Spectent tonitrua mutastis","icon":"fa fa-minus","_id":"a2a8a49","link":{"url":"","is_external":"","nofollow":"","custom_attributes":""},"selected_icon":{"value":"fas fa-minus","library":"fa-solid"},"__fa4_migrated":{"selected_icon":true}}],"space_between":{"unit":"px","size":8},"text_indent":{"unit":"px","size":10},"icon_typography_font_size":{"unit":"px","size":""},"icon_typography_font_size_mobile":{"unit":"px","size":""},"_padding_mobile":{"unit":"px","top":"0","right":"0","bottom":"0","left":"0","isLinked":true},"__globals__":{"icon_color":"globals\/colors?id=astglobalcolor0","text_color":"globals\/colors?id=astglobalcolor2"},"_background_image":{"url":"","id":"","size":""},"_background_video_fallback":{"url":"","id":"","size":""},"_background_slideshow_gallery":[],"_background_hover_image":{"url":"","id":"","size":""},"_background_hover_video_fallback":{"url":"","id":"","size":""},"_background_hover_slideshow_gallery":[],"_mask_image":{"url":"","id":"","size":""}},"elements":[],"isInner":false,"widgetType":"icon-list","elType":"widget","htmlCache":"\t\t<div class=\"elementor-widget-container\">\n\t\t\t\t\t\t\t<ul class=\"elementor-icon-list-items\">\n\t\t\t\t\t\t\t<li class=\"elementor-icon-list-item\">\n\t\t\t\t\t\t\t\t\t\t\t<span class=\"elementor-icon-list-icon\">\n\t\t\t\t\t\t\t<i aria-hidden=\"true\" class=\"fas fa-minus\"><\/i>\t\t\t\t\t\t<\/span>\n\t\t\t\t\t\t\t\t\t\t<span class=\"elementor-icon-list-text\">Locavit liberioris possedit<\/span>\n\t\t\t\t\t\t\t\t\t<\/li>\n\t\t\t\t\t\t\t\t<li class=\"elementor-icon-list-item\">\n\t\t\t\t\t\t\t\t\t\t\t<span class=\"elementor-icon-list-icon\">\n\t\t\t\t\t\t\t<i aria-hidden=\"true\" class=\"fas fa-minus\"><\/i>\t\t\t\t\t\t<\/span>\n\t\t\t\t\t\t\t\t\t\t<span class=\"elementor-icon-list-text\">Diremit mundi mare undae<\/span>\n\t\t\t\t\t\t\t\t\t<\/li>\n\t\t\t\t\t\t\t\t<li class=\"elementor-icon-list-item\">\n\t\t\t\t\t\t\t\t\t\t\t<span class=\"elementor-icon-list-icon\">\n\t\t\t\t\t\t\t<i aria-hidden=\"true\" class=\"fas fa-minus\"><\/i>\t\t\t\t\t\t<\/span>\n\t\t\t\t\t\t\t\t\t\t<span class=\"elementor-icon-list-text\">Spectent tonitrua mutastis<\/span>\n\t\t\t\t\t\t\t\t\t<\/li>\n\t\t\t\t\t\t<\/ul>\n\t\t\t\t\t\t<\/div>\n\t\t"}],"isInner":true,"elType":"container"}],"isInner":false,"elType":"container"}],"settings":{"template":"default","astra_sites_main_color":"var(--ast-global-color-0)","astra_sites_heading_base_color":"var(--ast-global-color-2)","astra_sites_link_color":"var(--ast-global-color-0)","astra_sites_link_hover_color":"var(--ast-global-color-1)","astra_sites_text_color":"var(--ast-global-color-3)","astra_sites_body_typography":"custom","astra_sites_body_font_size":{"unit":"px","size":16},"astra_sites_body_font_size_mobile":{"unit":"px","size":15},"astra_sites_body_line_height":{"unit":"em","size":1.7},"astra_sites_body_font_family":"Noto Sans","astra_sites_body_font_weight":"400","astra_sites_heading_1_typography":"custom","astra_sites_heading_1_font_size":{"unit":"px","size":64},"astra_sites_heading_1_font_size_tablet":{"unit":"px","size":44},"astra_sites_heading_1_font_size_mobile":{"unit":"px","size":30},"astra_sites_default_heading_font_family":"'Montserrat', sans-serif","astra_sites_heading_1_font_family":"'Montserrat'","astra_sites_heading_1_font_weight":"700","astra_sites_heading_1_text_transform":"uppercase","astra_sites_heading_2_typography":"custom","astra_sites_heading_2_font_size":{"unit":"px","size":34},"astra_sites_heading_2_font_size_tablet":{"unit":"px","size":32},"astra_sites_heading_2_font_size_mobile":{"unit":"px","size":24},"astra_sites_heading_2_line_height":{"unit":"em","size":1.4},"astra_sites_heading_2_font_family":"'Montserrat'","astra_sites_heading_2_font_weight":"700","astra_sites_heading_2_text_transform":"uppercase","astra_sites_heading_3_typography":"custom","astra_sites_heading_3_font_size":{"unit":"px","size":24},"astra_sites_heading_3_font_family":"'Montserrat'","astra_sites_heading_3_font_weight":"700","astra_sites_heading_4_typography":"custom","astra_sites_heading_4_font_size":{"unit":"px","size":20},"astra_sites_heading_4_font_size_mobile":{"unit":"px","size":19},"astra_sites_heading_4_font_family":"'Montserrat'","astra_sites_heading_4_font_weight":"700","astra_sites_heading_5_typography":"custom","astra_sites_heading_5_font_size":{"unit":"px","size":18},"astra_sites_heading_5_font_size_mobile":{"unit":"px","size":16},"astra_sites_heading_5_font_family":"'Montserrat'","astra_sites_heading_5_font_weight":"700","astra_sites_heading_6_typography":"custom","astra_sites_heading_6_font_size":{"unit":"px","size":15},"astra_sites_heading_6_font_size_mobile":{"unit":"px","size":15},"astra_sites_heading_6_font_family":"'Montserrat'","astra_sites_heading_6_font_weight":"700","astra_sites_page_setting_enable":""},"metadata":{"site-sidebar-layout":"no-sidebar","site-content-layout":"page-builder","theme-transparent-header-meta":"enabled","site-post-title":"disabled","ast-title-bar-display":"disabled","ast-featured-img":"disabled","astra-main-page-id":"23827","ast_self_id_23827":"1","ast-site-content-layout":"full-width-container","site-content-style":"unboxed","site-sidebar-style":"unboxed","astra-migrate-meta-layouts":"set"}}