{"content":[{"id":"2658b254","settings":{"background_background":"classic","background_image":{"id":"194","url":"https:\/\/limitless.dev.ananass.fr\/wp-content\/uploads\/2018\/11\/services-bg.jpg"},"background_position":"center center","background_repeat":"no-repeat","background_size":"cover","background_overlay_background":"classic","background_overlay_opacity":{"unit":"px","size":0.4},"padding":{"unit":"px","top":"230","right":"0","bottom":"230","left":"0","isLinked":false},"padding_tablet":{"unit":"px","top":"100","right":"50","bottom":"100","left":"50","isLinked":false},"padding_mobile":{"unit":"px","top":"90","right":"20","bottom":"90","left":"20","isLinked":false},"__globals__":{"background_overlay_color":"globals\/colors?id=astglobalcolor7"},"boxed_width":{"unit":"px","size":800,"sizes":[]},"flex_direction":"row","flex_align_items":"stretch","flex_gap":{"size":0,"unit":"px","column":"0","row":"0","isLinked":true},"background_video_fallback":{"url":"","id":"","size":""},"background_slideshow_gallery":[],"background_hover_image":{"url":"","id":"","size":""},"background_hover_video_fallback":{"url":"","id":"","size":""},"background_hover_slideshow_gallery":[],"background_overlay_image":{"url":"","id":"","size":""},"background_overlay_video_fallback":{"url":"","id":"","size":""},"background_overlay_slideshow_gallery":[],"background_overlay_hover_image":{"url":"","id":"","size":""},"background_overlay_hover_video_fallback":{"url":"","id":"","size":""},"background_overlay_hover_slideshow_gallery":[]},"elements":[{"id":"3ac3c4bb","settings":{"_column_size":100,"width":{"size":100,"unit":"%"},"content_width":"full","background_image":{"url":"","id":"","size":""},"background_video_fallback":{"url":"","id":"","size":""},"background_slideshow_gallery":[],"background_hover_image":{"url":"","id":"","size":""},"background_hover_video_fallback":{"url":"","id":"","size":""},"background_hover_slideshow_gallery":[],"background_overlay_image":{"url":"","id":"","size":""},"background_overlay_video_fallback":{"url":"","id":"","size":""},"background_overlay_slideshow_gallery":[],"background_overlay_hover_image":{"url":"","id":"","size":""},"background_overlay_hover_video_fallback":{"url":"","id":"","size":""},"background_overlay_hover_slideshow_gallery":[]},"elements":[{"id":"173e7c8","settings":{"title":"Services","header_size":"h1","align":"center","__globals__":{"title_color":""},"title_color":"#FFFFFF","_background_image":{"url":"","id":"","size":""},"_background_video_fallback":{"url":"","id":"","size":""},"_background_slideshow_gallery":[],"_background_hover_image":{"url":"","id":"","size":""},"_background_hover_video_fallback":{"url":"","id":"","size":""},"_background_hover_slideshow_gallery":[],"_mask_image":{"url":"","id":"","size":""}},"elements":[],"isInner":false,"widgetType":"heading","elType":"widget","htmlCache":"\t\t<div class=\"elementor-widget-container\">\n\t\t\t\t\t<h1 class=\"elementor-heading-title elementor-size-default\">Services<\/h1>\t\t\t\t<\/div>\n\t\t"}],"isInner":true,"elType":"container"}],"isInner":false,"elType":"container"},{"id":"5454b58e","settings":{"padding":{"unit":"px","top":"90","right":"0","bottom":"50","left":"0","isLinked":false},"padding_tablet":{"unit":"px","top":"60","right":"50","bottom":"50","left":"50","isLinked":false},"padding_mobile":{"unit":"px","top":"60","right":"20","bottom":"40","left":"20","isLinked":false},"boxed_width":{"unit":"px","size":800,"sizes":[]},"flex_direction":"row","flex_align_items":"stretch","flex_gap":{"size":0,"unit":"px","column":"0","row":"0","isLinked":true},"background_image":{"url":"","id":"","size":""},"background_video_fallback":{"url":"","id":"","size":""},"background_slideshow_gallery":[],"background_hover_image":{"url":"","id":"","size":""},"background_hover_video_fallback":{"url":"","id":"","size":""},"background_hover_slideshow_gallery":[],"background_overlay_image":{"url":"","id":"","size":""},"background_overlay_video_fallback":{"url":"","id":"","size":""},"background_overlay_slideshow_gallery":[],"background_overlay_hover_image":{"url":"","id":"","size":""},"background_overlay_hover_video_fallback":{"url":"","id":"","size":""},"background_overlay_hover_slideshow_gallery":[]},"elements":[{"id":"4afb4ebc","settings":{"_column_size":100,"width":{"size":100,"unit":"%"},"width_tablet":{"size":100,"unit":"%"},"padding_mobile":{"unit":"px","top":"0","right":"0","bottom":"0","left":"0","isLinked":true},"content_width":"full","background_image":{"url":"","id":"","size":""},"background_video_fallback":{"url":"","id":"","size":""},"background_slideshow_gallery":[],"background_hover_image":{"url":"","id":"","size":""},"background_hover_video_fallback":{"url":"","id":"","size":""},"background_hover_slideshow_gallery":[],"background_overlay_image":{"url":"","id":"","size":""},"background_overlay_video_fallback":{"url":"","id":"","size":""},"background_overlay_slideshow_gallery":[],"background_overlay_hover_image":{"url":"","id":"","size":""},"background_overlay_hover_video_fallback":{"url":"","id":"","size":""},"background_overlay_hover_slideshow_gallery":[]},"elements":[{"id":"63b87778","settings":{"title":"It's Time to Start Your Adventures","align":"center","typography_letter_spacing":{"unit":"px","size":""},"typography_line_height":{"unit":"em","size":""},"_background_image":{"url":"","id":"","size":""},"_background_video_fallback":{"url":"","id":"","size":""},"_background_slideshow_gallery":[],"_background_hover_image":{"url":"","id":"","size":""},"_background_hover_video_fallback":{"url":"","id":"","size":""},"_background_hover_slideshow_gallery":[],"_mask_image":{"url":"","id":"","size":""}},"elements":[],"isInner":false,"widgetType":"heading","elType":"widget","htmlCache":"\t\t<div class=\"elementor-widget-container\">\n\t\t\t\t\t<h2 class=\"elementor-heading-title elementor-size-default\">It's Time to Start Your Adventures<\/h2>\t\t\t\t<\/div>\n\t\t"},{"id":"8a2eb59","settings":{"weight":{"unit":"px","size":3},"width":{"unit":"%","size":12},"align":"center","gap":{"unit":"px","size":0},"width_mobile":{"unit":"%","size":17},"text":"Divider","__globals__":{"color":"globals\/colors?id=astglobalcolor0"},"icon":{"value":"fas fa-star","library":"fa-solid"},"_background_image":{"url":"","id":"","size":""},"_background_video_fallback":{"url":"","id":"","size":""},"_background_slideshow_gallery":[],"_background_hover_image":{"url":"","id":"","size":""},"_background_hover_video_fallback":{"url":"","id":"","size":""},"_background_hover_slideshow_gallery":[],"_mask_image":{"url":"","id":"","size":""}},"elements":[],"isInner":false,"widgetType":"divider","elType":"widget","htmlCache":"\t\t<div class=\"elementor-widget-container\">\n\t\t\t\t\t\t\t<div class=\"elementor-divider\">\n\t\t\t<span class=\"elementor-divider-separator\">\n\t\t\t\t\t\t<\/span>\n\t\t<\/div>\n\t\t\t\t\t\t<\/div>\n\t\t"},{"id":"6a85a65a","settings":{"editor":"Click edit button to change this text. Lorem ipsum dolor sit amet, consectetur adipiscing elit. Ut elit tellus, luctus ullamcorpe pulvinar.","_padding":{"unit":"px","top":"0","right":"0","bottom":"0","left":"0","isLinked":false},"align":"center","_padding_tablet":{"unit":"px","top":"0","right":"80","bottom":"0","left":"80","isLinked":false},"_padding_mobile":{"unit":"px","top":"0","right":"0","bottom":"0","left":"0","isLinked":false},"_background_image":{"url":"","id":"","size":""},"_background_video_fallback":{"url":"","id":"","size":""},"_background_slideshow_gallery":[],"_background_hover_image":{"url":"","id":"","size":""},"_background_hover_video_fallback":{"url":"","id":"","size":""},"_background_hover_slideshow_gallery":[],"_mask_image":{"url":"","id":"","size":""}},"elements":[],"isInner":false,"widgetType":"text-editor","elType":"widget","htmlCache":"\t\t<div class=\"elementor-widget-container\">\n\t\t\t\t\t\t\t\t\tClick edit button to change this text. Lorem ipsum dolor sit amet, consectetur adipiscing elit. Ut elit tellus, luctus ullamcorpe pulvinar.\t\t\t\t\t\t\t\t<\/div>\n\t\t"}],"isInner":true,"elType":"container"}],"isInner":false,"elType":"container"},{"id":"4ccc793","settings":{"structure":"20","padding_tablet":{"unit":"px","top":"0","right":"50","bottom":"40","left":"50","isLinked":false},"padding":{"unit":"px","top":"0","right":"0","bottom":"40","left":"0","isLinked":false},"padding_mobile":{"unit":"px","top":"0","right":"20","bottom":"0","left":"20","isLinked":false},"flex_direction":"row","flex_align_items":"stretch","flex_gap":{"size":0,"unit":"px","column":"0","row":"0","isLinked":true},"boxed_width":{"unit":"px","size":1140,"sizes":[]},"background_image":{"url":"","id":"","size":""},"background_video_fallback":{"url":"","id":"","size":""},"background_slideshow_gallery":[],"background_hover_image":{"url":"","id":"","size":""},"background_hover_video_fallback":{"url":"","id":"","size":""},"background_hover_slideshow_gallery":[],"background_overlay_image":{"url":"","id":"","size":""},"background_overlay_video_fallback":{"url":"","id":"","size":""},"background_overlay_slideshow_gallery":[],"background_overlay_hover_image":{"url":"","id":"","size":""},"background_overlay_hover_video_fallback":{"url":"","id":"","size":""},"background_overlay_hover_slideshow_gallery":[]},"elements":[{"id":"54919b1d","settings":{"_column_size":50,"width":{"size":50,"unit":"%"},"width_tablet":{"size":50,"unit":"%"},"padding_mobile":{"unit":"px","top":"0","right":"0","bottom":"0","left":"0","isLinked":false},"padding_tablet":{"unit":"px","top":"0","right":"0","bottom":"0","left":"0","isLinked":false},"content_width":"full","background_image":{"url":"","id":"","size":""},"background_video_fallback":{"url":"","id":"","size":""},"background_slideshow_gallery":[],"background_hover_image":{"url":"","id":"","size":""},"background_hover_video_fallback":{"url":"","id":"","size":""},"background_hover_slideshow_gallery":[],"background_overlay_image":{"url":"","id":"","size":""},"background_overlay_video_fallback":{"url":"","id":"","size":""},"background_overlay_slideshow_gallery":[],"background_overlay_hover_image":{"url":"","id":"","size":""},"background_overlay_hover_video_fallback":{"url":"","id":"","size":""},"background_overlay_hover_slideshow_gallery":[]},"elements":[{"id":"20b5c3ca","settings":{"image":{"id":"539","url":"https:\/\/limitless.dev.ananass.fr\/wp-content\/uploads\/2021\/02\/outdoor-image-03.jpg"},"width":{"unit":"%","size":88},"css_filters_css_filter":"custom","css_filters_brightness":{"unit":"px","size":103},"css_filters_contrast":{"unit":"px","size":96},"css_filters_saturate":{"unit":"px","size":81},"css_filters_hue":{"unit":"px","size":336},"image_border_radius":{"unit":"px","top":"4","right":"4","bottom":"4","left":"4","isLinked":true},"image_box_shadow_box_shadow_type":"yes","image_box_shadow_box_shadow":{"horizontal":10,"vertical":10,"blur":0,"spread":1,"color":"rgba(0,0,0,0.07)"},"width_mobile":{"unit":"%","size":100,"sizes":[]},"_padding_mobile":{"unit":"px","top":"0","right":"10","bottom":"0","left":"0","isLinked":false},"_background_image":{"url":"","id":"","size":""},"_background_video_fallback":{"url":"","id":"","size":""},"_background_slideshow_gallery":[],"_background_hover_image":{"url":"","id":"","size":""},"_background_hover_video_fallback":{"url":"","id":"","size":""},"_background_hover_slideshow_gallery":[],"_mask_image":{"url":"","id":"","size":""}},"elements":[],"isInner":false,"widgetType":"image","elType":"widget","htmlCache":"\t\t<div class=\"elementor-widget-container\">\n\t\t\t\t\t\t\t\t\t\t\t\t\t\t\t<img width=\"644\" height=\"402\" src=\"https:\/\/limitless.dev.ananass.fr\/wp-content\/uploads\/2021\/02\/outdoor-image-03.jpg\" class=\"attachment-large size-large wp-image-539\" alt=\"\" srcset=\"https:\/\/limitless.dev.ananass.fr\/wp-content\/uploads\/2021\/02\/outdoor-image-03.jpg 644w, https:\/\/limitless.dev.ananass.fr\/wp-content\/uploads\/2021\/02\/outdoor-image-03-300x187.jpg 300w\" sizes=\"(max-width: 644px) 100vw, 644px\" \/>\t\t\t\t\t\t\t\t\t\t\t\t\t\t\t<\/div>\n\t\t"},{"id":"5828f25a","settings":{"infocard_title":"Backpacking Trips","infocard_description":"Fuerat aestu carentem habentia spectent tonitrua mutastis locavit liberioris inistra possedit.","infocard_cta_type":"none","infocard_link_text":"Read More","infocard_button_text":"Click Here","infocard_title_tag":"h5","infocard_title_margin":{"unit":"px","top":"27","right":"0","bottom":"10","left":"0","isLinked":false},"infocard_title_margin_tablet":{"unit":"px","top":"10","right":"0","bottom":"10","left":"0","isLinked":false},"infocard_desc_margin":{"unit":"px","top":"0","right":"40","bottom":"0","left":"40","isLinked":false},"infocard_desc_margin_tablet":{"unit":"px","top":"0","right":"35","bottom":"0","left":"35","isLinked":false},"infocard_select_icon":{"value":"","library":"fa-solid"},"btn_background_color_image":{"url":"","id":"","size":""},"btn_background_color_video_fallback":{"url":"","id":"","size":""},"btn_background_color_slideshow_gallery":[],"infocard_button_hover_bgcolor_image":{"url":"","id":"","size":""},"infocard_button_hover_bgcolor_video_fallback":{"url":"","id":"","size":""},"infocard_button_hover_bgcolor_slideshow_gallery":[],"_background_image":{"url":"","id":"","size":""},"_background_video_fallback":{"url":"","id":"","size":""},"_background_slideshow_gallery":[],"_background_hover_image":{"url":"","id":"","size":""},"_background_hover_video_fallback":{"url":"","id":"","size":""},"_background_hover_slideshow_gallery":[],"_mask_image":{"url":"","id":"","size":""}},"elements":[],"isInner":false,"widgetType":"hfe-infocard","elType":"widget","htmlCache":"\t\t<div class=\"elementor-widget-container\">\n\t\t\t\t\t\n\t\t<div class=\"hfe-infocard\">\n\t\t\t\t\t\t\t\t\t<div class=\"hfe-infocard-title-wrap\">\n\t\t\t\t<h5 class=\"hfe-infocard-title elementor-inline-editing\" data-elementor-setting-key=\"infocard_title\" data-elementor-inline-editing-toolbar=\"basic\" >Backpacking Trips<\/h5>\t\t\t<\/div>\n\t\t\t\t\t\t<div class=\"hfe-infocard-text-wrap\">\n\t\t\t\t<div class=\"hfe-infocard-text elementor-inline-editing\" data-elementor-setting-key=\"infocard_description\" data-elementor-inline-editing-toolbar=\"advanced\">\n\t\t\t\t\tFuerat aestu carentem habentia spectent tonitrua mutastis locavit liberioris inistra possedit.\t\t\t\t<\/div>\n\t\t\t\t\t\t\t<\/div>\n\t\t<\/div>\n\n\t\t\t\t\t\t<\/div>\n\t\t"}],"isInner":true,"elType":"container"},{"id":"1c396342","settings":{"_column_size":50,"width":{"size":50,"unit":"%"},"width_tablet":{"size":50,"unit":"%"},"margin_mobile":{"unit":"px","top":"50","right":"0","bottom":"0","left":"0","isLinked":false},"padding_mobile":{"unit":"px","top":"0","right":"0","bottom":"0","left":"0","isLinked":false},"padding_tablet":{"unit":"px","top":"0","right":"0","bottom":"0","left":"0","isLinked":false},"content_width":"full","background_image":{"url":"","id":"","size":""},"background_video_fallback":{"url":"","id":"","size":""},"background_slideshow_gallery":[],"background_hover_image":{"url":"","id":"","size":""},"background_hover_video_fallback":{"url":"","id":"","size":""},"background_hover_slideshow_gallery":[],"background_overlay_image":{"url":"","id":"","size":""},"background_overlay_video_fallback":{"url":"","id":"","size":""},"background_overlay_slideshow_gallery":[],"background_overlay_hover_image":{"url":"","id":"","size":""},"background_overlay_hover_video_fallback":{"url":"","id":"","size":""},"background_overlay_hover_slideshow_gallery":[]},"elements":[{"id":"21bd2e80","settings":{"image":{"id":"94","url":"https:\/\/limitless.dev.ananass.fr\/wp-content\/uploads\/2018\/11\/services-2.jpg"},"width":{"unit":"%","size":88},"css_filters_css_filter":"custom","css_filters_brightness":{"unit":"px","size":103},"css_filters_contrast":{"unit":"px","size":96},"css_filters_saturate":{"unit":"px","size":81},"css_filters_hue":{"unit":"px","size":336},"image_border_radius":{"unit":"px","top":"4","right":"4","bottom":"4","left":"4","isLinked":true},"image_box_shadow_box_shadow_type":"yes","image_box_shadow_box_shadow":{"horizontal":10,"vertical":10,"blur":0,"spread":1,"color":"rgba(0,0,0,0.07)"},"width_mobile":{"unit":"%","size":100,"sizes":[]},"_padding_mobile":{"unit":"px","top":"0","right":"10","bottom":"0","left":"0","isLinked":false},"_background_image":{"url":"","id":"","size":""},"_background_video_fallback":{"url":"","id":"","size":""},"_background_slideshow_gallery":[],"_background_hover_image":{"url":"","id":"","size":""},"_background_hover_video_fallback":{"url":"","id":"","size":""},"_background_hover_slideshow_gallery":[],"_mask_image":{"url":"","id":"","size":""}},"elements":[],"isInner":false,"widgetType":"image","elType":"widget","htmlCache":"\t\t<div class=\"elementor-widget-container\">\n\t\t\t\t\t\t\t\t\t\t\t\t\t\t\t<img width=\"644\" height=\"402\" src=\"https:\/\/limitless.dev.ananass.fr\/wp-content\/uploads\/2018\/11\/services-2.jpg\" class=\"attachment-large size-large wp-image-94\" alt=\"\" \/>\t\t\t\t\t\t\t\t\t\t\t\t\t\t\t<\/div>\n\t\t"},{"id":"68ccdd5b","settings":{"infocard_title":"Family Hiking Trips","infocard_description":"Fuerat aestu carentem habentia spectent tonitrua mutastis locavit liberioris inistra possedit.","infocard_cta_type":"none","infocard_link_text":"Read More","infocard_button_text":"Click Here","infocard_title_tag":"h5","infocard_title_margin":{"unit":"px","top":"27","right":"0","bottom":"10","left":"0","isLinked":false},"infocard_title_margin_tablet":{"unit":"px","top":"10","right":"0","bottom":"10","left":"0","isLinked":false},"infocard_desc_margin":{"unit":"px","top":"0","right":"40","bottom":"0","left":"40","isLinked":false},"infocard_desc_margin_tablet":{"unit":"px","top":"0","right":"35","bottom":"0","left":"35","isLinked":false},"infocard_select_icon":{"value":"","library":"fa-solid"},"btn_background_color_image":{"url":"","id":"","size":""},"btn_background_color_video_fallback":{"url":"","id":"","size":""},"btn_background_color_slideshow_gallery":[],"infocard_button_hover_bgcolor_image":{"url":"","id":"","size":""},"infocard_button_hover_bgcolor_video_fallback":{"url":"","id":"","size":""},"infocard_button_hover_bgcolor_slideshow_gallery":[],"_background_image":{"url":"","id":"","size":""},"_background_video_fallback":{"url":"","id":"","size":""},"_background_slideshow_gallery":[],"_background_hover_image":{"url":"","id":"","size":""},"_background_hover_video_fallback":{"url":"","id":"","size":""},"_background_hover_slideshow_gallery":[],"_mask_image":{"url":"","id":"","size":""}},"elements":[],"isInner":false,"widgetType":"hfe-infocard","elType":"widget","htmlCache":"\t\t<div class=\"elementor-widget-container\">\n\t\t\t\t\t\n\t\t<div class=\"hfe-infocard\">\n\t\t\t\t\t\t\t\t\t<div class=\"hfe-infocard-title-wrap\">\n\t\t\t\t<h5 class=\"hfe-infocard-title elementor-inline-editing\" data-elementor-setting-key=\"infocard_title\" data-elementor-inline-editing-toolbar=\"basic\" >Family Hiking Trips<\/h5>\t\t\t<\/div>\n\t\t\t\t\t\t<div class=\"hfe-infocard-text-wrap\">\n\t\t\t\t<div class=\"hfe-infocard-text elementor-inline-editing\" data-elementor-setting-key=\"infocard_description\" data-elementor-inline-editing-toolbar=\"advanced\">\n\t\t\t\t\tFuerat aestu carentem habentia spectent tonitrua mutastis locavit liberioris inistra possedit.\t\t\t\t<\/div>\n\t\t\t\t\t\t\t<\/div>\n\t\t<\/div>\n\n\t\t\t\t\t\t<\/div>\n\t\t"}],"isInner":true,"elType":"container"}],"isInner":false,"elType":"container"},{"id":"7793b12","settings":{"structure":"20","padding_tablet":{"unit":"px","top":"0","right":"50","bottom":"60","left":"50","isLinked":false},"padding":{"unit":"px","top":"0","right":"0","bottom":"120","left":"0","isLinked":false},"margin_mobile":{"unit":"px","top":"50","right":0,"bottom":"0","left":0,"isLinked":false},"padding_mobile":{"unit":"px","top":"0","right":"20","bottom":"0","left":"20","isLinked":false},"flex_direction":"row","flex_align_items":"stretch","flex_gap":{"size":0,"unit":"px","column":"0","row":"0","isLinked":true},"boxed_width":{"unit":"px","size":1140,"sizes":[]},"background_image":{"url":"","id":"","size":""},"background_video_fallback":{"url":"","id":"","size":""},"background_slideshow_gallery":[],"background_hover_image":{"url":"","id":"","size":""},"background_hover_video_fallback":{"url":"","id":"","size":""},"background_hover_slideshow_gallery":[],"background_overlay_image":{"url":"","id":"","size":""},"background_overlay_video_fallback":{"url":"","id":"","size":""},"background_overlay_slideshow_gallery":[],"background_overlay_hover_image":{"url":"","id":"","size":""},"background_overlay_hover_video_fallback":{"url":"","id":"","size":""},"background_overlay_hover_slideshow_gallery":[]},"elements":[{"id":"6ca7c015","settings":{"_column_size":50,"width":{"size":50,"unit":"%"},"width_tablet":{"size":50,"unit":"%"},"padding_mobile":{"unit":"px","top":"0","right":"0","bottom":"0","left":"0","isLinked":false},"margin_mobile":{"unit":"px","top":"0","right":"0","bottom":"0","left":"0","isLinked":false},"padding_tablet":{"unit":"px","top":"0","right":"0","bottom":"0","left":"0","isLinked":false},"content_width":"full","background_image":{"url":"","id":"","size":""},"background_video_fallback":{"url":"","id":"","size":""},"background_slideshow_gallery":[],"background_hover_image":{"url":"","id":"","size":""},"background_hover_video_fallback":{"url":"","id":"","size":""},"background_hover_slideshow_gallery":[],"background_overlay_image":{"url":"","id":"","size":""},"background_overlay_video_fallback":{"url":"","id":"","size":""},"background_overlay_slideshow_gallery":[],"background_overlay_hover_image":{"url":"","id":"","size":""},"background_overlay_hover_video_fallback":{"url":"","id":"","size":""},"background_overlay_hover_slideshow_gallery":[]},"elements":[{"id":"66b68a9c","settings":{"image":{"id":"99","url":"https:\/\/limitless.dev.ananass.fr\/wp-content\/uploads\/2018\/11\/services-3.jpg"},"width":{"unit":"%","size":88},"css_filters_css_filter":"custom","css_filters_brightness":{"unit":"px","size":103},"css_filters_contrast":{"unit":"px","size":96},"css_filters_saturate":{"unit":"px","size":81},"css_filters_hue":{"unit":"px","size":336},"image_border_radius":{"unit":"px","top":"4","right":"4","bottom":"4","left":"4","isLinked":true},"image_box_shadow_box_shadow_type":"yes","image_box_shadow_box_shadow":{"horizontal":10,"vertical":10,"blur":0,"spread":1,"color":"rgba(0,0,0,0.07)"},"width_mobile":{"unit":"%","size":100,"sizes":[]},"_padding_mobile":{"unit":"px","top":"0","right":"10","bottom":"0","left":"0","isLinked":false},"_background_image":{"url":"","id":"","size":""},"_background_video_fallback":{"url":"","id":"","size":""},"_background_slideshow_gallery":[],"_background_hover_image":{"url":"","id":"","size":""},"_background_hover_video_fallback":{"url":"","id":"","size":""},"_background_hover_slideshow_gallery":[],"_mask_image":{"url":"","id":"","size":""}},"elements":[],"isInner":false,"widgetType":"image","elType":"widget","htmlCache":"\t\t<div class=\"elementor-widget-container\">\n\t\t\t\t\t\t\t\t\t\t\t\t\t\t\t<img width=\"644\" height=\"402\" src=\"https:\/\/limitless.dev.ananass.fr\/wp-content\/uploads\/2018\/11\/services-3.jpg\" class=\"attachment-large size-large wp-image-99\" alt=\"\" \/>\t\t\t\t\t\t\t\t\t\t\t\t\t\t\t<\/div>\n\t\t"},{"id":"196fbea1","settings":{"infocard_title":"Water Sports","infocard_description":"Fuerat aestu carentem habentia spectent tonitrua mutastis locavit liberioris inistra possedit.","infocard_cta_type":"none","infocard_link_text":"Read More","infocard_button_text":"Click Here","infocard_title_tag":"h5","infocard_title_margin":{"unit":"px","top":"27","right":"0","bottom":"10","left":"0","isLinked":false},"infocard_title_margin_tablet":{"unit":"px","top":"10","right":"0","bottom":"10","left":"0","isLinked":false},"infocard_desc_margin":{"unit":"px","top":"0","right":"40","bottom":"0","left":"40","isLinked":false},"infocard_desc_margin_tablet":{"unit":"px","top":"0","right":"35","bottom":"0","left":"35","isLinked":false},"infocard_select_icon":{"value":"","library":"fa-solid"},"btn_background_color_image":{"url":"","id":"","size":""},"btn_background_color_video_fallback":{"url":"","id":"","size":""},"btn_background_color_slideshow_gallery":[],"infocard_button_hover_bgcolor_image":{"url":"","id":"","size":""},"infocard_button_hover_bgcolor_video_fallback":{"url":"","id":"","size":""},"infocard_button_hover_bgcolor_slideshow_gallery":[],"_background_image":{"url":"","id":"","size":""},"_background_video_fallback":{"url":"","id":"","size":""},"_background_slideshow_gallery":[],"_background_hover_image":{"url":"","id":"","size":""},"_background_hover_video_fallback":{"url":"","id":"","size":""},"_background_hover_slideshow_gallery":[],"_mask_image":{"url":"","id":"","size":""}},"elements":[],"isInner":false,"widgetType":"hfe-infocard","elType":"widget","htmlCache":"\t\t<div class=\"elementor-widget-container\">\n\t\t\t\t\t\n\t\t<div class=\"hfe-infocard\">\n\t\t\t\t\t\t\t\t\t<div class=\"hfe-infocard-title-wrap\">\n\t\t\t\t<h5 class=\"hfe-infocard-title elementor-inline-editing\" data-elementor-setting-key=\"infocard_title\" data-elementor-inline-editing-toolbar=\"basic\" >Water Sports<\/h5>\t\t\t<\/div>\n\t\t\t\t\t\t<div class=\"hfe-infocard-text-wrap\">\n\t\t\t\t<div class=\"hfe-infocard-text elementor-inline-editing\" data-elementor-setting-key=\"infocard_description\" data-elementor-inline-editing-toolbar=\"advanced\">\n\t\t\t\t\tFuerat aestu carentem habentia spectent tonitrua mutastis locavit liberioris inistra possedit.\t\t\t\t<\/div>\n\t\t\t\t\t\t\t<\/div>\n\t\t<\/div>\n\n\t\t\t\t\t\t<\/div>\n\t\t"}],"isInner":true,"elType":"container"},{"id":"28f6e8dc","settings":{"_column_size":50,"width":{"size":50,"unit":"%"},"width_tablet":{"size":50,"unit":"%"},"margin_mobile":{"unit":"px","top":"50","right":"0","bottom":"0","left":"0","isLinked":false},"padding_mobile":{"unit":"px","top":"0","right":"0","bottom":"0","left":"0","isLinked":false},"padding_tablet":{"unit":"px","top":"0","right":"0","bottom":"0","left":"0","isLinked":false},"content_width":"full","background_image":{"url":"","id":"","size":""},"background_video_fallback":{"url":"","id":"","size":""},"background_slideshow_gallery":[],"background_hover_image":{"url":"","id":"","size":""},"background_hover_video_fallback":{"url":"","id":"","size":""},"background_hover_slideshow_gallery":[],"background_overlay_image":{"url":"","id":"","size":""},"background_overlay_video_fallback":{"url":"","id":"","size":""},"background_overlay_slideshow_gallery":[],"background_overlay_hover_image":{"url":"","id":"","size":""},"background_overlay_hover_video_fallback":{"url":"","id":"","size":""},"background_overlay_hover_slideshow_gallery":[]},"elements":[{"id":"4967b4d0","settings":{"image":{"id":"523","url":"https:\/\/limitless.dev.ananass.fr\/wp-content\/uploads\/2021\/02\/outdoor-image-01.jpg"},"width":{"unit":"%","size":88},"css_filters_css_filter":"custom","css_filters_brightness":{"unit":"px","size":103},"css_filters_contrast":{"unit":"px","size":96},"css_filters_saturate":{"unit":"px","size":81},"css_filters_hue":{"unit":"px","size":336},"image_border_radius":{"unit":"px","top":"4","right":"4","bottom":"4","left":"4","isLinked":true},"image_box_shadow_box_shadow_type":"yes","image_box_shadow_box_shadow":{"horizontal":10,"vertical":10,"blur":0,"spread":1,"color":"rgba(0,0,0,0.07)"},"width_mobile":{"unit":"%","size":100,"sizes":[]},"_padding_mobile":{"unit":"px","top":"0","right":"10","bottom":"0","left":"0","isLinked":false},"_background_image":{"url":"","id":"","size":""},"_background_video_fallback":{"url":"","id":"","size":""},"_background_slideshow_gallery":[],"_background_hover_image":{"url":"","id":"","size":""},"_background_hover_video_fallback":{"url":"","id":"","size":""},"_background_hover_slideshow_gallery":[],"_mask_image":{"url":"","id":"","size":""}},"elements":[],"isInner":false,"widgetType":"image","elType":"widget","htmlCache":"\t\t<div class=\"elementor-widget-container\">\n\t\t\t\t\t\t\t\t\t\t\t\t\t\t\t<img width=\"644\" height=\"402\" src=\"https:\/\/limitless.dev.ananass.fr\/wp-content\/uploads\/2021\/02\/outdoor-image-01.jpg\" class=\"attachment-large size-large wp-image-523\" alt=\"\" srcset=\"https:\/\/limitless.dev.ananass.fr\/wp-content\/uploads\/2021\/02\/outdoor-image-01.jpg 644w, https:\/\/limitless.dev.ananass.fr\/wp-content\/uploads\/2021\/02\/outdoor-image-01-300x187.jpg 300w\" sizes=\"(max-width: 644px) 100vw, 644px\" \/>\t\t\t\t\t\t\t\t\t\t\t\t\t\t\t<\/div>\n\t\t"},{"id":"36a7d3a","settings":{"infocard_title":"Winter Sports","infocard_description":"Fuerat aestu carentem habentia spectent tonitrua mutastis locavit liberioris inistra possedit.","infocard_cta_type":"none","infocard_link_text":"Read More","infocard_button_text":"Click Here","infocard_title_tag":"h5","infocard_title_margin":{"unit":"px","top":"27","right":"0","bottom":"10","left":"0","isLinked":false},"infocard_title_margin_tablet":{"unit":"px","top":"10","right":"0","bottom":"10","left":"0","isLinked":false},"infocard_desc_margin":{"unit":"px","top":"0","right":"40","bottom":"0","left":"40","isLinked":false},"infocard_desc_margin_tablet":{"unit":"px","top":"0","right":"35","bottom":"0","left":"35","isLinked":false},"infocard_select_icon":{"value":"","library":"fa-solid"},"btn_background_color_image":{"url":"","id":"","size":""},"btn_background_color_video_fallback":{"url":"","id":"","size":""},"btn_background_color_slideshow_gallery":[],"infocard_button_hover_bgcolor_image":{"url":"","id":"","size":""},"infocard_button_hover_bgcolor_video_fallback":{"url":"","id":"","size":""},"infocard_button_hover_bgcolor_slideshow_gallery":[],"_background_image":{"url":"","id":"","size":""},"_background_video_fallback":{"url":"","id":"","size":""},"_background_slideshow_gallery":[],"_background_hover_image":{"url":"","id":"","size":""},"_background_hover_video_fallback":{"url":"","id":"","size":""},"_background_hover_slideshow_gallery":[],"_mask_image":{"url":"","id":"","size":""}},"elements":[],"isInner":false,"widgetType":"hfe-infocard","elType":"widget","htmlCache":"\t\t<div class=\"elementor-widget-container\">\n\t\t\t\t\t\n\t\t<div class=\"hfe-infocard\">\n\t\t\t\t\t\t\t\t\t<div class=\"hfe-infocard-title-wrap\">\n\t\t\t\t<h5 class=\"hfe-infocard-title elementor-inline-editing\" data-elementor-setting-key=\"infocard_title\" data-elementor-inline-editing-toolbar=\"basic\" >Winter Sports<\/h5>\t\t\t<\/div>\n\t\t\t\t\t\t<div class=\"hfe-infocard-text-wrap\">\n\t\t\t\t<div class=\"hfe-infocard-text elementor-inline-editing\" data-elementor-setting-key=\"infocard_description\" data-elementor-inline-editing-toolbar=\"advanced\">\n\t\t\t\t\tFuerat aestu carentem habentia spectent tonitrua mutastis locavit liberioris inistra possedit.\t\t\t\t<\/div>\n\t\t\t\t\t\t\t<\/div>\n\t\t<\/div>\n\n\t\t\t\t\t\t<\/div>\n\t\t"}],"isInner":true,"elType":"container"}],"isInner":false,"elType":"container"},{"id":"65eaefd5","settings":{"structure":"20","background_background":"classic","padding":{"unit":"px","top":"110","right":"0","bottom":"110","left":"0","isLinked":false},"padding_tablet":{"unit":"px","top":"60","right":"50","bottom":"60","left":"50","isLinked":false},"padding_mobile":{"unit":"px","top":"50","right":"20","bottom":"50","left":"20","isLinked":false},"__globals__":{"background_color":"globals\/colors?id=astglobalcolor4"},"flex_direction":"row","flex_align_items":"stretch","flex_gap":{"size":0,"unit":"px","column":"0","row":"0","isLinked":true},"background_image":{"url":"","id":"","size":""},"background_video_fallback":{"url":"","id":"","size":""},"background_slideshow_gallery":[],"background_hover_image":{"url":"","id":"","size":""},"background_hover_video_fallback":{"url":"","id":"","size":""},"background_hover_slideshow_gallery":[],"background_overlay_image":{"url":"","id":"","size":""},"background_overlay_video_fallback":{"url":"","id":"","size":""},"background_overlay_slideshow_gallery":[],"background_overlay_hover_image":{"url":"","id":"","size":""},"background_overlay_hover_video_fallback":{"url":"","id":"","size":""},"background_overlay_hover_slideshow_gallery":[]},"elements":[{"id":"693dac01","settings":{"_column_size":50,"width":{"size":50,"unit":"%"},"padding":{"unit":"px","top":"0","right":"50","bottom":"0","left":"0","isLinked":false},"margin_mobile":{"unit":"px","top":"0","right":"0","bottom":"0","left":"0","isLinked":false},"padding_tablet":{"unit":"px","top":"0","right":"0","bottom":"0","left":"0","isLinked":true},"padding_mobile":{"unit":"px","top":"0","right":"0","bottom":"0","left":"0","isLinked":true},"content_width":"full","background_image":{"url":"","id":"","size":""},"background_video_fallback":{"url":"","id":"","size":""},"background_slideshow_gallery":[],"background_hover_image":{"url":"","id":"","size":""},"background_hover_video_fallback":{"url":"","id":"","size":""},"background_hover_slideshow_gallery":[],"background_overlay_image":{"url":"","id":"","size":""},"background_overlay_video_fallback":{"url":"","id":"","size":""},"background_overlay_slideshow_gallery":[],"background_overlay_hover_image":{"url":"","id":"","size":""},"background_overlay_hover_video_fallback":{"url":"","id":"","size":""},"background_overlay_hover_slideshow_gallery":[]},"elements":[{"id":"5e2a9a1","settings":{"title":"Why Outdoor Adventure\n","header_size":"h3","align":"left","typography_letter_spacing":{"unit":"px","size":""},"align_mobile":"left","typography_line_height_mobile":{"unit":"em","size":""},"_background_image":{"url":"","id":"","size":""},"_background_video_fallback":{"url":"","id":"","size":""},"_background_slideshow_gallery":[],"_background_hover_image":{"url":"","id":"","size":""},"_background_hover_video_fallback":{"url":"","id":"","size":""},"_background_hover_slideshow_gallery":[],"_mask_image":{"url":"","id":"","size":""}},"elements":[],"isInner":false,"widgetType":"heading","elType":"widget","htmlCache":"\t\t<div class=\"elementor-widget-container\">\n\t\t\t\t\t<h3 class=\"elementor-heading-title elementor-size-default\">Why Outdoor Adventure\n<\/h3>\t\t\t\t<\/div>\n\t\t"},{"id":"1a8a5e2f","settings":{"weight":{"unit":"px","size":3},"width":{"unit":"%","size":10},"align":"left","gap":{"unit":"px","size":0},"width_mobile":{"unit":"%","size":18},"align_mobile":"left","text":"Divider","__globals__":{"color":"globals\/colors?id=astglobalcolor0"},"icon":{"value":"fas fa-star","library":"fa-solid"},"_background_image":{"url":"","id":"","size":""},"_background_video_fallback":{"url":"","id":"","size":""},"_background_slideshow_gallery":[],"_background_hover_image":{"url":"","id":"","size":""},"_background_hover_video_fallback":{"url":"","id":"","size":""},"_background_hover_slideshow_gallery":[],"_mask_image":{"url":"","id":"","size":""}},"elements":[],"isInner":false,"widgetType":"divider","elType":"widget","htmlCache":"\t\t<div class=\"elementor-widget-container\">\n\t\t\t\t\t\t\t<div class=\"elementor-divider\">\n\t\t\t<span class=\"elementor-divider-separator\">\n\t\t\t\t\t\t<\/span>\n\t\t<\/div>\n\t\t\t\t\t\t<\/div>\n\t\t"},{"id":"6c1b483f","settings":{"_padding":{"unit":"px","top":"0","right":"0","bottom":"0","left":"0","isLinked":false},"align_mobile":"left","_padding_mobile":{"unit":"px","top":"0","right":"0","bottom":"0","left":"0","isLinked":false},"paragraph_spacing":{"unit":"px","size":10,"sizes":[]},"_background_image":{"url":"","id":"","size":""},"_background_video_fallback":{"url":"","id":"","size":""},"_background_slideshow_gallery":[],"_background_hover_image":{"url":"","id":"","size":""},"_background_hover_video_fallback":{"url":"","id":"","size":""},"_background_hover_slideshow_gallery":[],"_mask_image":{"url":"","id":"","size":""}},"elements":[],"isInner":false,"widgetType":"text-editor","elType":"widget","htmlCache":"\t\t<div class=\"elementor-widget-container\">\n\t\t\t\t\t\t\t\t\t<p>Lorem ipsum dolor sit amet, consectetur adipiscing elit. Ut elit tellus, luctus nec ullamcorper mattis, pulvinar dapibus leo.<\/p>\t\t\t\t\t\t\t\t<\/div>\n\t\t"},{"id":"74104e4d","settings":{"icon_list":[{"text":"Experience: Locavit liberioris possedit","icon":"fa fa-minus","_id":"cd48abc","link":{"url":"","is_external":"","nofollow":"","custom_attributes":""},"selected_icon":{"value":"fas fa-minus","library":"fa-solid"},"__fa4_migrated":{"selected_icon":true}},{"text":"Reputation: Diremit mundi mare undae","icon":"fa fa-minus","_id":"670c158","link":{"url":"","is_external":"","nofollow":"","custom_attributes":""},"selected_icon":{"value":"fas fa-minus","library":"fa-solid"},"__fa4_migrated":{"selected_icon":true}},{"text":"Guide Experience: Spectent tonitrua mutastis","icon":"fa fa-minus","_id":"a2a8a49","link":{"url":"","is_external":"","nofollow":"","custom_attributes":""},"selected_icon":{"value":"fas fa-minus","library":"fa-solid"},"__fa4_migrated":{"selected_icon":true}}],"space_between":{"unit":"px","size":8},"text_indent":{"unit":"px","size":10},"icon_typography_font_size":{"unit":"px","size":""},"_padding_mobile":{"unit":"px","top":"0","right":"0","bottom":"0","left":"0","isLinked":true},"icon_typography_font_size_mobile":{"unit":"px","size":""},"__globals__":{"icon_color":"globals\/colors?id=astglobalcolor0","text_color":"globals\/colors?id=astglobalcolor2"},"_background_image":{"url":"","id":"","size":""},"_background_video_fallback":{"url":"","id":"","size":""},"_background_slideshow_gallery":[],"_background_hover_image":{"url":"","id":"","size":""},"_background_hover_video_fallback":{"url":"","id":"","size":""},"_background_hover_slideshow_gallery":[],"_mask_image":{"url":"","id":"","size":""}},"elements":[],"isInner":false,"widgetType":"icon-list","elType":"widget","htmlCache":"\t\t<div class=\"elementor-widget-container\">\n\t\t\t\t\t\t\t<ul class=\"elementor-icon-list-items\">\n\t\t\t\t\t\t\t<li class=\"elementor-icon-list-item\">\n\t\t\t\t\t\t\t\t\t\t\t<span class=\"elementor-icon-list-icon\">\n\t\t\t\t\t\t\t<i aria-hidden=\"true\" class=\"fas fa-minus\"><\/i>\t\t\t\t\t\t<\/span>\n\t\t\t\t\t\t\t\t\t\t<span class=\"elementor-icon-list-text\">Experience: Locavit liberioris possedit<\/span>\n\t\t\t\t\t\t\t\t\t<\/li>\n\t\t\t\t\t\t\t\t<li class=\"elementor-icon-list-item\">\n\t\t\t\t\t\t\t\t\t\t\t<span class=\"elementor-icon-list-icon\">\n\t\t\t\t\t\t\t<i aria-hidden=\"true\" class=\"fas fa-minus\"><\/i>\t\t\t\t\t\t<\/span>\n\t\t\t\t\t\t\t\t\t\t<span class=\"elementor-icon-list-text\">Reputation: Diremit mundi mare undae<\/span>\n\t\t\t\t\t\t\t\t\t<\/li>\n\t\t\t\t\t\t\t\t<li class=\"elementor-icon-list-item\">\n\t\t\t\t\t\t\t\t\t\t\t<span class=\"elementor-icon-list-icon\">\n\t\t\t\t\t\t\t<i aria-hidden=\"true\" class=\"fas fa-minus\"><\/i>\t\t\t\t\t\t<\/span>\n\t\t\t\t\t\t\t\t\t\t<span class=\"elementor-icon-list-text\">Guide Experience: Spectent tonitrua mutastis<\/span>\n\t\t\t\t\t\t\t\t\t<\/li>\n\t\t\t\t\t\t<\/ul>\n\t\t\t\t\t\t<\/div>\n\t\t"}],"isInner":true,"elType":"container"},{"id":"15d624a6","settings":{"_column_size":50,"width":{"size":50,"unit":"%"},"padding":{"unit":"px","top":"0","right":"50","bottom":"0","left":"0","isLinked":false},"margin_mobile":{"unit":"px","top":"50","right":"0","bottom":"0","left":"0","isLinked":false},"padding_tablet":{"unit":"px","top":"0","right":"0","bottom":"0","left":"0","isLinked":true},"padding_mobile":{"unit":"px","top":"0","right":"0","bottom":"0","left":"0","isLinked":true},"content_width":"full","background_image":{"url":"","id":"","size":""},"background_video_fallback":{"url":"","id":"","size":""},"background_slideshow_gallery":[],"background_hover_image":{"url":"","id":"","size":""},"background_hover_video_fallback":{"url":"","id":"","size":""},"background_hover_slideshow_gallery":[],"background_overlay_image":{"url":"","id":"","size":""},"background_overlay_video_fallback":{"url":"","id":"","size":""},"background_overlay_slideshow_gallery":[],"background_overlay_hover_image":{"url":"","id":"","size":""},"background_overlay_hover_video_fallback":{"url":"","id":"","size":""},"background_overlay_hover_slideshow_gallery":[]},"elements":[{"id":"1498a5d1","settings":{"title":"What You Get\n","header_size":"h3","align":"left","typography_letter_spacing":{"unit":"px","size":""},"align_mobile":"left","_background_image":{"url":"","id":"","size":""},"_background_video_fallback":{"url":"","id":"","size":""},"_background_slideshow_gallery":[],"_background_hover_image":{"url":"","id":"","size":""},"_background_hover_video_fallback":{"url":"","id":"","size":""},"_background_hover_slideshow_gallery":[],"_mask_image":{"url":"","id":"","size":""}},"elements":[],"isInner":false,"widgetType":"heading","elType":"widget","htmlCache":"\t\t<div class=\"elementor-widget-container\">\n\t\t\t\t\t<h3 class=\"elementor-heading-title elementor-size-default\">What You Get\n<\/h3>\t\t\t\t<\/div>\n\t\t"},{"id":"6b58d6cd","settings":{"weight":{"unit":"px","size":3},"width":{"unit":"%","size":10},"align":"left","gap":{"unit":"px","size":0},"width_mobile":{"unit":"%","size":18},"align_mobile":"left","text":"Divider","__globals__":{"color":"globals\/colors?id=astglobalcolor0"},"icon":{"value":"fas fa-star","library":"fa-solid"},"_background_image":{"url":"","id":"","size":""},"_background_video_fallback":{"url":"","id":"","size":""},"_background_slideshow_gallery":[],"_background_hover_image":{"url":"","id":"","size":""},"_background_hover_video_fallback":{"url":"","id":"","size":""},"_background_hover_slideshow_gallery":[],"_mask_image":{"url":"","id":"","size":""}},"elements":[],"isInner":false,"widgetType":"divider","elType":"widget","htmlCache":"\t\t<div class=\"elementor-widget-container\">\n\t\t\t\t\t\t\t<div class=\"elementor-divider\">\n\t\t\t<span class=\"elementor-divider-separator\">\n\t\t\t\t\t\t<\/span>\n\t\t<\/div>\n\t\t\t\t\t\t<\/div>\n\t\t"},{"id":"74a9e3fa","settings":{"_padding":{"unit":"px","top":"0","right":"0","bottom":"0","left":"0","isLinked":false},"align_mobile":"left","_padding_mobile":{"unit":"px","top":"0","right":"0","bottom":"0","left":"0","isLinked":false},"paragraph_spacing":{"unit":"px","size":10,"sizes":[]},"_background_image":{"url":"","id":"","size":""},"_background_video_fallback":{"url":"","id":"","size":""},"_background_slideshow_gallery":[],"_background_hover_image":{"url":"","id":"","size":""},"_background_hover_video_fallback":{"url":"","id":"","size":""},"_background_hover_slideshow_gallery":[],"_mask_image":{"url":"","id":"","size":""}},"elements":[],"isInner":false,"widgetType":"text-editor","elType":"widget","htmlCache":"\t\t<div class=\"elementor-widget-container\">\n\t\t\t\t\t\t\t\t\t<p>Lorem ipsum dolor sit amet, consectetur adipiscing elit. Ut elit tellus, luctus nec ullamcorper mattis, pulvinar dapibus leo.<\/p>\t\t\t\t\t\t\t\t<\/div>\n\t\t"},{"id":"8c6a2b1","settings":{"icon_list":[{"text":"Private Hike: Locavit liberioris possedit","icon":"fa fa-minus","_id":"cd48abc","link":{"url":"","is_external":"","nofollow":"","custom_attributes":""},"selected_icon":{"value":"fas fa-check","library":"fa-solid"}},{"text":"Transportation: Diremit mundi mare undae","icon":"fa fa-minus","_id":"670c158","link":{"url":"","is_external":"","nofollow":"","custom_attributes":""},"selected_icon":{"value":"fas fa-check","library":"fa-solid"}},{"text":"Great Facilities: Spectent tonitrua mutastis","icon":"fa fa-minus","_id":"a2a8a49","link":{"url":"","is_external":"","nofollow":"","custom_attributes":""},"selected_icon":{"value":"fas fa-check","library":"fa-solid"}}],"space_between":{"unit":"px","size":8},"text_indent":{"unit":"px","size":10},"icon_typography_font_size":{"unit":"px","size":""},"_padding_mobile":{"unit":"px","top":"0","right":"0","bottom":"0","left":"0","isLinked":true},"icon_typography_font_size_mobile":{"unit":"px","size":""},"__globals__":{"icon_color":"globals\/colors?id=astglobalcolor0","text_color":"globals\/colors?id=astglobalcolor2"},"_background_image":{"url":"","id":"","size":""},"_background_video_fallback":{"url":"","id":"","size":""},"_background_slideshow_gallery":[],"_background_hover_image":{"url":"","id":"","size":""},"_background_hover_video_fallback":{"url":"","id":"","size":""},"_background_hover_slideshow_gallery":[],"_mask_image":{"url":"","id":"","size":""}},"elements":[],"isInner":false,"widgetType":"icon-list","elType":"widget","htmlCache":"\t\t<div class=\"elementor-widget-container\">\n\t\t\t\t\t\t\t<ul class=\"elementor-icon-list-items\">\n\t\t\t\t\t\t\t<li class=\"elementor-icon-list-item\">\n\t\t\t\t\t\t\t\t\t\t\t<span class=\"elementor-icon-list-icon\">\n\t\t\t\t\t\t\t\t\t\t\t\t\t\t\t\t<i class=\"fa fa-minus\" aria-hidden=\"true\"><\/i>\n\t\t\t\t\t\t\t\t\t\t\t\t\t<\/span>\n\t\t\t\t\t\t\t\t\t\t<span class=\"elementor-icon-list-text\">Private Hike: Locavit liberioris possedit<\/span>\n\t\t\t\t\t\t\t\t\t<\/li>\n\t\t\t\t\t\t\t\t<li class=\"elementor-icon-list-item\">\n\t\t\t\t\t\t\t\t\t\t\t<span class=\"elementor-icon-list-icon\">\n\t\t\t\t\t\t\t\t\t\t\t\t\t\t\t\t<i class=\"fa fa-minus\" aria-hidden=\"true\"><\/i>\n\t\t\t\t\t\t\t\t\t\t\t\t\t<\/span>\n\t\t\t\t\t\t\t\t\t\t<span class=\"elementor-icon-list-text\">Transportation: Diremit mundi mare undae<\/span>\n\t\t\t\t\t\t\t\t\t<\/li>\n\t\t\t\t\t\t\t\t<li class=\"elementor-icon-list-item\">\n\t\t\t\t\t\t\t\t\t\t\t<span class=\"elementor-icon-list-icon\">\n\t\t\t\t\t\t\t\t\t\t\t\t\t\t\t\t<i class=\"fa fa-minus\" aria-hidden=\"true\"><\/i>\n\t\t\t\t\t\t\t\t\t\t\t\t\t<\/span>\n\t\t\t\t\t\t\t\t\t\t<span class=\"elementor-icon-list-text\">Great Facilities: Spectent tonitrua mutastis<\/span>\n\t\t\t\t\t\t\t\t\t<\/li>\n\t\t\t\t\t\t<\/ul>\n\t\t\t\t\t\t<\/div>\n\t\t"}],"isInner":true,"elType":"container"}],"isInner":false,"elType":"container"}],"settings":{"template":"default","astra_sites_main_color":"var(--ast-global-color-0)","astra_sites_heading_base_color":"var(--ast-global-color-2)","astra_sites_link_color":"var(--ast-global-color-0)","astra_sites_link_hover_color":"var(--ast-global-color-1)","astra_sites_text_color":"var(--ast-global-color-3)","astra_sites_body_typography":"custom","astra_sites_body_font_size":{"unit":"px","size":16},"astra_sites_body_font_size_mobile":{"unit":"px","size":15},"astra_sites_body_line_height":{"unit":"em","size":1.7},"astra_sites_body_font_family":"Noto Sans","astra_sites_body_font_weight":"400","astra_sites_heading_1_typography":"custom","astra_sites_heading_1_font_size":{"unit":"px","size":64},"astra_sites_heading_1_font_size_tablet":{"unit":"px","size":44},"astra_sites_heading_1_font_size_mobile":{"unit":"px","size":30},"astra_sites_default_heading_font_family":"'Montserrat', sans-serif","astra_sites_heading_1_font_family":"'Montserrat'","astra_sites_heading_1_font_weight":"700","astra_sites_heading_1_text_transform":"uppercase","astra_sites_heading_2_typography":"custom","astra_sites_heading_2_font_size":{"unit":"px","size":34},"astra_sites_heading_2_font_size_tablet":{"unit":"px","size":32},"astra_sites_heading_2_font_size_mobile":{"unit":"px","size":24},"astra_sites_heading_2_line_height":{"unit":"em","size":1.4},"astra_sites_heading_2_font_family":"'Montserrat'","astra_sites_heading_2_font_weight":"700","astra_sites_heading_2_text_transform":"uppercase","astra_sites_heading_3_typography":"custom","astra_sites_heading_3_font_size":{"unit":"px","size":24},"astra_sites_heading_3_font_family":"'Montserrat'","astra_sites_heading_3_font_weight":"700","astra_sites_heading_4_typography":"custom","astra_sites_heading_4_font_size":{"unit":"px","size":20},"astra_sites_heading_4_font_size_mobile":{"unit":"px","size":19},"astra_sites_heading_4_font_family":"'Montserrat'","astra_sites_heading_4_font_weight":"700","astra_sites_heading_5_typography":"custom","astra_sites_heading_5_font_size":{"unit":"px","size":18},"astra_sites_heading_5_font_size_mobile":{"unit":"px","size":16},"astra_sites_heading_5_font_family":"'Montserrat'","astra_sites_heading_5_font_weight":"700","astra_sites_heading_6_typography":"custom","astra_sites_heading_6_font_size":{"unit":"px","size":15},"astra_sites_heading_6_font_size_mobile":{"unit":"px","size":15},"astra_sites_heading_6_font_family":"'Montserrat'","astra_sites_heading_6_font_weight":"700","astra_sites_page_setting_enable":""},"metadata":{"site-sidebar-layout":"no-sidebar","site-content-layout":"page-builder","theme-transparent-header-meta":"enabled","site-post-title":"disabled","ast-title-bar-display":"disabled","ast-featured-img":"disabled","astra-main-page-id":"23832","ast_self_id_23832":"1","ast-site-content-layout":"full-width-container","site-content-style":"unboxed","site-sidebar-style":"unboxed","astra-migrate-meta-layouts":"set"}}