{"content":[{"id":"4167b41c","settings":{"background_background":"classic","background_image":{"id":"216","url":"https:\/\/limitless.dev.ananass.fr\/wp-content\/uploads\/2018\/11\/project-background.jpg"},"background_position":"center center","background_repeat":"no-repeat","background_size":"cover","background_overlay_background":"classic","background_overlay_opacity":{"unit":"px","size":0.4},"padding":{"unit":"px","top":"230","right":"0","bottom":"230","left":"0","isLinked":false},"padding_tablet":{"unit":"px","top":"100","right":"50","bottom":"100","left":"50","isLinked":false},"padding_mobile":{"unit":"px","top":"90","right":"20","bottom":"90","left":"20","isLinked":false},"__globals__":{"background_overlay_color":"globals\/colors?id=astglobalcolor7"},"boxed_width":{"unit":"px","size":800,"sizes":[]},"flex_direction":"row","flex_align_items":"stretch","flex_gap":{"size":10,"unit":"px","column":"10","row":"10","isLinked":true},"background_video_fallback":{"url":"","id":"","size":""},"background_slideshow_gallery":[],"background_hover_image":{"url":"","id":"","size":""},"background_hover_video_fallback":{"url":"","id":"","size":""},"background_hover_slideshow_gallery":[],"background_overlay_image":{"url":"","id":"","size":""},"background_overlay_video_fallback":{"url":"","id":"","size":""},"background_overlay_slideshow_gallery":[],"background_overlay_hover_image":{"url":"","id":"","size":""},"background_overlay_hover_video_fallback":{"url":"","id":"","size":""},"background_overlay_hover_slideshow_gallery":[]},"elements":[{"id":"5908c81f","settings":{"_column_size":100,"width":{"size":100,"unit":"%"},"content_width":"full","background_image":{"url":"","id":"","size":""},"background_video_fallback":{"url":"","id":"","size":""},"background_slideshow_gallery":[],"background_hover_image":{"url":"","id":"","size":""},"background_hover_video_fallback":{"url":"","id":"","size":""},"background_hover_slideshow_gallery":[],"background_overlay_image":{"url":"","id":"","size":""},"background_overlay_video_fallback":{"url":"","id":"","size":""},"background_overlay_slideshow_gallery":[],"background_overlay_hover_image":{"url":"","id":"","size":""},"background_overlay_hover_video_fallback":{"url":"","id":"","size":""},"background_overlay_hover_slideshow_gallery":[]},"elements":[{"id":"39738f7a","settings":{"title":"Our Projects","header_size":"h1","align":"center","__globals__":{"title_color":""},"title_color":"#FFFFFF","_background_image":{"url":"","id":"","size":""},"_background_video_fallback":{"url":"","id":"","size":""},"_background_slideshow_gallery":[],"_background_hover_image":{"url":"","id":"","size":""},"_background_hover_video_fallback":{"url":"","id":"","size":""},"_background_hover_slideshow_gallery":[],"_mask_image":{"url":"","id":"","size":""}},"elements":[],"isInner":false,"widgetType":"heading","elType":"widget","htmlCache":"\t\t<div class=\"elementor-widget-container\">\n\t\t\t\t\t<h1 class=\"elementor-heading-title elementor-size-default\">Our Projects<\/h1>\t\t\t\t<\/div>\n\t\t"}],"isInner":true,"elType":"container"}],"isInner":false,"elType":"container"},{"id":"5647202b","settings":{"flex_gap":{"size":0,"unit":"px","column":"0","row":"0","isLinked":true},"content_position":"middle","padding":{"unit":"px","top":"100","right":"0","bottom":"60","left":"0","isLinked":false},"background_position":"center center","background_attachment":"fixed","background_repeat":"no-repeat","background_size":"cover","background_overlay_background":"classic","background_overlay_color":"rgba(0,0,0,0)","background_overlay_color_b":"#000000","background_overlay_gradient_angle":{"unit":"deg","size":-90},"css_filters_saturate":{"unit":"px","size":0},"background_overlay_position":"center center","background_overlay_attachment":"fixed","background_overlay_repeat":"no-repeat","background_overlay_size":"cover","padding_tablet":{"unit":"px","top":"80","right":"50","bottom":"80","left":"50","isLinked":false},"padding_mobile":{"unit":"px","top":"60","right":"20","bottom":"60","left":"20","isLinked":false},"flex_direction":"row","flex_align_items":"stretch","background_image":{"url":"","id":"","size":""},"background_video_fallback":{"url":"","id":"","size":""},"background_slideshow_gallery":[],"background_hover_image":{"url":"","id":"","size":""},"background_hover_video_fallback":{"url":"","id":"","size":""},"background_hover_slideshow_gallery":[],"background_overlay_image":{"url":"","id":"","size":""},"background_overlay_video_fallback":{"url":"","id":"","size":""},"background_overlay_slideshow_gallery":[],"background_overlay_hover_image":{"url":"","id":"","size":""},"background_overlay_hover_video_fallback":{"url":"","id":"","size":""},"background_overlay_hover_slideshow_gallery":[]},"elements":[{"id":"5f3009c8","settings":{"_column_size":100,"width":{"size":100,"unit":"%"},"flex_gap":{"size":10,"unit":"px","column":"10","row":"10","isLinked":true},"width_tablet":{"size":100,"unit":"%"},"padding_mobile":{"unit":"px","top":"0","right":"0","bottom":"0","left":"0","isLinked":true},"content_width":"full","padding":{"unit":"px","top":"0","right":"0","bottom":"0","left":"0","isLinked":true},"background_image":{"url":"","id":"","size":""},"background_video_fallback":{"url":"","id":"","size":""},"background_slideshow_gallery":[],"background_hover_image":{"url":"","id":"","size":""},"background_hover_video_fallback":{"url":"","id":"","size":""},"background_hover_slideshow_gallery":[],"background_overlay_image":{"url":"","id":"","size":""},"background_overlay_video_fallback":{"url":"","id":"","size":""},"background_overlay_slideshow_gallery":[],"background_overlay_hover_image":{"url":"","id":"","size":""},"background_overlay_hover_video_fallback":{"url":"","id":"","size":""},"background_overlay_hover_slideshow_gallery":[]},"elements":[{"id":"3e920221","settings":{"weight":{"unit":"px","size":3},"width":{"unit":"%","size":15},"gap":{"unit":"px","size":""},"width_tablet":{"unit":"%","size":20},"width_mobile":{"unit":"%","size":55},"text":"Adventure","__globals__":{"color":"globals\/colors?id=astglobalcolor0"},"align":"left","look":"line_text","html_tag":"h6","text_align":"left","text_spacing":{"unit":"px","size":17,"sizes":[]},"_element_custom_width":{"unit":"px","size":70,"sizes":[]},"_offset_x":{"size":109,"unit":"px"},"_offset_y":{"size":10,"unit":"px"},"icon":{"value":"fas fa-star","library":"fa-solid"},"_background_image":{"url":"","id":"","size":""},"_background_video_fallback":{"url":"","id":"","size":""},"_background_slideshow_gallery":[],"_background_hover_image":{"url":"","id":"","size":""},"_background_hover_video_fallback":{"url":"","id":"","size":""},"_background_hover_slideshow_gallery":[],"_mask_image":{"url":"","id":"","size":""}},"elements":[],"isInner":false,"widgetType":"divider","elType":"widget","htmlCache":"\t\t<div class=\"elementor-widget-container\">\n\t\t\t\t\t\t\t<div class=\"elementor-divider\">\n\t\t\t<span class=\"elementor-divider-separator\">\n\t\t\t\t\t\t\t<h6 class=\"elementor-divider__text elementor-divider__element\">\n\t\t\t\tAdventure\t\t\t\t<\/h6>\n\t\t\t\t\t\t<\/span>\n\t\t<\/div>\n\t\t\t\t\t\t<\/div>\n\t\t"},{"id":"725ec56b","settings":{"infocard_title":"Water Sports","infocard_description":"Interdum exercitation penatibus, praesentium facilisi accusamus fermentum, sagittis.","infocard_overall_align":"left","infocard_cta_type":"none","infocard_link_text":"Read More","infocard_button_text":"Click Here","infocard_title_tag":"h2","infocard_title_margin":{"unit":"px","top":"20","right":"0","bottom":"10","left":"0","isLinked":false},"infocard_select_icon":{"value":"","library":"fa-solid"},"btn_background_color_image":{"url":"","id":"","size":""},"btn_background_color_video_fallback":{"url":"","id":"","size":""},"btn_background_color_slideshow_gallery":[],"infocard_button_hover_bgcolor_image":{"url":"","id":"","size":""},"infocard_button_hover_bgcolor_video_fallback":{"url":"","id":"","size":""},"infocard_button_hover_bgcolor_slideshow_gallery":[],"_background_image":{"url":"","id":"","size":""},"_background_video_fallback":{"url":"","id":"","size":""},"_background_slideshow_gallery":[],"_background_hover_image":{"url":"","id":"","size":""},"_background_hover_video_fallback":{"url":"","id":"","size":""},"_background_hover_slideshow_gallery":[],"_mask_image":{"url":"","id":"","size":""}},"elements":[],"isInner":false,"widgetType":"hfe-infocard","elType":"widget","htmlCache":"\t\t<div class=\"elementor-widget-container\">\n\t\t\t\t\t\n\t\t<div class=\"hfe-infocard\">\n\t\t\t\t\t\t\t\t\t<div class=\"hfe-infocard-title-wrap\">\n\t\t\t\t<h2 class=\"hfe-infocard-title elementor-inline-editing\" data-elementor-setting-key=\"infocard_title\" data-elementor-inline-editing-toolbar=\"basic\" >Water Sports<\/h2>\t\t\t<\/div>\n\t\t\t\t\t\t<div class=\"hfe-infocard-text-wrap\">\n\t\t\t\t<div class=\"hfe-infocard-text elementor-inline-editing\" data-elementor-setting-key=\"infocard_description\" data-elementor-inline-editing-toolbar=\"advanced\">\n\t\t\t\t\tInterdum exercitation penatibus, praesentium facilisi accusamus fermentum, sagittis.\t\t\t\t<\/div>\n\t\t\t\t\t\t\t<\/div>\n\t\t<\/div>\n\n\t\t\t\t\t\t<\/div>\n\t\t"},{"id":"54d7bbd9","settings":{"carousel":[{"id":"182","url":"https:\/\/limitless.dev.ananass.fr\/wp-content\/uploads\/2018\/11\/water-sports-03.jpg"},{"id":"183","url":"https:\/\/limitless.dev.ananass.fr\/wp-content\/uploads\/2018\/11\/water-sports-04.jpg"},{"id":"179","url":"https:\/\/limitless.dev.ananass.fr\/wp-content\/uploads\/2018\/11\/water-sports-01.jpg"},{"id":"180","url":"https:\/\/limitless.dev.ananass.fr\/wp-content\/uploads\/2018\/11\/water-sports-02.jpg"}],"thumbnail_size":"medium_large","thumbnail_custom_dimension":{"width":"500","height":"540"},"slides_to_show":"3","slides_to_scroll":"1","navigation":"dots","open_lightbox":"yes","autoplay_speed":2000,"arrows_size":{"unit":"px","size":30},"_margin":{"unit":"px","top":"30","right":"0","bottom":"0","left":"0","isLinked":false},"_padding":{"unit":"px","top":"0","right":"0","bottom":"0","left":"0","isLinked":true},"slides_to_show_tablet":"2","slides_to_show_mobile":"1","image_stretch":"yes","autoplay":"no","arrows_position":"outside","arrows_color":"#7a7a7a","image_spacing":"custom","image_border_radius":{"unit":"px","top":"5","right":"5","bottom":"5","left":"5","isLinked":true},"dots_size":{"unit":"px","size":8},"__globals__":{"dots_color":"globals\/colors?id=astglobalcolor0"},"gallery_vertical_align":"center","carousel_name":"Image Carousel","navigation_previous_icon":{"value":"","library":""},"navigation_next_icon":{"value":"","library":""},"_background_image":{"url":"","id":"","size":""},"_background_video_fallback":{"url":"","id":"","size":""},"_background_slideshow_gallery":[],"_background_hover_image":{"url":"","id":"","size":""},"_background_hover_video_fallback":{"url":"","id":"","size":""},"_background_hover_slideshow_gallery":[],"_mask_image":{"url":"","id":"","size":""}},"elements":[],"isInner":false,"widgetType":"image-carousel","elType":"widget","htmlCache":"\t\t<div class=\"elementor-widget-container\">\n\t\t\t\t\t\t\t<div class=\"elementor-image-carousel-wrapper swiper\" role=\"region\" aria-roledescription=\"carousel\" aria-label=\"Image Carousel\" dir=\"ltr\">\n\t\t\t<div class=\"elementor-image-carousel swiper-wrapper swiper-image-stretch\" aria-live=\"polite\">\n\t\t\t\t\t\t\t\t<div class=\"swiper-slide\" role=\"group\" aria-roledescription=\"slide\" aria-label=\"1 of 4\"><figure class=\"swiper-slide-inner\"><img class=\"swiper-slide-image\" src=\"https:\/\/limitless.dev.ananass.fr\/wp-content\/uploads\/2018\/11\/water-sports-03.jpg\" alt=\"water-sports-03\" \/><\/figure><\/div><div class=\"swiper-slide\" role=\"group\" aria-roledescription=\"slide\" aria-label=\"2 of 4\"><figure class=\"swiper-slide-inner\"><img class=\"swiper-slide-image\" src=\"https:\/\/limitless.dev.ananass.fr\/wp-content\/uploads\/2018\/11\/water-sports-04.jpg\" alt=\"water-sports-04\" \/><\/figure><\/div><div class=\"swiper-slide\" role=\"group\" aria-roledescription=\"slide\" aria-label=\"3 of 4\"><figure class=\"swiper-slide-inner\"><img class=\"swiper-slide-image\" src=\"https:\/\/limitless.dev.ananass.fr\/wp-content\/uploads\/2018\/11\/water-sports-01.jpg\" alt=\"water-sports-01\" \/><\/figure><\/div><div class=\"swiper-slide\" role=\"group\" aria-roledescription=\"slide\" aria-label=\"4 of 4\"><figure class=\"swiper-slide-inner\"><img class=\"swiper-slide-image\" src=\"https:\/\/limitless.dev.ananass.fr\/wp-content\/uploads\/2018\/11\/water-sports-02.jpg\" alt=\"water-sports-02\" \/><\/figure><\/div>\t\t\t<\/div>\n\t\t\t\t\t\t\t\n\t\t\t\t\t\t\t\t\t<div class=\"swiper-pagination\"><\/div>\n\t\t\t\t\t\t\t\t\t<\/div>\n\t\t\t\t\t\t<\/div>\n\t\t"}],"isInner":true,"elType":"container"}],"isInner":false,"elType":"container"},{"id":"12ee4101","settings":{"flex_gap":{"size":0,"unit":"px","column":"0","row":"0","isLinked":true},"content_position":"middle","padding":{"unit":"px","top":"100","right":"0","bottom":"60","left":"0","isLinked":false},"background_background":"classic","background_position":"center center","background_attachment":"fixed","background_repeat":"no-repeat","background_size":"cover","background_overlay_background":"classic","background_overlay_color":"rgba(0,0,0,0)","background_overlay_color_b":"#000000","background_overlay_gradient_angle":{"unit":"deg","size":-90},"css_filters_saturate":{"unit":"px","size":0},"background_overlay_position":"center center","background_overlay_attachment":"fixed","background_overlay_repeat":"no-repeat","background_overlay_size":"cover","padding_tablet":{"unit":"px","top":"80","right":"50","bottom":"80","left":"50","isLinked":false},"padding_mobile":{"unit":"px","top":"60","right":"20","bottom":"60","left":"20","isLinked":false},"background_overlay_opacity":{"unit":"px","size":1},"__globals__":{"background_color":"globals\/colors?id=astglobalcolor4"},"flex_direction":"row","flex_align_items":"stretch","background_image":{"url":"","id":"","size":""},"background_video_fallback":{"url":"","id":"","size":""},"background_slideshow_gallery":[],"background_hover_image":{"url":"","id":"","size":""},"background_hover_video_fallback":{"url":"","id":"","size":""},"background_hover_slideshow_gallery":[],"background_overlay_image":{"url":"","id":"","size":""},"background_overlay_video_fallback":{"url":"","id":"","size":""},"background_overlay_slideshow_gallery":[],"background_overlay_hover_image":{"url":"","id":"","size":""},"background_overlay_hover_video_fallback":{"url":"","id":"","size":""},"background_overlay_hover_slideshow_gallery":[]},"elements":[{"id":"464c4b67","settings":{"_column_size":100,"width":{"size":100,"unit":"%"},"flex_gap":{"size":10,"unit":"px","column":"10","row":"10","isLinked":true},"width_tablet":{"size":100,"unit":"%"},"padding_mobile":{"unit":"px","top":"0","right":"0","bottom":"0","left":"0","isLinked":true},"content_width":"full","padding":{"unit":"px","top":"0","right":"0","bottom":"0","left":"0","isLinked":true},"background_image":{"url":"","id":"","size":""},"background_video_fallback":{"url":"","id":"","size":""},"background_slideshow_gallery":[],"background_hover_image":{"url":"","id":"","size":""},"background_hover_video_fallback":{"url":"","id":"","size":""},"background_hover_slideshow_gallery":[],"background_overlay_image":{"url":"","id":"","size":""},"background_overlay_video_fallback":{"url":"","id":"","size":""},"background_overlay_slideshow_gallery":[],"background_overlay_hover_image":{"url":"","id":"","size":""},"background_overlay_hover_video_fallback":{"url":"","id":"","size":""},"background_overlay_hover_slideshow_gallery":[]},"elements":[{"id":"6e473e1f","settings":{"weight":{"unit":"px","size":3},"width":{"unit":"%","size":20},"gap":{"unit":"px","size":""},"width_tablet":{"unit":"%","size":28},"width_mobile":{"unit":"%","size":65},"text":"Snow Adventure","__globals__":{"color":"globals\/colors?id=astglobalcolor0"},"align":"left","look":"line_text","html_tag":"h6","text_align":"left","text_spacing":{"unit":"px","size":17,"sizes":[]},"_element_custom_width":{"unit":"px","size":70,"sizes":[]},"_offset_x":{"size":109,"unit":"px"},"_offset_y":{"size":10,"unit":"px"},"icon":{"value":"fas fa-star","library":"fa-solid"},"_background_image":{"url":"","id":"","size":""},"_background_video_fallback":{"url":"","id":"","size":""},"_background_slideshow_gallery":[],"_background_hover_image":{"url":"","id":"","size":""},"_background_hover_video_fallback":{"url":"","id":"","size":""},"_background_hover_slideshow_gallery":[],"_mask_image":{"url":"","id":"","size":""}},"elements":[],"isInner":false,"widgetType":"divider","elType":"widget","htmlCache":"\t\t<div class=\"elementor-widget-container\">\n\t\t\t\t\t\t\t<div class=\"elementor-divider\">\n\t\t\t<span class=\"elementor-divider-separator\">\n\t\t\t\t\t\t\t<h6 class=\"elementor-divider__text elementor-divider__element\">\n\t\t\t\tSnow Adventure\t\t\t\t<\/h6>\n\t\t\t\t\t\t<\/span>\n\t\t<\/div>\n\t\t\t\t\t\t<\/div>\n\t\t"},{"id":"4049221b","settings":{"infocard_title":"Winter Sports","infocard_description":"Interdum exercitation penatibus, praesentium facilisi accusamus fermentum, sagittis.","infocard_overall_align":"left","infocard_cta_type":"none","infocard_link_text":"Read More","infocard_button_text":"Click Here","infocard_title_tag":"h2","infocard_title_margin":{"unit":"px","top":"20","right":"0","bottom":"10","left":"0","isLinked":false},"infocard_select_icon":{"value":"","library":"fa-solid"},"btn_background_color_image":{"url":"","id":"","size":""},"btn_background_color_video_fallback":{"url":"","id":"","size":""},"btn_background_color_slideshow_gallery":[],"infocard_button_hover_bgcolor_image":{"url":"","id":"","size":""},"infocard_button_hover_bgcolor_video_fallback":{"url":"","id":"","size":""},"infocard_button_hover_bgcolor_slideshow_gallery":[],"_background_image":{"url":"","id":"","size":""},"_background_video_fallback":{"url":"","id":"","size":""},"_background_slideshow_gallery":[],"_background_hover_image":{"url":"","id":"","size":""},"_background_hover_video_fallback":{"url":"","id":"","size":""},"_background_hover_slideshow_gallery":[],"_mask_image":{"url":"","id":"","size":""}},"elements":[],"isInner":false,"widgetType":"hfe-infocard","elType":"widget","htmlCache":"\t\t<div class=\"elementor-widget-container\">\n\t\t\t\t\t\n\t\t<div class=\"hfe-infocard\">\n\t\t\t\t\t\t\t\t\t<div class=\"hfe-infocard-title-wrap\">\n\t\t\t\t<h2 class=\"hfe-infocard-title elementor-inline-editing\" data-elementor-setting-key=\"infocard_title\" data-elementor-inline-editing-toolbar=\"basic\" >Winter Sports<\/h2>\t\t\t<\/div>\n\t\t\t\t\t\t<div class=\"hfe-infocard-text-wrap\">\n\t\t\t\t<div class=\"hfe-infocard-text elementor-inline-editing\" data-elementor-setting-key=\"infocard_description\" data-elementor-inline-editing-toolbar=\"advanced\">\n\t\t\t\t\tInterdum exercitation penatibus, praesentium facilisi accusamus fermentum, sagittis.\t\t\t\t<\/div>\n\t\t\t\t\t\t\t<\/div>\n\t\t<\/div>\n\n\t\t\t\t\t\t<\/div>\n\t\t"},{"id":"ee331c7","settings":{"carousel":[{"id":"185","url":"https:\/\/limitless.dev.ananass.fr\/wp-content\/uploads\/2018\/11\/winter-sports-01.jpg"},{"id":"186","url":"https:\/\/limitless.dev.ananass.fr\/wp-content\/uploads\/2018\/11\/winter-sports-02.jpg"},{"id":"187","url":"https:\/\/limitless.dev.ananass.fr\/wp-content\/uploads\/2018\/11\/winter-sports-03.jpg"},{"id":"188","url":"https:\/\/limitless.dev.ananass.fr\/wp-content\/uploads\/2018\/11\/winter-sports-04.jpg"}],"thumbnail_size":"custom","thumbnail_custom_dimension":{"width":"500","height":"540"},"slides_to_show":"3","slides_to_scroll":"1","navigation":"dots","open_lightbox":"yes","autoplay_speed":2000,"arrows_size":{"unit":"px","size":30},"_margin":{"unit":"px","top":"30","right":"0","bottom":"0","left":"0","isLinked":false},"_padding":{"unit":"px","top":"0","right":"0","bottom":"0","left":"0","isLinked":true},"slides_to_show_tablet":"2","slides_to_show_mobile":"1","image_stretch":"yes","autoplay":"no","arrows_position":"outside","arrows_color":"#7a7a7a","image_spacing":"custom","image_border_radius":{"unit":"px","top":"5","right":"5","bottom":"5","left":"5","isLinked":true},"dots_size":{"unit":"px","size":8},"__globals__":{"dots_color":"globals\/colors?id=astglobalcolor0"},"gallery_vertical_align":"center","carousel_name":"Image Carousel","navigation_previous_icon":{"value":"","library":""},"navigation_next_icon":{"value":"","library":""},"_background_image":{"url":"","id":"","size":""},"_background_video_fallback":{"url":"","id":"","size":""},"_background_slideshow_gallery":[],"_background_hover_image":{"url":"","id":"","size":""},"_background_hover_video_fallback":{"url":"","id":"","size":""},"_background_hover_slideshow_gallery":[],"_mask_image":{"url":"","id":"","size":""}},"elements":[],"isInner":false,"widgetType":"image-carousel","elType":"widget","htmlCache":"\t\t<div class=\"elementor-widget-container\">\n\t\t\t\t\t\t\t<div class=\"elementor-image-carousel-wrapper swiper\" role=\"region\" aria-roledescription=\"carousel\" aria-label=\"Image Carousel\" dir=\"ltr\">\n\t\t\t<div class=\"elementor-image-carousel swiper-wrapper swiper-image-stretch\" aria-live=\"polite\">\n\t\t\t\t\t\t\t\t<div class=\"swiper-slide\" role=\"group\" aria-roledescription=\"slide\" aria-label=\"1 of 4\"><figure class=\"swiper-slide-inner\"><img class=\"swiper-slide-image\" src=\"https:\/\/limitless.dev.ananass.fr\/wp-content\/uploads\/2018\/11\/winter-sports-01-150x150.jpg\" alt=\"winter-sports-01\" \/><\/figure><\/div><div class=\"swiper-slide\" role=\"group\" aria-roledescription=\"slide\" aria-label=\"2 of 4\"><figure class=\"swiper-slide-inner\"><img class=\"swiper-slide-image\" src=\"https:\/\/limitless.dev.ananass.fr\/wp-content\/uploads\/2018\/11\/winter-sports-02-150x150.jpg\" alt=\"winter-sports-02\" \/><\/figure><\/div><div class=\"swiper-slide\" role=\"group\" aria-roledescription=\"slide\" aria-label=\"3 of 4\"><figure class=\"swiper-slide-inner\"><img class=\"swiper-slide-image\" src=\"https:\/\/limitless.dev.ananass.fr\/wp-content\/uploads\/2018\/11\/winter-sports-03-150x150.jpg\" alt=\"winter-sports-03\" \/><\/figure><\/div><div class=\"swiper-slide\" role=\"group\" aria-roledescription=\"slide\" aria-label=\"4 of 4\"><figure class=\"swiper-slide-inner\"><img class=\"swiper-slide-image\" src=\"https:\/\/limitless.dev.ananass.fr\/wp-content\/uploads\/2018\/11\/winter-sports-04-150x150.jpg\" alt=\"winter-sports-04\" \/><\/figure><\/div>\t\t\t<\/div>\n\t\t\t\t\t\t\t\n\t\t\t\t\t\t\t\t\t<div class=\"swiper-pagination\"><\/div>\n\t\t\t\t\t\t\t\t\t<\/div>\n\t\t\t\t\t\t<\/div>\n\t\t"}],"isInner":true,"elType":"container"}],"isInner":false,"elType":"container"},{"id":"2e2d955a","settings":{"flex_gap":{"size":0,"unit":"px","column":"0","row":"0","isLinked":true},"content_position":"middle","padding":{"unit":"px","top":"100","right":"0","bottom":"100","left":"0","isLinked":false},"background_position":"center center","background_attachment":"fixed","background_repeat":"no-repeat","background_size":"cover","background_overlay_background":"classic","background_overlay_color":"rgba(0,0,0,0)","background_overlay_color_b":"#000000","background_overlay_gradient_angle":{"unit":"deg","size":-90},"css_filters_saturate":{"unit":"px","size":0},"background_overlay_position":"center center","background_overlay_attachment":"fixed","background_overlay_repeat":"no-repeat","background_overlay_size":"cover","padding_tablet":{"unit":"px","top":"80","right":"50","bottom":"80","left":"50","isLinked":false},"padding_mobile":{"unit":"px","top":"60","right":"20","bottom":"60","left":"20","isLinked":false},"flex_direction":"row","flex_align_items":"stretch","background_image":{"url":"","id":"","size":""},"background_video_fallback":{"url":"","id":"","size":""},"background_slideshow_gallery":[],"background_hover_image":{"url":"","id":"","size":""},"background_hover_video_fallback":{"url":"","id":"","size":""},"background_hover_slideshow_gallery":[],"background_overlay_image":{"url":"","id":"","size":""},"background_overlay_video_fallback":{"url":"","id":"","size":""},"background_overlay_slideshow_gallery":[],"background_overlay_hover_image":{"url":"","id":"","size":""},"background_overlay_hover_video_fallback":{"url":"","id":"","size":""},"background_overlay_hover_slideshow_gallery":[]},"elements":[{"id":"209ec711","settings":{"_column_size":100,"width":{"size":100,"unit":"%"},"flex_gap":{"size":10,"unit":"px","column":"10","row":"10","isLinked":true},"width_tablet":{"size":100,"unit":"%"},"padding_mobile":{"unit":"px","top":"0","right":"0","bottom":"0","left":"0","isLinked":true},"content_width":"full","padding":{"unit":"px","top":"0","right":"0","bottom":"0","left":"0","isLinked":true},"background_image":{"url":"","id":"","size":""},"background_video_fallback":{"url":"","id":"","size":""},"background_slideshow_gallery":[],"background_hover_image":{"url":"","id":"","size":""},"background_hover_video_fallback":{"url":"","id":"","size":""},"background_hover_slideshow_gallery":[],"background_overlay_image":{"url":"","id":"","size":""},"background_overlay_video_fallback":{"url":"","id":"","size":""},"background_overlay_slideshow_gallery":[],"background_overlay_hover_image":{"url":"","id":"","size":""},"background_overlay_hover_video_fallback":{"url":"","id":"","size":""},"background_overlay_hover_slideshow_gallery":[]},"elements":[{"id":"1908e983","settings":{"weight":{"unit":"px","size":3},"width":{"unit":"%","size":17},"gap":{"unit":"px","size":""},"width_tablet":{"unit":"%","size":24},"width_mobile":{"unit":"%","size":60},"text":"Forest Tours","__globals__":{"color":"globals\/colors?id=astglobalcolor0"},"align":"left","look":"line_text","html_tag":"h6","text_align":"left","text_spacing":{"unit":"px","size":17,"sizes":[]},"_element_custom_width":{"unit":"px","size":70,"sizes":[]},"_offset_x":{"size":109,"unit":"px"},"_offset_y":{"size":10,"unit":"px"},"icon":{"value":"fas fa-star","library":"fa-solid"},"_background_image":{"url":"","id":"","size":""},"_background_video_fallback":{"url":"","id":"","size":""},"_background_slideshow_gallery":[],"_background_hover_image":{"url":"","id":"","size":""},"_background_hover_video_fallback":{"url":"","id":"","size":""},"_background_hover_slideshow_gallery":[],"_mask_image":{"url":"","id":"","size":""}},"elements":[],"isInner":false,"widgetType":"divider","elType":"widget","htmlCache":"\t\t<div class=\"elementor-widget-container\">\n\t\t\t\t\t\t\t<div class=\"elementor-divider\">\n\t\t\t<span class=\"elementor-divider-separator\">\n\t\t\t\t\t\t\t<h6 class=\"elementor-divider__text elementor-divider__element\">\n\t\t\t\tForest Tours\t\t\t\t<\/h6>\n\t\t\t\t\t\t<\/span>\n\t\t<\/div>\n\t\t\t\t\t\t<\/div>\n\t\t"},{"id":"3ab01bad","settings":{"infocard_title":"Camping","infocard_description":"Interdum exercitation penatibus, praesentium facilisi accusamus fermentum, sagittis.","infocard_overall_align":"left","infocard_cta_type":"none","infocard_link_text":"Read More","infocard_button_text":"Click Here","infocard_title_tag":"h2","infocard_title_margin":{"unit":"px","top":"20","right":"0","bottom":"10","left":"0","isLinked":false},"infocard_select_icon":{"value":"","library":"fa-solid"},"btn_background_color_image":{"url":"","id":"","size":""},"btn_background_color_video_fallback":{"url":"","id":"","size":""},"btn_background_color_slideshow_gallery":[],"infocard_button_hover_bgcolor_image":{"url":"","id":"","size":""},"infocard_button_hover_bgcolor_video_fallback":{"url":"","id":"","size":""},"infocard_button_hover_bgcolor_slideshow_gallery":[],"_background_image":{"url":"","id":"","size":""},"_background_video_fallback":{"url":"","id":"","size":""},"_background_slideshow_gallery":[],"_background_hover_image":{"url":"","id":"","size":""},"_background_hover_video_fallback":{"url":"","id":"","size":""},"_background_hover_slideshow_gallery":[],"_mask_image":{"url":"","id":"","size":""}},"elements":[],"isInner":false,"widgetType":"hfe-infocard","elType":"widget","htmlCache":"\t\t<div class=\"elementor-widget-container\">\n\t\t\t\t\t\n\t\t<div class=\"hfe-infocard\">\n\t\t\t\t\t\t\t\t\t<div class=\"hfe-infocard-title-wrap\">\n\t\t\t\t<h2 class=\"hfe-infocard-title elementor-inline-editing\" data-elementor-setting-key=\"infocard_title\" data-elementor-inline-editing-toolbar=\"basic\" >Camping<\/h2>\t\t\t<\/div>\n\t\t\t\t\t\t<div class=\"hfe-infocard-text-wrap\">\n\t\t\t\t<div class=\"hfe-infocard-text elementor-inline-editing\" data-elementor-setting-key=\"infocard_description\" data-elementor-inline-editing-toolbar=\"advanced\">\n\t\t\t\t\tInterdum exercitation penatibus, praesentium facilisi accusamus fermentum, sagittis.\t\t\t\t<\/div>\n\t\t\t\t\t\t\t<\/div>\n\t\t<\/div>\n\n\t\t\t\t\t\t<\/div>\n\t\t"},{"id":"4b901418","settings":{"carousel":[{"id":"190","url":"https:\/\/limitless.dev.ananass.fr\/wp-content\/uploads\/2018\/11\/camp-1.jpg"},{"id":"191","url":"https:\/\/limitless.dev.ananass.fr\/wp-content\/uploads\/2018\/11\/camp-2.jpg"},{"id":"192","url":"https:\/\/limitless.dev.ananass.fr\/wp-content\/uploads\/2018\/11\/camp-3.jpg"},{"id":"193","url":"https:\/\/limitless.dev.ananass.fr\/wp-content\/uploads\/2018\/11\/camp-4.jpg"}],"thumbnail_size":"custom","thumbnail_custom_dimension":{"width":"500","height":"540"},"slides_to_show":"3","slides_to_scroll":"1","navigation":"dots","open_lightbox":"yes","autoplay_speed":2000,"arrows_size":{"unit":"px","size":30},"_margin":{"unit":"px","top":"30","right":"0","bottom":"0","left":"0","isLinked":false},"_padding":{"unit":"px","top":"0","right":"0","bottom":"0","left":"0","isLinked":true},"slides_to_show_tablet":"2","slides_to_show_mobile":"1","image_stretch":"yes","autoplay":"no","arrows_position":"outside","arrows_color":"#7a7a7a","image_spacing":"custom","image_border_radius":{"unit":"px","top":"5","right":"5","bottom":"5","left":"5","isLinked":true},"dots_size":{"unit":"px","size":8},"__globals__":{"dots_color":"globals\/colors?id=astglobalcolor0"},"gallery_vertical_align":"center","carousel_name":"Image Carousel","navigation_previous_icon":{"value":"","library":""},"navigation_next_icon":{"value":"","library":""},"_background_image":{"url":"","id":"","size":""},"_background_video_fallback":{"url":"","id":"","size":""},"_background_slideshow_gallery":[],"_background_hover_image":{"url":"","id":"","size":""},"_background_hover_video_fallback":{"url":"","id":"","size":""},"_background_hover_slideshow_gallery":[],"_mask_image":{"url":"","id":"","size":""}},"elements":[],"isInner":false,"widgetType":"image-carousel","elType":"widget","htmlCache":"\t\t<div class=\"elementor-widget-container\">\n\t\t\t\t\t\t\t<div class=\"elementor-image-carousel-wrapper swiper\" role=\"region\" aria-roledescription=\"carousel\" aria-label=\"Image Carousel\" dir=\"ltr\">\n\t\t\t<div class=\"elementor-image-carousel swiper-wrapper swiper-image-stretch\" aria-live=\"polite\">\n\t\t\t\t\t\t\t\t<div class=\"swiper-slide\" role=\"group\" aria-roledescription=\"slide\" aria-label=\"1 of 4\"><figure class=\"swiper-slide-inner\"><img class=\"swiper-slide-image\" src=\"https:\/\/limitless.dev.ananass.fr\/wp-content\/uploads\/2018\/11\/camp-1-150x150.jpg\" alt=\"camp-1\" \/><\/figure><\/div><div class=\"swiper-slide\" role=\"group\" aria-roledescription=\"slide\" aria-label=\"2 of 4\"><figure class=\"swiper-slide-inner\"><img class=\"swiper-slide-image\" src=\"https:\/\/limitless.dev.ananass.fr\/wp-content\/uploads\/2018\/11\/camp-2-150x150.jpg\" alt=\"camp-2\" \/><\/figure><\/div><div class=\"swiper-slide\" role=\"group\" aria-roledescription=\"slide\" aria-label=\"3 of 4\"><figure class=\"swiper-slide-inner\"><img class=\"swiper-slide-image\" src=\"https:\/\/limitless.dev.ananass.fr\/wp-content\/uploads\/2018\/11\/camp-3-150x150.jpg\" alt=\"camp-3\" \/><\/figure><\/div><div class=\"swiper-slide\" role=\"group\" aria-roledescription=\"slide\" aria-label=\"4 of 4\"><figure class=\"swiper-slide-inner\"><img class=\"swiper-slide-image\" src=\"https:\/\/limitless.dev.ananass.fr\/wp-content\/uploads\/2018\/11\/camp-4-150x150.jpg\" alt=\"camp-4\" \/><\/figure><\/div>\t\t\t<\/div>\n\t\t\t\t\t\t\t\n\t\t\t\t\t\t\t\t\t<div class=\"swiper-pagination\"><\/div>\n\t\t\t\t\t\t\t\t\t<\/div>\n\t\t\t\t\t\t<\/div>\n\t\t"}],"isInner":true,"elType":"container"}],"isInner":false,"elType":"container"}],"settings":{"template":"default","astra_sites_main_color":"var(--ast-global-color-0)","astra_sites_heading_base_color":"var(--ast-global-color-2)","astra_sites_link_color":"var(--ast-global-color-0)","astra_sites_link_hover_color":"var(--ast-global-color-1)","astra_sites_text_color":"var(--ast-global-color-3)","astra_sites_body_typography":"custom","astra_sites_body_font_size":{"unit":"px","size":16},"astra_sites_body_font_size_mobile":{"unit":"px","size":15},"astra_sites_body_line_height":{"unit":"em","size":1.7},"astra_sites_body_font_family":"Noto Sans","astra_sites_body_font_weight":"400","astra_sites_heading_1_typography":"custom","astra_sites_heading_1_font_size":{"unit":"px","size":64},"astra_sites_heading_1_font_size_tablet":{"unit":"px","size":44},"astra_sites_heading_1_font_size_mobile":{"unit":"px","size":30},"astra_sites_default_heading_font_family":"'Montserrat', sans-serif","astra_sites_heading_1_font_family":"'Montserrat'","astra_sites_heading_1_font_weight":"700","astra_sites_heading_1_text_transform":"uppercase","astra_sites_heading_2_typography":"custom","astra_sites_heading_2_font_size":{"unit":"px","size":34},"astra_sites_heading_2_font_size_tablet":{"unit":"px","size":32},"astra_sites_heading_2_font_size_mobile":{"unit":"px","size":24},"astra_sites_heading_2_line_height":{"unit":"em","size":1.4},"astra_sites_heading_2_font_family":"'Montserrat'","astra_sites_heading_2_font_weight":"700","astra_sites_heading_2_text_transform":"uppercase","astra_sites_heading_3_typography":"custom","astra_sites_heading_3_font_size":{"unit":"px","size":24},"astra_sites_heading_3_font_family":"'Montserrat'","astra_sites_heading_3_font_weight":"700","astra_sites_heading_4_typography":"custom","astra_sites_heading_4_font_size":{"unit":"px","size":20},"astra_sites_heading_4_font_size_mobile":{"unit":"px","size":19},"astra_sites_heading_4_font_family":"'Montserrat'","astra_sites_heading_4_font_weight":"700","astra_sites_heading_5_typography":"custom","astra_sites_heading_5_font_size":{"unit":"px","size":18},"astra_sites_heading_5_font_size_mobile":{"unit":"px","size":16},"astra_sites_heading_5_font_family":"'Montserrat'","astra_sites_heading_5_font_weight":"700","astra_sites_heading_6_typography":"custom","astra_sites_heading_6_font_size":{"unit":"px","size":15},"astra_sites_heading_6_font_size_mobile":{"unit":"px","size":15},"astra_sites_heading_6_font_family":"'Montserrat'","astra_sites_heading_6_font_weight":"700","astra_sites_page_setting_enable":""},"metadata":{"site-sidebar-layout":"no-sidebar","site-content-layout":"page-builder","theme-transparent-header-meta":"enabled","site-post-title":"disabled","ast-title-bar-display":"disabled","ast-featured-img":"disabled","astra-main-page-id":"23831","ast_self_id_23831":"1","ast-site-content-layout":"full-width-container","site-content-style":"unboxed","site-sidebar-style":"unboxed","astra-migrate-meta-layouts":"set"}}