{"content":[{"id":"695724c4","settings":{"content_width":"full","min_height":{"unit":"vh","size":60,"sizes":[]},"min_height_tablet":{"unit":"vh","size":"","sizes":[]},"min_height_mobile":{"unit":"vh","size":"","sizes":[]},"flex_direction":"column","flex_justify_content":"center","flex_align_items":"center","background_background":"classic","padding":{"unit":"%","top":"0","right":"0","bottom":"0","left":"0","isLinked":true},"padding_tablet":{"unit":"%","top":"5","right":"5","bottom":"5","left":"5","isLinked":true},"padding_mobile":{"unit":"%","top":"5","right":"5","bottom":"5","left":"5","isLinked":false},"__globals__":{"background_color":"globals\/colors?id=9b0591c","background_overlay_color":"","background_overlay_color_b":"globals\/colors?id=primary","background_color_b":"globals\/colors?id=a2fb886","shape_divider_bottom_color":"globals\/colors?id=a2fb886"},"background_image":{"url":"https:\/\/limitless.dev.ananass.fr\/wp-content\/uploads\/2023\/05\/pexels-allan-mas-5383491.jpg","id":1844,"size":"","alt":"","source":"library"},"background_position":"center center","background_repeat":"no-repeat","background_overlay_gradient_position":"bottom right","background_overlay_opacity":{"unit":"px","size":1,"sizes":[]},"background_size":"cover","background_image_tablet":{"url":"https:\/\/limitless.dev.ananass.fr\/wp-content\/uploads\/2023\/05\/pexels-pavel-danilyuk-7591312.jpg","id":1837,"size":"","alt":"","source":"library"},"background_overlay_color_b":"#FF5D00","_title":"Hero","background_color":"#262626","background_color_b":"#FFFFFF","background_slideshow_gallery":[{"id":1854,"url":"https:\/\/limitless.dev.ananass.fr\/wp-content\/uploads\/2023\/05\/pexels-pavel-danilyuk-7590913.jpg"},{"id":1863,"url":"https:\/\/limitless.dev.ananass.fr\/wp-content\/uploads\/2023\/05\/pexels-pavel-danilyuk-7590984.jpg"},{"id":1855,"url":"https:\/\/limitless.dev.ananass.fr\/wp-content\/uploads\/2023\/05\/pexels-pavel-danilyuk-7590980.jpg"}],"background_overlay_image":{"url":"","id":"","size":"","alt":"","source":"library"},"background_overlay_repeat":"no-repeat","background_overlay_size":"contain","shape_divider_bottom_color":"#FFFFFF","shape_divider_bottom_height":{"unit":"px","size":95,"sizes":[]},"background_video_link":"https:\/\/youtu.be\/oVajOHQ-mwQ","background_slideshow_ken_burns":"yes","background_overlay_background":"gradient","flex_gap":{"unit":"px","size":0,"sizes":[],"column":"0","row":"0","isLinked":true},"background_bg_width":{"unit":"%","size":42,"sizes":[]},"background_image_mobile":{"url":"https:\/\/limitless.dev.ananass.fr\/wp-content\/uploads\/2023\/05\/pexels-pavel-danilyuk-7590913.jpg","id":1854,"size":"","alt":"","source":"library"},"background_size_mobile":"cover","background_slideshow_background_size":"cover","background_slideshow_background_position":"center center","background_overlay_position":"center center","css_classes":"content-scroll","background_overlay_color":"#26262652","background_overlay_color_stop":{"unit":"%","size":86,"sizes":[]},"background_overlay_color_b_stop":{"unit":"%","size":30,"sizes":[]},"background_overlay_gradient_angle":{"unit":"deg","size":190,"sizes":[]},"shape_divider_bottom":"pyramids","shape_divider_bottom_width":{"unit":"%","size":134,"sizes":[]}},"elements":[{"id":"2a582a83","settings":{"flex_direction":"row","flex_gap":{"unit":"px","size":0,"column":"0","row":"0","isLinked":true},"content_width":"full","min_height":{"unit":"vh","size":"","sizes":[]},"min_height_tablet":{"unit":"vh","size":"","sizes":[]},"min_height_mobile":{"unit":"vh","size":0,"sizes":[]},"padding":{"unit":"%","top":"5","right":"5","bottom":"5","left":"5","isLinked":false},"padding_tablet":{"unit":"%","top":"5","right":"5","bottom":"5","left":"5","isLinked":true},"padding_mobile":{"unit":"%","top":"","right":"","bottom":"","left":"","isLinked":true},"background_image":{"url":"","id":"","size":"","alt":"","source":"library"},"background_position":"center center","background_repeat":"no-repeat","background_size":"contain","background_overlay_color_b":"#FFFFFF00","background_overlay_color_b_stop":{"unit":"%","size":53,"sizes":[]},"background_overlay_gradient_type":"radial","background_overlay_opacity":{"unit":"px","size":1,"sizes":[]},"__globals__":{"background_overlay_color":"","background_overlay_color_b":""},"background_motion_fx_scale_direction":"in-out","background_overlay_image":{"url":"","id":"","size":"","alt":"","source":"library"},"background_overlay_position":"center center","background_overlay_repeat":"no-repeat","background_overlay_size":"contain","background_slideshow_background_size":"contain","background_slideshow_background_position":"center center","overlay_blend_mode":"multiply","animation_duration":"fast","flex_direction_tablet":"column","background_image_tablet":{"url":"https:\/\/limitless.dev.ananass.fr\/wp-content\/uploads\/2023\/03\/step-wordpress-theme-by-ananass-12-min.png","id":586,"size":"","alt":"","source":"library"},"background_image_mobile":{"url":"https:\/\/limitless.dev.ananass.fr\/wp-content\/uploads\/2023\/03\/step-wordpress-theme-by-ananass-11-min.png","id":585,"size":"","alt":"","source":"library"},"background_slideshow_gallery":[{"id":1803,"url":"https:\/\/limitless.dev.ananass.fr\/wp-content\/uploads\/2023\/05\/sportsman-sitting-climbing.png"},{"id":1799,"url":"https:\/\/limitless.dev.ananass.fr\/wp-content\/uploads\/2023\/05\/stretching-floor.png"}],"background_slideshow_ken_burns":"yes","flex_align_items":"center","flex_justify_content":"center"},"elements":[{"id":"33356d99","settings":{"flex_direction":"column","content_width":"full","width":{"unit":"%","size":50},"padding":{"unit":"%","top":"5","right":"1","bottom":"1","left":"1","isLinked":false},"padding_tablet":{"unit":"%","top":"","right":"","bottom":"","left":"","isLinked":true},"padding_mobile":{"unit":"%","top":"","right":"","bottom":"","left":"","isLinked":true},"flex_justify_content":"flex-end","width_tablet":{"unit":"%","size":100,"sizes":[]},"width_mobile":{"unit":"%","size":"","sizes":[]},"min_height":{"unit":"vh","size":"","sizes":[]},"min_height_tablet":{"unit":"vh","size":"","sizes":[]},"min_height_mobile":{"unit":"vh","size":"","sizes":[]},"__globals__":{"background_color":"globals\/colors?id=secondary"},"border_radius":{"unit":"px","top":"10","right":"10","bottom":"10","left":"10","isLinked":true},"_flex_size":"none","_element_width":"initial"},"elements":[{"id":"9224eae","settings":{"title":"What we do","header_size":"span","__globals__":{"typography_typography":"","title_color":"globals\/colors?id=primary"},"typography_typography":"custom","typography_font_family":"Montserrat","typography_font_size":{"unit":"rem","size":1.5,"sizes":[]},"typography_font_weight":"800","typography_text_transform":"uppercase","align":"center"},"elements":[],"isInner":false,"widgetType":"heading","elType":"widget"},{"id":"1f732c55","settings":{"title":"Title","typography_typography":"custom","typography_font_family":"Josefin Sans","typography_font_weight":"bold","__globals__":{"title_color":"globals\/colors?id=a2fb886","typography_typography":""},"typography_font_size":{"unit":"rem","size":3.2,"sizes":[]},"typography_text_transform":"uppercase","typography_font_size_mobile":{"unit":"rem","size":1.4,"sizes":[]},"header_size":"span","typography_font_style":"italic","align":"center","text_shadow_text_shadow_type":"yes","__dynamic__":{"title":"[elementor-tag id=\"011d4a8\" name=\"page-title\" settings=\"%7B%7D\"]"}},"elements":[],"isInner":false,"widgetType":"heading","elType":"widget"},{"id":"7374a500","settings":{"title":"Climbing Basics","__globals__":{"typography_typography":"globals\/typography?id=accent","title_color":"globals\/colors?id=a2fb886"},"title_color":"#00327F","text_shadow_text_shadow_type":"yes","header_size":"h1","align":"center"},"elements":[],"isInner":false,"widgetType":"heading","elType":"widget"},{"id":"4fdce10a","settings":{"__globals__":{"text_color":"globals\/colors?id=a2fb886","typography_typography":"globals\/typography?id=text"},"editor":"Learn the fundamentals of climbing in this introductory class. Our experienced instructors will teach you basic techniques, safety procedures, and proper equipment usage. Perfect for beginners!","_element_width":"initial","_element_custom_width":{"unit":"%","size":""},"_flex_size":"none","text_color":"#1E1E1E","text_shadow_text_shadow_type":"yes","align":"center"},"elements":[],"isInner":false,"widgetType":"text-editor","elType":"widget"}],"isInner":true,"elType":"container"}],"isInner":true,"elType":"container"}],"isInner":false,"elType":"container"},{"id":"197cdbaf","settings":{"content_width":"full","min_height":{"unit":"vh","size":"","sizes":[]},"min_height_tablet":{"unit":"vh","size":"","sizes":[]},"min_height_mobile":{"unit":"vh","size":"","sizes":[]},"flex_direction":"column","flex_justify_content":"center","flex_align_items":"center","background_background":"classic","padding":{"unit":"%","top":"1","right":"5","bottom":"0","left":"5","isLinked":false},"padding_tablet":{"unit":"%","top":"","right":"","bottom":"","left":"","isLinked":true},"padding_mobile":{"unit":"%","top":"","right":"","bottom":"","left":"","isLinked":true},"__globals__":{"background_color":"globals\/colors?id=a2fb886","shape_divider_top_color":"","background_overlay_color":"globals\/colors?id=a2fb886","background_overlay_color_b":"globals\/colors?id=primary","background_color_b":"globals\/colors?id=secondary","shape_divider_bottom_color":"globals\/colors?id=primary"},"background_image":{"url":"","id":"","size":"","alt":"","source":"library"},"background_position":"bottom left","background_repeat":"no-repeat","background_color":"#FFFFFF","background_overlay_background":"gradient","background_overlay_color_b":"#FF5D00","background_overlay_gradient_position":"bottom left","background_overlay_opacity":{"unit":"px","size":1,"sizes":[]},"background_color_b":"#D9CDBF","background_size":"initial","background_bg_width":{"unit":"%","size":79,"sizes":[]},"background_overlay_color_stop":{"unit":"%","size":72,"sizes":[]},"background_overlay_gradient_angle":{"unit":"deg","size":185,"sizes":[]},"shape_divider_bottom":"pyramids","shape_divider_bottom_color":"#FF5D00","shape_divider_bottom_width":{"unit":"%","size":141,"sizes":[]},"shape_divider_bottom_height":{"unit":"px","size":194,"sizes":[]},"shape_divider_bottom_flip":"yes"},"elements":[{"id":"3867b49a","settings":{"flex_direction":"row","flex_gap":{"unit":"px","size":0,"column":"0","row":"0","isLinked":true},"content_width":"full","min_height":{"unit":"vh","size":72,"sizes":[]},"min_height_tablet":{"unit":"vh","size":"","sizes":[]},"min_height_mobile":{"unit":"vh","size":"","sizes":[]},"padding":{"unit":"%","top":"5","right":"5","bottom":"5","left":"5","isLinked":false},"padding_tablet":{"unit":"%","top":"","right":"","bottom":"","left":"","isLinked":true},"padding_mobile":{"unit":"%","top":"","right":"","bottom":"","left":"","isLinked":true},"flex_direction_tablet":"column"},"elements":[{"id":"7a1d313b","settings":{"flex_direction":"column","content_width":"full","width":{"unit":"%","size":"50"},"background_background":"classic","background_image":{"url":"https:\/\/limitless.dev.ananass.fr\/wp-content\/uploads\/2023\/05\/pexels-allan-mas-5384161.jpg","id":1862,"size":"","alt":"","source":"library"},"background_position":"center center","background_repeat":"no-repeat","background_size":"cover","padding":{"unit":"%","top":"5","right":"5","bottom":"5","left":"5","isLinked":false},"padding_tablet":{"unit":"%","top":"","right":"","bottom":"","left":"","isLinked":true},"padding_mobile":{"unit":"%","top":"","right":"","bottom":"","left":"","isLinked":true},"flex_justify_content":"flex-end","width_tablet":{"unit":"%","size":100,"sizes":[]},"width_mobile":{"unit":"%","size":"","sizes":[]},"flex_align_items":"center","background_overlay_image":{"url":"","id":"","size":"","alt":"","source":"library"},"background_overlay_position":"initial","background_overlay_xpos":{"unit":"px","size":248,"sizes":[]},"background_overlay_ypos":{"unit":"px","size":218,"sizes":[]},"background_overlay_repeat":"no-repeat","background_overlay_size":"initial","background_overlay_bg_width":{"unit":"%","size":46,"sizes":[]},"background_overlay_opacity":{"unit":"px","size":1,"sizes":[]},"animation":"fadeIn","animation_delay":300,"border_border":"none","__globals__":{"border_color":"globals\/colors?id=secondary","background_overlay_color":"","background_overlay_color_b":"globals\/colors?id=text","shape_divider_bottom_color":"globals\/colors?id=primary","shape_divider_top_color":"globals\/colors?id=a2fb886"},"min_height_tablet":{"unit":"vh","size":50,"sizes":[]},"min_height_mobile":{"unit":"vh","size":40,"sizes":[]},"background_image_tablet":{"url":"https:\/\/limitless.dev.ananass.fr\/wp-content\/uploads\/2023\/05\/pexels-pavel-danilyuk-7591312.jpg","id":1837,"size":"","alt":"","source":"library"},"background_overlay_color":"#29292900","background_overlay_color_b":"#292929","background_overlay_gradient_angle":{"unit":"deg","size":-90,"sizes":[]},"border_color":"#D9CDBF","box_shadow_box_shadow_type":"yes","box_shadow_box_shadow":{"horizontal":0,"vertical":-40,"blur":40,"spread":0,"color":"rgba(0, 0, 0, 0.24)"},"margin":{"unit":"%","top":"0","right":"0","bottom":"0","left":"0","isLinked":false},"margin_tablet":{"unit":"%","top":"","right":"","bottom":"","left":"","isLinked":true},"margin_mobile":{"unit":"%","top":"","right":"","bottom":"","left":"","isLinked":true},"border_width":{"unit":"px","top":"1","right":"1","bottom":"1","left":"1","isLinked":true},"border_radius":{"unit":"px","top":"10","right":"10","bottom":"10","left":"10","isLinked":true},"min_height":{"unit":"vh","size":72,"sizes":[]},"shape_divider_top_color":"#FFFFFF","shape_divider_top_negative":"yes","shape_divider_bottom":"pyramids","shape_divider_bottom_width":{"unit":"%","size":131,"sizes":[]},"shape_divider_bottom_height":{"unit":"px","size":80,"sizes":[]}},"elements":[{"id":"625ff893","settings":{"title":"Specialized","typography_typography":"custom","typography_font_family":"Josefin Sans","typography_font_weight":"900","__globals__":{"title_color":"globals\/colors?id=primary","typography_typography":""},"typography_font_size":{"unit":"rem","size":5,"sizes":[]},"typography_text_transform":"uppercase","typography_font_size_mobile":{"unit":"rem","size":4.5,"sizes":[]},"header_size":"span","_padding":{"unit":"px","top":"0","right":"0","bottom":"0","left":"0","isLinked":false},"_position":"absolute","_offset_x":{"size":-261,"unit":"px"},"_offset_y":{"size":262,"unit":"px"},"_animation":"fadeInLeft","_transform_rotate_popover":"transform","_transform_rotateZ_effect":{"unit":"px","size":-90,"sizes":[]},"align":"left","typography_line_height":{"unit":"em","size":"","sizes":[]},"typography_word_spacing":{"unit":"em","size":"","sizes":[]},"text_shadow_text_shadow_type":"yes","text_shadow_text_shadow":{"horizontal":0,"vertical":0,"blur":40,"color":"rgba(255, 93.00000000000001, 0, 0.21176470588235294)"},"_margin":{"unit":"px","top":"0","right":"0","bottom":"0","left":"0","isLinked":false},"_z_index":2,"_animation_delay":650,"typography_font_size_tablet":{"unit":"rem","size":4.2,"sizes":[]},"_offset_x_tablet":{"size":-226,"unit":"px"},"_offset_y_tablet":{"size":173,"unit":"px"},"_offset_x_mobile":{"size":-159,"unit":"px"},"_offset_y_mobile":{"size":52,"unit":"px"},"hide_tablet":"hidden-tablet","hide_mobile":"hidden-mobile"},"elements":[],"isInner":false,"widgetType":"heading","elType":"widget"}],"isInner":true,"elType":"container"},{"id":"6d208ed9","settings":{"flex_direction":"column","content_width":"full","width":{"unit":"%","size":"50"},"padding":{"unit":"%","top":"5","right":"5","bottom":"5","left":"5","isLinked":true},"padding_tablet":{"unit":"%","top":"5","right":"5","bottom":"15","left":"5","isLinked":false},"padding_mobile":{"unit":"%","top":"","right":"","bottom":"","left":"","isLinked":true},"flex_justify_content":"center","flex_align_items":"flex-start","width_tablet":{"unit":"%","size":100,"sizes":[]},"width_mobile":{"unit":"%","size":"","sizes":[]},"animation":"fadeInUp"},"elements":[{"id":"7bdca3ad","settings":{"icon_list":[{"text":"Discover","_id":"742592c","selected_icon":{"value":"fas fa-circle","library":"fa-solid"}}],"__globals__":{"text_color":"globals\/colors?id=primary","icon_color":"globals\/colors?id=accent","icon_typography_typography":"globals\/typography?id=6be452f"},"view":"inline","link_click":"inline"},"elements":[],"isInner":false,"widgetType":"icon-list","elType":"widget"},{"id":"1b921aa2","settings":{"title":"Climbing 101","typography_typography":"custom","typography_font_family":"Josefin Sans","typography_font_weight":"bold","__globals__":{"title_color":"globals\/colors?id=9b0591c","typography_typography":""},"typography_font_size":{"unit":"rem","size":3.2,"sizes":[]},"typography_text_transform":"uppercase","typography_font_size_mobile":{"unit":"rem","size":1.5,"sizes":[]},"header_size":"h3"},"elements":[],"isInner":false,"widgetType":"heading","elType":"widget"},{"id":"2d21779b","settings":{"title":"Scaling New Heights Safely","header_size":"h4","__globals__":{"typography_typography":"globals\/typography?id=accent","title_color":"globals\/colors?id=9b0591c"},"title_color":"#00327F"},"elements":[],"isInner":false,"widgetType":"heading","elType":"widget"},{"id":"19066b90","settings":{"__globals__":{"text_color":"globals\/colors?id=9b0591c"},"editor":"Ready to take your climbing skills to the next level? Join our Climbing 101 class and learn advanced techniques, such as lead climbing, belaying, and route reading. Suitable for intermediate climbers."},"elements":[],"isInner":false,"widgetType":"text-editor","elType":"widget"},{"id":"7480ea7","settings":{"text":"Join us today","size":"xl","border_radius":{"unit":"px","top":"50","right":"50","bottom":"50","left":"50","isLinked":true},"__globals__":{"background_color":"","button_text_color":"globals\/colors?id=a2fb886","border_color":"globals\/colors?id=primary","hover_color":"globals\/colors?id=primary","button_background_hover_color":"globals\/colors?id=9b0591c"},"button_box_shadow_box_shadow":{"horizontal":0,"vertical":0,"blur":24,"spread":0,"color":"rgba(255, 8.999999999999996, 8.999999999999996, 0.66)"},"typography_typography":"custom","typography_font_family":"Josefin Sans","typography_font_size":{"unit":"rem","size":1.125,"sizes":[]},"typography_font_weight":"600","typography_text_transform":"uppercase","hover_animation":"bob","border_border":"solid","button_box_shadow_box_shadow_type":"yes","align":"left","_flex_align_self":"flex-start","border_width":{"unit":"px","top":"1","right":"1","bottom":"1","left":"1","isLinked":true}},"elements":[],"isInner":false,"widgetType":"button","elType":"widget"}],"isInner":true,"elType":"container"}],"isInner":true,"elType":"container"}],"isInner":false,"elType":"container"},{"id":"1fdee854","settings":{"flex_direction":"column","min_height":{"unit":"vh","size":"","sizes":[]},"min_height_tablet":{"unit":"vh","size":"","sizes":[]},"min_height_mobile":{"unit":"vh","size":"","sizes":[]},"flex_justify_content":"center","flex_align_items":"center","background_image":{"url":"https:\/\/limitless.dev.ananass.fr\/wp-content\/uploads\/2023\/05\/Motif-bg.png","id":2191,"size":"","alt":"","source":"library"},"background_position":"top center","background_xpos":{"unit":"px","size":-306,"sizes":[]},"background_ypos":{"unit":"px","size":-41,"sizes":[]},"background_repeat":"no-repeat","background_size":"cover","background_overlay_opacity":{"unit":"px","size":1,"sizes":[]},"padding":{"unit":"%","top":"5","right":"5","bottom":"5","left":"5","isLinked":true},"padding_tablet":{"unit":"%","top":"","right":"","bottom":"","left":"","isLinked":true},"padding_mobile":{"unit":"%","top":"","right":"","bottom":"","left":"","isLinked":true},"__globals__":{"background_color":"globals\/colors?id=primary","background_overlay_color":"","background_color_b":"globals\/colors?id=a2fb886","shape_divider_top_color":"globals\/colors?id=secondary","shape_divider_bottom_color":"globals\/colors?id=a2fb886","background_overlay_color_b":"globals\/colors?id=primary"},"background_motion_fx_mouseTrack_effect":"yes","background_motion_fx_mouseTrack_speed":{"unit":"px","size":0.1,"sizes":[]},"content_width":"full","background_color_b_stop":{"unit":"%","size":55,"sizes":[]},"shape_divider_top_width":{"unit":"%","size":181,"sizes":[]},"shape_divider_top_height":{"unit":"px","size":404,"sizes":[]},"shape_divider_top_flip":"yes","background_background":"classic","shape_divider_bottom_width":{"unit":"%","size":218,"sizes":[]},"shape_divider_bottom_height":{"unit":"px","size":452,"sizes":[]},"background_color":"#FF5D00","background_color_b":"#FFFFFF","background_overlay_background":"gradient","background_overlay_color":"#FF5D0000","background_overlay_gradient_type":"radial","shape_divider_top_color":"#D9CDBF","shape_divider_bottom_color":"#FFFFFF"},"elements":[{"id":"b2f657","settings":{"flex_direction":"row","flex_gap":{"unit":"px","size":0,"column":"0","row":"0","isLinked":true},"content_width":"full","min_height":{"unit":"vh","size":72,"sizes":[]},"min_height_tablet":{"unit":"vh","size":"","sizes":[]},"min_height_mobile":{"unit":"vh","size":"","sizes":[]},"padding":{"unit":"%","top":"5","right":"5","bottom":"5","left":"5","isLinked":false},"padding_tablet":{"unit":"%","top":"","right":"","bottom":"","left":"","isLinked":true},"padding_mobile":{"unit":"%","top":"","right":"","bottom":"","left":"","isLinked":true},"flex_direction_tablet":"column"},"elements":[{"id":"15cc6f8f","settings":{"flex_direction":"column","content_width":"full","width":{"unit":"%","size":"50"},"background_background":"classic","background_image":{"url":"https:\/\/limitless.dev.ananass.fr\/wp-content\/uploads\/2023\/05\/pexels-allan-mas-5383785-scaled.jpg","id":1839,"size":"","alt":"","source":"library"},"background_position":"bottom center","background_repeat":"no-repeat","background_size":"cover","padding":{"unit":"%","top":"5","right":"5","bottom":"5","left":"5","isLinked":false},"padding_tablet":{"unit":"%","top":"","right":"","bottom":"","left":"","isLinked":true},"padding_mobile":{"unit":"%","top":"","right":"","bottom":"","left":"","isLinked":true},"flex_justify_content":"flex-end","width_tablet":{"unit":"%","size":100,"sizes":[]},"width_mobile":{"unit":"%","size":"","sizes":[]},"flex_align_items":"center","background_overlay_image":{"url":"","id":"","size":"","alt":"","source":"library"},"background_overlay_position":"initial","background_overlay_xpos":{"unit":"px","size":248,"sizes":[]},"background_overlay_ypos":{"unit":"px","size":218,"sizes":[]},"background_overlay_repeat":"no-repeat","background_overlay_size":"initial","background_overlay_bg_width":{"unit":"%","size":46,"sizes":[]},"background_overlay_opacity":{"unit":"px","size":1,"sizes":[]},"animation":"fadeIn","animation_delay":300,"border_border":"none","__globals__":{"border_color":"globals\/colors?id=secondary","background_overlay_color":"","background_overlay_color_b":"globals\/colors?id=text","shape_divider_bottom_color":"globals\/colors?id=primary","shape_divider_top_color":"globals\/colors?id=a2fb886"},"min_height_tablet":{"unit":"vh","size":50,"sizes":[]},"min_height_mobile":{"unit":"vh","size":40,"sizes":[]},"background_image_tablet":{"url":"https:\/\/limitless.dev.ananass.fr\/wp-content\/uploads\/2023\/05\/pexels-pavel-danilyuk-7591312.jpg","id":1837,"size":"","alt":"","source":"library"},"background_overlay_color":"#29292900","background_overlay_color_b":"#292929","background_overlay_gradient_angle":{"unit":"deg","size":-90,"sizes":[]},"border_color":"#D9CDBF","box_shadow_box_shadow_type":"yes","box_shadow_box_shadow":{"horizontal":0,"vertical":-40,"blur":40,"spread":0,"color":"rgba(0, 0, 0, 0.24)"},"margin":{"unit":"%","top":"0","right":"0","bottom":"0","left":"0","isLinked":false},"margin_tablet":{"unit":"%","top":"","right":"","bottom":"","left":"","isLinked":true},"margin_mobile":{"unit":"%","top":"","right":"","bottom":"","left":"","isLinked":true},"border_width":{"unit":"px","top":"1","right":"1","bottom":"1","left":"1","isLinked":true},"border_radius":{"unit":"px","top":"10","right":"10","bottom":"10","left":"10","isLinked":true},"min_height":{"unit":"vh","size":72,"sizes":[]},"shape_divider_top_color":"#FFFFFF","shape_divider_top_negative":"yes","shape_divider_bottom":"pyramids","shape_divider_bottom_width":{"unit":"%","size":131,"sizes":[]},"shape_divider_bottom_height":{"unit":"px","size":80,"sizes":[]}},"elements":[{"id":"2972d10a","settings":{"title":"Specialized","typography_typography":"custom","typography_font_family":"Josefin Sans","typography_font_weight":"900","__globals__":{"title_color":"globals\/colors?id=a2fb886","typography_typography":""},"typography_font_size":{"unit":"rem","size":5,"sizes":[]},"typography_text_transform":"uppercase","typography_font_size_mobile":{"unit":"rem","size":4.5,"sizes":[]},"header_size":"span","_padding":{"unit":"px","top":"0","right":"0","bottom":"0","left":"0","isLinked":false},"_position":"absolute","_offset_x":{"size":-257,"unit":"px"},"_offset_y":{"size":274,"unit":"px"},"_animation":"fadeInLeft","_transform_rotate_popover":"transform","_transform_rotateZ_effect":{"unit":"px","size":-90,"sizes":[]},"align":"left","typography_line_height":{"unit":"em","size":"","sizes":[]},"typography_word_spacing":{"unit":"em","size":"","sizes":[]},"text_shadow_text_shadow_type":"yes","text_shadow_text_shadow":{"horizontal":0,"vertical":0,"blur":40,"color":"rgba(255, 93.00000000000001, 0, 0.21176470588235294)"},"_margin":{"unit":"px","top":"0","right":"0","bottom":"0","left":"0","isLinked":false},"_z_index":2,"_animation_delay":650,"typography_font_size_tablet":{"unit":"rem","size":4.2,"sizes":[]},"_offset_x_tablet":{"size":-218,"unit":"px"},"_offset_y_tablet":{"size":173,"unit":"px"},"_offset_x_mobile":{"size":-159,"unit":"px"},"_offset_y_mobile":{"size":52,"unit":"px"},"hide_tablet":"hidden-tablet","hide_mobile":"hidden-mobile"},"elements":[],"isInner":false,"widgetType":"heading","elType":"widget"}],"isInner":true,"elType":"container"},{"id":"754d2f3a","settings":{"flex_direction":"column","content_width":"full","width":{"unit":"%","size":"50"},"padding":{"unit":"%","top":"5","right":"5","bottom":"5","left":"5","isLinked":true},"padding_tablet":{"unit":"%","top":"5","right":"5","bottom":"15","left":"5","isLinked":false},"padding_mobile":{"unit":"%","top":"","right":"","bottom":"","left":"","isLinked":true},"flex_justify_content":"center","flex_align_items":"flex-start","width_tablet":{"unit":"%","size":100,"sizes":[]},"width_mobile":{"unit":"%","size":"","sizes":[]},"animation":"fadeInUp"},"elements":[{"id":"44353acf","settings":{"icon_list":[{"text":"Discover","_id":"742592c","selected_icon":{"value":"fas fa-circle","library":"fa-solid"}}],"__globals__":{"text_color":"globals\/colors?id=a2fb886","icon_color":"globals\/colors?id=a2fb886","icon_typography_typography":"globals\/typography?id=6be452f"},"view":"inline","link_click":"inline"},"elements":[],"isInner":false,"widgetType":"icon-list","elType":"widget"},{"id":"50a3a6f6","settings":{"title":"Workshops","typography_typography":"custom","typography_font_family":"Josefin Sans","typography_font_weight":"bold","__globals__":{"title_color":"globals\/colors?id=a2fb886","typography_typography":""},"typography_font_size":{"unit":"rem","size":3.2,"sizes":[]},"typography_text_transform":"uppercase","typography_font_size_mobile":{"unit":"rem","size":1.5,"sizes":[]},"header_size":"h3"},"elements":[],"isInner":false,"widgetType":"heading","elType":"widget"},{"id":"1283a013","settings":{"title":"Bouldering Techniques","header_size":"h4","__globals__":{"typography_typography":"globals\/typography?id=accent","title_color":"globals\/colors?id=a2fb886"},"title_color":"#00327F"},"elements":[],"isInner":false,"widgetType":"heading","elType":"widget"},{"id":"2081a921","settings":{"__globals__":{"text_color":"globals\/colors?id=a2fb886"},"editor":"Master the art of bouldering in this specialized workshop. Improve your strength, agility, and problem-solving skills as you tackle challenging boulder problems with guidance from our expert coaches."},"elements":[],"isInner":false,"widgetType":"text-editor","elType":"widget"},{"id":"324e5736","settings":{"text":"Join us today","size":"xl","border_radius":{"unit":"px","top":"50","right":"50","bottom":"50","left":"50","isLinked":true},"__globals__":{"background_color":"globals\/colors?id=9b0591c","button_text_color":"globals\/colors?id=primary","border_color":"globals\/colors?id=primary","hover_color":"globals\/colors?id=primary","button_background_hover_color":"globals\/colors?id=9b0591c"},"button_box_shadow_box_shadow":{"horizontal":0,"vertical":0,"blur":24,"spread":0,"color":"rgba(255, 8.999999999999996, 8.999999999999996, 0.66)"},"typography_typography":"custom","typography_font_family":"Josefin Sans","typography_font_size":{"unit":"rem","size":1.125,"sizes":[]},"typography_font_weight":"600","typography_text_transform":"uppercase","hover_animation":"bob","border_border":"solid","button_box_shadow_box_shadow_type":"yes","align":"left","_flex_align_self":"flex-start","border_width":{"unit":"px","top":"1","right":"1","bottom":"1","left":"1","isLinked":true}},"elements":[],"isInner":false,"widgetType":"button","elType":"widget"}],"isInner":true,"elType":"container"}],"isInner":true,"elType":"container"}],"isInner":false,"elType":"container"},{"id":"4d315ffa","settings":{"content_width":"full","min_height":{"unit":"vh","size":"","sizes":[]},"min_height_tablet":{"unit":"vh","size":"","sizes":[]},"min_height_mobile":{"unit":"vh","size":"","sizes":[]},"flex_direction":"column","flex_justify_content":"center","flex_align_items":"center","background_background":"classic","padding":{"unit":"%","top":"5","right":"5","bottom":"5","left":"5","isLinked":false},"padding_tablet":{"unit":"%","top":"","right":"","bottom":"","left":"","isLinked":true},"padding_mobile":{"unit":"%","top":"","right":"","bottom":"","left":"","isLinked":true},"__globals__":{"background_color":"globals\/colors?id=a2fb886","shape_divider_top_color":"globals\/colors?id=primary","background_overlay_color":"globals\/colors?id=a2fb886","background_overlay_color_b":"globals\/colors?id=text","background_color_b":"globals\/colors?id=secondary"},"background_image":{"url":"","id":"","size":"","alt":"","source":"library"},"background_position":"bottom left","background_repeat":"no-repeat","background_color":"#292929","background_overlay_background":"classic","background_overlay_color_b":"#FF5D00","background_overlay_gradient_position":"bottom left","background_overlay_opacity":{"unit":"px","size":0.9,"sizes":[]},"background_color_b":"#D9CDBF","background_size":"initial","background_bg_width":{"unit":"%","size":79,"sizes":[]},"_title":"Testimonial","shape_divider_top":"pyramids","shape_divider_top_width":{"unit":"%","size":166,"sizes":[]},"shape_divider_top_height":{"unit":"px","size":140,"sizes":[]}},"elements":[{"id":"43467a6d","settings":{"flex_direction":"row","flex_gap":{"unit":"px","size":0,"column":"0","row":"0","isLinked":true},"content_width":"full","min_height":{"unit":"vh","size":72,"sizes":[]},"min_height_tablet":{"unit":"vh","size":"","sizes":[]},"min_height_mobile":{"unit":"vh","size":"","sizes":[]},"padding":{"unit":"%","top":"5","right":"5","bottom":"5","left":"5","isLinked":true},"padding_tablet":{"unit":"%","top":"","right":"","bottom":"","left":"","isLinked":true},"padding_mobile":{"unit":"%","top":"","right":"","bottom":"","left":"","isLinked":true},"flex_direction_tablet":"column"},"elements":[{"id":"655ba8fa","settings":{"flex_direction":"column","content_width":"full","width":{"unit":"%","size":"50"},"background_background":"classic","background_image":{"url":"https:\/\/limitless.dev.ananass.fr\/wp-content\/uploads\/2023\/05\/pexels-allan-mas-5383785-scaled.jpg","id":1839,"size":"","alt":"","source":"library"},"background_position":"center center","background_repeat":"no-repeat","background_size":"cover","padding":{"unit":"%","top":"5","right":"5","bottom":"5","left":"5","isLinked":false},"padding_tablet":{"unit":"%","top":"","right":"","bottom":"","left":"","isLinked":true},"padding_mobile":{"unit":"%","top":"","right":"","bottom":"","left":"","isLinked":true},"flex_justify_content":"flex-end","width_tablet":{"unit":"%","size":100,"sizes":[]},"width_mobile":{"unit":"%","size":"","sizes":[]},"flex_align_items":"center","background_overlay_image":{"url":"","id":"","size":"","alt":"","source":"library"},"background_overlay_position":"initial","background_overlay_xpos":{"unit":"px","size":248,"sizes":[]},"background_overlay_ypos":{"unit":"px","size":218,"sizes":[]},"background_overlay_repeat":"no-repeat","background_overlay_size":"initial","background_overlay_bg_width":{"unit":"%","size":46,"sizes":[]},"background_overlay_opacity":{"unit":"px","size":1,"sizes":[]},"animation":"fadeIn","animation_delay":300,"border_border":"solid","__globals__":{"border_color":"globals\/colors?id=secondary","background_overlay_color":"","background_overlay_color_b":"globals\/colors?id=text"},"min_height_tablet":{"unit":"vh","size":50,"sizes":[]},"min_height_mobile":{"unit":"vh","size":40,"sizes":[]},"background_image_tablet":{"url":"https:\/\/limitless.dev.ananass.fr\/wp-content\/uploads\/2023\/05\/pexels-pavel-danilyuk-7591312.jpg","id":1837,"size":"","alt":"","source":"library"},"background_overlay_color":"#29292900","background_overlay_color_b":"#292929","background_overlay_gradient_angle":{"unit":"deg","size":-90,"sizes":[]},"border_color":"#D9CDBF","box_shadow_box_shadow_type":"yes","box_shadow_box_shadow":{"horizontal":0,"vertical":0,"blur":40,"spread":0,"color":"rgba(0, 0, 0, 0.24)"},"margin":{"unit":"%","top":"0","right":"0","bottom":"0","left":"0","isLinked":false},"margin_tablet":{"unit":"%","top":"","right":"","bottom":"","left":"","isLinked":true},"margin_mobile":{"unit":"%","top":"","right":"","bottom":"","left":"","isLinked":true},"border_width":{"unit":"px","top":"1","right":"1","bottom":"1","left":"1","isLinked":true},"border_radius":{"unit":"px","top":"10","right":"10","bottom":"10","left":"10","isLinked":true}},"elements":[{"id":"67f07b4e","settings":{"title":"Fitness","typography_typography":"custom","typography_font_family":"Josefin Sans","typography_font_weight":"900","__globals__":{"title_color":"globals\/colors?id=primary","typography_typography":""},"typography_font_size":{"unit":"rem","size":6,"sizes":[]},"typography_text_transform":"uppercase","typography_font_size_mobile":{"unit":"rem","size":4.5,"sizes":[]},"header_size":"span","_padding":{"unit":"px","top":"0","right":"0","bottom":"0","left":"0","isLinked":false},"_position":"absolute","_offset_x":{"size":-189,"unit":"px"},"_offset_y":{"size":221,"unit":"px"},"_animation":"fadeInLeft","_transform_rotate_popover":"transform","_transform_rotateZ_effect":{"unit":"px","size":-90,"sizes":[]},"align":"left","typography_line_height":{"unit":"em","size":"","sizes":[]},"typography_word_spacing":{"unit":"em","size":"","sizes":[]},"text_shadow_text_shadow_type":"yes","text_shadow_text_shadow":{"horizontal":0,"vertical":0,"blur":40,"color":"rgba(255, 93.00000000000001, 0, 0.21176470588235294)"},"_margin":{"unit":"px","top":"0","right":"0","bottom":"0","left":"0","isLinked":false},"_z_index":2,"_animation_delay":650,"_offset_y_tablet":{"unit":"px","size":153,"sizes":[]},"_offset_x_mobile":{"size":-130,"unit":"px"},"_offset_y_mobile":{"size":135,"unit":"px"},"hide_tablet":"hidden-tablet","hide_mobile":"hidden-mobile"},"elements":[],"isInner":false,"widgetType":"heading","elType":"widget"}],"isInner":true,"elType":"container"},{"id":"6a503082","settings":{"flex_direction":"column","content_width":"full","width":{"unit":"%","size":"50"},"padding":{"unit":"%","top":"5","right":"5","bottom":"5","left":"5","isLinked":true},"padding_tablet":{"unit":"%","top":"","right":"","bottom":"","left":"","isLinked":true},"padding_mobile":{"unit":"%","top":"","right":"","bottom":"","left":"","isLinked":true},"flex_justify_content":"center","flex_align_items":"flex-start","width_tablet":{"unit":"%","size":100,"sizes":[]},"width_mobile":{"unit":"%","size":"","sizes":[]},"animation":"fadeInUp"},"elements":[{"id":"21d2505c","settings":{"icon_list":[{"text":"Climber's","_id":"742592c","selected_icon":{"value":"fas fa-circle","library":"fa-solid"}}],"__globals__":{"text_color":"globals\/colors?id=primary","icon_color":"globals\/colors?id=accent","icon_typography_typography":"globals\/typography?id=6be452f"},"view":"inline","link_click":"inline"},"elements":[],"isInner":false,"widgetType":"icon-list","elType":"widget"},{"id":"3ecc94c2","settings":{"title":"Conditioning","typography_typography":"custom","typography_font_family":"Josefin Sans","typography_font_weight":"bold","__globals__":{"title_color":"globals\/colors?id=9b0591c","typography_typography":""},"typography_font_size":{"unit":"rem","size":3.2,"sizes":[]},"typography_text_transform":"uppercase","typography_font_size_mobile":{"unit":"rem","size":1.5,"sizes":[]},"header_size":"h3"},"elements":[],"isInner":false,"widgetType":"heading","elType":"widget"},{"id":"3d656311","settings":{"title":"Climber's Conditioning","header_size":"h4","__globals__":{"typography_typography":"globals\/typography?id=accent","title_color":"globals\/colors?id=9b0591c"},"title_color":"#00327F"},"elements":[],"isInner":false,"widgetType":"heading","elType":"widget"},{"id":"66fa5f15","settings":{"__globals__":{"text_color":"globals\/colors?id=9b0591c"},"editor":"Improve your climbing performance and prevent injuries with our Climber's Conditioning class. Focus on strength, flexibility, and core stability to become a stronger and more resilient climber."},"elements":[],"isInner":false,"widgetType":"text-editor","elType":"widget"},{"id":"7fb6d188","settings":{"text":"Join us today","size":"xl","border_radius":{"unit":"px","top":"50","right":"50","bottom":"50","left":"50","isLinked":true},"__globals__":{"background_color":"","button_text_color":"globals\/colors?id=a2fb886","border_color":"globals\/colors?id=primary","hover_color":"globals\/colors?id=primary","button_background_hover_color":"globals\/colors?id=9b0591c"},"button_box_shadow_box_shadow":{"horizontal":0,"vertical":0,"blur":24,"spread":0,"color":"rgba(255, 8.999999999999996, 8.999999999999996, 0.66)"},"typography_typography":"custom","typography_font_family":"Josefin Sans","typography_font_size":{"unit":"rem","size":1.125,"sizes":[]},"typography_font_weight":"600","typography_text_transform":"uppercase","hover_animation":"bob","border_border":"solid","button_box_shadow_box_shadow_type":"yes","align":"left","_flex_align_self":"flex-start","border_width":{"unit":"px","top":"1","right":"1","bottom":"1","left":"1","isLinked":true}},"elements":[],"isInner":false,"widgetType":"button","elType":"widget"}],"isInner":true,"elType":"container"}],"isInner":true,"elType":"container"}],"isInner":false,"elType":"container"},{"id":"765c0b37","settings":{"content_width":"full","min_height":{"unit":"vh","size":"","sizes":[]},"min_height_tablet":{"unit":"vh","size":"","sizes":[]},"min_height_mobile":{"unit":"vh","size":"","sizes":[]},"flex_direction":"column","flex_justify_content":"center","flex_align_items":"center","background_background":"classic","padding":{"unit":"%","top":"1","right":"5","bottom":"1","left":"5","isLinked":false},"padding_tablet":{"unit":"%","top":"","right":"","bottom":"","left":"","isLinked":true},"padding_mobile":{"unit":"%","top":"","right":"","bottom":"","left":"","isLinked":true},"__globals__":{"background_color":"globals\/colors?id=a2fb886","background_overlay_color_b":"","background_overlay_color":"globals\/colors?id=text"},"background_overlay_color_b":"#FF6F0900","background_overlay_opacity":{"unit":"px","size":0.6,"sizes":[]},"_title":"Classes","background_color":"#FFFFFF","background_overlay_color_b_stop":{"unit":"%","size":55,"sizes":[]},"background_overlay_gradient_type":"radial","background_overlay_gradient_position":"bottom left"},"elements":[{"id":"186cd32c","settings":{"flex_direction":"column","flex_gap":{"unit":"px","size":"","column":"","row":"","isLinked":true},"content_width":"full","min_height":{"unit":"vh","size":"","sizes":[]},"min_height_tablet":{"unit":"vh","size":"","sizes":[]},"min_height_mobile":{"unit":"vh","size":"","sizes":[]},"padding":{"unit":"%","top":"5","right":"0","bottom":"5","left":"0","isLinked":false},"padding_tablet":{"unit":"%","top":"","right":"","bottom":"","left":"","isLinked":true},"padding_mobile":{"unit":"%","top":"","right":"","bottom":"","left":"","isLinked":true},"flex_align_items":"center"},"elements":[{"id":"5d1da452","settings":{"title":"Classes","__globals__":{"typography_typography":"","title_color":"globals\/colors?id=9b0591c"},"title_color":"#1E1E1E","typography_font_family":"Montserrat","typography_font_size":{"unit":"rem","size":1.5,"sizes":[]},"typography_font_weight":"800","typography_text_transform":"uppercase","typography_line_height":{"unit":"rem","size":1.5,"sizes":[]},"typography_typography":"custom","typography_line_height_tablet":{"unit":"rem","size":"","sizes":[]},"typography_line_height_mobile":{"unit":"rem","size":"","sizes":[]},"_background_color_stop_tablet":{"unit":"%","size":"","sizes":[]},"_background_color_stop_mobile":{"unit":"%","size":"","sizes":[]},"_background_color_b_stop_tablet":{"unit":"%","size":"","sizes":[]},"_background_color_b_stop_mobile":{"unit":"%","size":"","sizes":[]},"_background_gradient_angle_tablet":{"unit":"deg","size":"","sizes":[]},"_background_gradient_angle_mobile":{"unit":"deg","size":"","sizes":[]},"_background_gradient_position_tablet":"center center","_background_gradient_position_mobile":"center center","_background_hover_color_stop_tablet":{"unit":"%","size":"","sizes":[]},"_background_hover_color_stop_mobile":{"unit":"%","size":"","sizes":[]},"_background_hover_color_b_stop_tablet":{"unit":"%","size":"","sizes":[]},"_background_hover_color_b_stop_mobile":{"unit":"%","size":"","sizes":[]},"_background_hover_gradient_angle_tablet":{"unit":"deg","size":"","sizes":[]},"_background_hover_gradient_angle_mobile":{"unit":"deg","size":"","sizes":[]},"_background_hover_gradient_position_tablet":"center center","_background_hover_gradient_position_mobile":"center center"},"elements":[],"isInner":false,"widgetType":"heading","elType":"widget"},{"id":"771a73b5","settings":{"title":"Ready to Ascend?","typography_typography":"custom","typography_font_family":"Josefin Sans","typography_font_weight":"bold","__globals__":{"title_color":"globals\/colors?id=accent","typography_typography":""},"title_color":"#FE7C6A","typography_font_size":{"unit":"rem","size":3.2,"sizes":[]},"typography_text_transform":"uppercase","align":"center","typography_font_size_mobile":{"unit":"rem","size":1.5,"sizes":[]},"header_size":"h3","_background_color_stop_tablet":{"unit":"%","size":"","sizes":[]},"_background_color_stop_mobile":{"unit":"%","size":"","sizes":[]},"_background_color_b_stop_tablet":{"unit":"%","size":"","sizes":[]},"_background_color_b_stop_mobile":{"unit":"%","size":"","sizes":[]},"_background_gradient_angle_tablet":{"unit":"deg","size":"","sizes":[]},"_background_gradient_angle_mobile":{"unit":"deg","size":"","sizes":[]},"_background_gradient_position_tablet":"center center","_background_gradient_position_mobile":"center center","_background_hover_color_stop_tablet":{"unit":"%","size":"","sizes":[]},"_background_hover_color_stop_mobile":{"unit":"%","size":"","sizes":[]},"_background_hover_color_b_stop_tablet":{"unit":"%","size":"","sizes":[]},"_background_hover_color_b_stop_mobile":{"unit":"%","size":"","sizes":[]},"_background_hover_gradient_angle_tablet":{"unit":"deg","size":"","sizes":[]},"_background_hover_gradient_angle_mobile":{"unit":"deg","size":"","sizes":[]},"_background_hover_gradient_position_tablet":"center center","_background_hover_gradient_position_mobile":"center center"},"elements":[],"isInner":false,"widgetType":"heading","elType":"widget"},{"id":"fb0298d","settings":{"title":"Discover our site and its various areas","header_size":"h4","__globals__":{"typography_typography":"globals\/typography?id=accent","title_color":"globals\/colors?id=9b0591c"},"title_color":"#00327F","_background_color_stop_tablet":{"unit":"%","size":"","sizes":[]},"_background_color_stop_mobile":{"unit":"%","size":"","sizes":[]},"_background_color_b_stop_tablet":{"unit":"%","size":"","sizes":[]},"_background_color_b_stop_mobile":{"unit":"%","size":"","sizes":[]},"_background_gradient_angle_tablet":{"unit":"deg","size":"","sizes":[]},"_background_gradient_angle_mobile":{"unit":"deg","size":"","sizes":[]},"_background_gradient_position_tablet":"center center","_background_gradient_position_mobile":"center center","_background_hover_color_stop_tablet":{"unit":"%","size":"","sizes":[]},"_background_hover_color_stop_mobile":{"unit":"%","size":"","sizes":[]},"_background_hover_color_b_stop_tablet":{"unit":"%","size":"","sizes":[]},"_background_hover_color_b_stop_mobile":{"unit":"%","size":"","sizes":[]},"_background_hover_gradient_angle_tablet":{"unit":"deg","size":"","sizes":[]},"_background_hover_gradient_angle_mobile":{"unit":"deg","size":"","sizes":[]},"_background_hover_gradient_position_tablet":"center center","_background_hover_gradient_position_mobile":"center center"},"elements":[],"isInner":false,"widgetType":"heading","elType":"widget"},{"id":"334da798","settings":{"template_id":"635","navigation_previous_icon":{"value":"fas fa-arrow-left","library":"fa-solid"},"navigation_next_icon":{"value":"fas fa-arrow-right","library":"fa-solid"},"arrows_position":"outside","__globals__":{"arrow_normal_color":"globals\/colors?id=accent","dots_normal_color":"globals\/colors?id=accent","dots_hover_color":"globals\/colors?id=primary"},"image_spacing_custom":{"unit":"px","size":0,"sizes":[]},"arrows_size":{"unit":"px","size":22,"sizes":[]},"_element_width":"inherit","post_query_include":["terms"],"post_query_include_term_ids":["9"],"slides_to_scroll_tablet":"1","arrows":"","slides_to_show_tablet":"1","dots_position":"inside","_margin":{"unit":"px","top":"0","right":"0","bottom":"0","left":"0","isLinked":true},"_padding":{"unit":"px","top":"0","right":"0","bottom":"0","left":"0","isLinked":true},"_background_color_stop_tablet":{"unit":"%","size":"","sizes":[]},"_background_color_stop_mobile":{"unit":"%","size":"","sizes":[]},"_background_color_b_stop_tablet":{"unit":"%","size":"","sizes":[]},"_background_color_b_stop_mobile":{"unit":"%","size":"","sizes":[]},"_background_gradient_angle_tablet":{"unit":"deg","size":"","sizes":[]},"_background_gradient_angle_mobile":{"unit":"deg","size":"","sizes":[]},"_background_gradient_position_tablet":"center center","_background_gradient_position_mobile":"center center","_background_hover_color_stop_tablet":{"unit":"%","size":"","sizes":[]},"_background_hover_color_stop_mobile":{"unit":"%","size":"","sizes":[]},"_background_hover_color_b_stop_tablet":{"unit":"%","size":"","sizes":[]},"_background_hover_color_b_stop_mobile":{"unit":"%","size":"","sizes":[]},"_background_hover_gradient_angle_tablet":{"unit":"deg","size":"","sizes":[]},"_background_hover_gradient_angle_mobile":{"unit":"deg","size":"","sizes":[]},"_background_hover_gradient_position_tablet":"center center","_background_hover_gradient_position_mobile":"center center"},"elements":[],"isInner":false,"widgetType":"loop-carousel","elType":"widget"}],"isInner":true,"elType":"container"}],"isInner":false,"elType":"container"}],"settings":{"template":"elementor_header_footer","custom_css":"body{\r\n    overflow-x: hidden;\r\n}\r\n\r\n@media(min-width:1025px){\r\n    .scroll-headline, .scroll-des, .scroll-button{\r\n    opacity: 0;\r\n}\r\n}\r\n\r\n.overlay-zoom{\r\n    position: absolute;\r\n    top: 0;\r\n    left: 0;\r\n    width: 100%;\r\n}"},"metadata":[]}